{"type":"FeatureCollection","features":[{"type":"Feature","geometry":{"type":"Point","coordinates":[27.856706,43.227261]},"properties":{"name":"Бизнес Парк / Пристигащи","band":0,"modes":"bus","arr":["1","7","118"],"off":[0,-0.8]}},{"type":"Feature","geometry":{"type":"Point","coordinates":[27.856706,43.227261]},"properties":{"name":"Бизнес Парк","band":0,"modes":"bus","arr":["1","7","118"],"off":[0,-3]}},{"type":"Feature","geometry":{"type":"Point","coordinates":[27.856706,43.227261]},"properties":{"line":"1","mode":"bus","color":"#0059a9","colorDark":"#00294f","band":0,"off":[-3.4,1.1]}},{"type":"Feature","geometry":{"type":"Point","coordinates":[27.856706,43.227261]},"properties":{"line":"7","mode":"bus","color":"#0059a9","colorDark":"#00294f","band":0,"off":[0,1.1]}},{"type":"Feature","geometry":{"type":"Point","coordinates":[27.856706,43.227261]},"properties":{"line":"118","mode":"bus","color":"#0059a9","colorDark":"#00294f","band":0,"off":[3.4,1.1]}},{"type":"Feature","geometry":{"type":"Point","coordinates":[27.85583,43.216232]},"properties":{"name":"ЗПЗ / Пристигащи","band":0,"modes":"bus","arr":["7"],"off":[0,-0.8]}},{"type":"Feature","geometry":{"type":"Point","coordinates":[27.85583,43.216232]},"properties":{"name":"ЗПЗ","band":0,"modes":"bus","arr":["7"],"off":[0,-1.9]}},{"type":"Feature","geometry":{"type":"Point","coordinates":[27.85583,43.216232]},"properties":{"line":"7","mode":"bus","color":"#0059a9","colorDark":"#00294f","band":0,"off":[0,1.1]}},{"type":"Feature","geometry":{"type":"Point","coordinates":[27.90723,43.199645]},"properties":{"name":"Обръщач 1","band":0,"modes":"bus","arr":["1","7","9","10","13","17","18","20","22","23","29","31","31A","36","37","41","46 Б","55","82","109"],"off":[0,-0.8],"sc":0.86}},{"type":"Feature","geometry":{"type":"Point","coordinates":[27.90723,43.199645]},"properties":{"name":"ЖП. гара ПЛ. Славейков","band":0,"modes":"bus","arr":["1","7","9","10","13","17","18","20","22","23","29","31","31A","36","37","41","46 Б","55","82","109"],"off":[0,-1.9],"sc":0.86}},{"type":"Feature","geometry":{"type":"Point","coordinates":[27.90723,43.199645]},"properties":{"line":"1","mode":"bus","color":"#0059a9","colorDark":"#00294f","band":0,"sc":0.86,"off":[-6.8,1.1]}},{"type":"Feature","geometry":{"type":"Point","coordinates":[27.90723,43.199645]},"properties":{"line":"7","mode":"bus","color":"#0059a9","colorDark":"#00294f","band":0,"sc":0.86,"off":[-3.4,1.1]}},{"type":"Feature","geometry":{"type":"Point","coordinates":[27.90723,43.199645]},"properties":{"line":"9","mode":"bus","color":"#0059a9","colorDark":"#00294f","band":0,"sc":0.86,"off":[0,1.1]}},{"type":"Feature","geometry":{"type":"Point","coordinates":[27.90723,43.199645]},"properties":{"line":"10","mode":"bus","color":"#0059a9","colorDark":"#00294f","band":0,"sc":0.86,"off":[3.4,1.1]}},{"type":"Feature","geometry":{"type":"Point","coordinates":[27.90723,43.199645]},"properties":{"line":"13","mode":"bus","color":"#0059a9","colorDark":"#00294f","band":0,"sc":0.86,"off":[6.8,1.1]}},{"type":"Feature","geometry":{"type":"Point","coordinates":[27.90723,43.199645]},"properties":{"line":"17","mode":"bus","color":"#0059a9","colorDark":"#00294f","band":0,"sc":0.86,"off":[-6.8,3.1]}},{"type":"Feature","geometry":{"type":"Point","coordinates":[27.90723,43.199645]},"properties":{"line":"18","mode":"bus","color":"#0059a9","colorDark":"#00294f","band":0,"sc":0.86,"off":[-3.4,3.1]}},{"type":"Feature","geometry":{"type":"Point","coordinates":[27.90723,43.199645]},"properties":{"line":"20","mode":"bus","color":"#0059a9","colorDark":"#00294f","band":0,"sc":0.86,"off":[0,3.1]}},{"type":"Feature","geometry":{"type":"Point","coordinates":[27.90723,43.199645]},"properties":{"line":"22","mode":"bus","color":"#0059a9","colorDark":"#00294f","band":0,"sc":0.86,"off":[3.4,3.1]}},{"type":"Feature","geometry":{"type":"Point","coordinates":[27.90723,43.199645]},"properties":{"line":"23","mode":"bus","color":"#0059a9","colorDark":"#00294f","band":0,"sc":0.86,"off":[6.8,3.1]}},{"type":"Feature","geometry":{"type":"Point","coordinates":[27.90723,43.199645]},"properties":{"line":"29","mode":"bus","color":"#0059a9","colorDark":"#00294f","band":0,"sc":0.86,"off":[-6.8,5.1]}},{"type":"Feature","geometry":{"type":"Point","coordinates":[27.90723,43.199645]},"properties":{"line":"31","mode":"bus","color":"#0059a9","colorDark":"#00294f","band":0,"sc":0.86,"off":[-3.4,5.1]}},{"type":"Feature","geometry":{"type":"Point","coordinates":[27.90723,43.199645]},"properties":{"line":"31A","mode":"bus","color":"#0059a9","colorDark":"#00294f","band":0,"sc":0.86,"off":[0,5.1]}},{"type":"Feature","geometry":{"type":"Point","coordinates":[27.90723,43.199645]},"properties":{"line":"36","mode":"bus","color":"#0059a9","colorDark":"#00294f","band":0,"sc":0.86,"off":[3.4,5.1]}},{"type":"Feature","geometry":{"type":"Point","coordinates":[27.90723,43.199645]},"properties":{"line":"37","mode":"bus","color":"#0059a9","colorDark":"#00294f","band":0,"sc":0.86,"off":[6.8,5.1]}},{"type":"Feature","geometry":{"type":"Point","coordinates":[27.90723,43.199645]},"properties":{"line":"41","mode":"bus","color":"#0059a9","colorDark":"#00294f","band":0,"sc":0.86,"off":[-6.8,7.1]}},{"type":"Feature","geometry":{"type":"Point","coordinates":[27.90723,43.199645]},"properties":{"line":"46 Б","mode":"bus","color":"#0059a9","colorDark":"#00294f","band":0,"sc":0.86,"off":[-3.4,7.1]}},{"type":"Feature","geometry":{"type":"Point","coordinates":[27.90723,43.199645]},"properties":{"line":"55","mode":"bus","color":"#0059a9","colorDark":"#00294f","band":0,"sc":0.86,"off":[0,7.1]}},{"type":"Feature","geometry":{"type":"Point","coordinates":[27.90723,43.199645]},"properties":{"line":"82","mode":"bus","color":"#149a3f","colorDark":"#0a5121","band":0,"sc":0.86,"off":[3.4,7.1]}},{"type":"Feature","geometry":{"type":"Point","coordinates":[27.90723,43.199645]},"properties":{"line":"109","mode":"bus","color":"#0059a9","colorDark":"#00294f","band":0,"sc":0.86,"off":[6.8,7.1]}},{"type":"Feature","geometry":{"type":"Point","coordinates":[27.873431,43.221373]},"properties":{"name":"Обръщач 39 / Пристигащи","band":0,"modes":"bus","arr":["7","39"],"off":[0,-0.8]}},{"type":"Feature","geometry":{"type":"Point","coordinates":[27.873431,43.221373]},"properties":{"name":"Елпром-3","band":0,"modes":"bus","arr":["7","39"],"off":[0,-3]}},{"type":"Feature","geometry":{"type":"Point","coordinates":[27.873431,43.221373]},"properties":{"name":"Елпром - 4 / Пристигащи","band":0,"modes":"bus","arr":["7","39"],"off":[0,-4.1]}},{"type":"Feature","geometry":{"type":"Point","coordinates":[27.873431,43.221373]},"properties":{"line":"7","mode":"bus","color":"#0059a9","colorDark":"#00294f","band":0,"off":[-1.7,1.1]}},{"type":"Feature","geometry":{"type":"Point","coordinates":[27.873431,43.221373]},"properties":{"line":"39","mode":"bus","color":"#0059a9","colorDark":"#00294f","band":0,"off":[1.7,1.1]}},{"type":"Feature","geometry":{"type":"Point","coordinates":[27.873941,43.211603]},"properties":{"name":"Топливо ВХ. 2","band":0,"modes":"bus","arr":["7"],"off":[0,-0.8]}},{"type":"Feature","geometry":{"type":"Point","coordinates":[27.873941,43.211603]},"properties":{"name":"Топливо / Пристигащи","band":0,"modes":"bus","arr":["7"],"off":[0,-1.9]}},{"type":"Feature","geometry":{"type":"Point","coordinates":[27.873941,43.211603]},"properties":{"line":"7","mode":"bus","color":"#0059a9","colorDark":"#00294f","band":0,"off":[0,1.1]}},{"type":"Feature","geometry":{"type":"Point","coordinates":[28.039647,43.274679]},"properties":{"name":"Република / Златни Пясъци","band":0,"modes":"bus","arr":["9","409"],"off":[0,-0.8]}},{"type":"Feature","geometry":{"type":"Point","coordinates":[28.039647,43.274679]},"properties":{"name":"Република","band":0,"modes":"bus","arr":["9","409"],"off":[0,-3]}},{"type":"Feature","geometry":{"type":"Point","coordinates":[28.039647,43.274679]},"properties":{"line":"9","mode":"bus","color":"#0059a9","colorDark":"#00294f","band":0,"off":[-1.7,1.1]}},{"type":"Feature","geometry":{"type":"Point","coordinates":[28.039647,43.274679]},"properties":{"line":"409","mode":"bus","color":"#0059a9","colorDark":"#00294f","band":0,"off":[1.7,1.1]}},{"type":"Feature","geometry":{"type":"Point","coordinates":[27.916685,43.225961]},"properties":{"name":"Хаджи Димитър / Пристигащи","band":0,"modes":"bus","arr":["10","13"],"off":[0,-0.8]}},{"type":"Feature","geometry":{"type":"Point","coordinates":[27.916685,43.225961]},"properties":{"name":"Хаджи Димитър","band":0,"modes":"bus","arr":["10","13"],"off":[0,-3]}},{"type":"Feature","geometry":{"type":"Point","coordinates":[27.916685,43.225961]},"properties":{"name":"БЛ. 22","band":0,"modes":"bus","arr":["10","13"],"off":[0,-4.1]}},{"type":"Feature","geometry":{"type":"Point","coordinates":[27.916685,43.225961]},"properties":{"line":"10","mode":"bus","color":"#0059a9","colorDark":"#00294f","band":0,"off":[-1.7,1.1]}},{"type":"Feature","geometry":{"type":"Point","coordinates":[27.916685,43.225961]},"properties":{"line":"13","mode":"bus","color":"#0059a9","colorDark":"#00294f","band":0,"off":[1.7,1.1]}},{"type":"Feature","geometry":{"type":"Point","coordinates":[27.892835,43.188299]},"properties":{"name":"Крз","band":0,"modes":"bus","arr":["10","13","122"],"off":[0,-0.8]}},{"type":"Feature","geometry":{"type":"Point","coordinates":[27.892835,43.188299]},"properties":{"line":"10","mode":"bus","color":"#0059a9","colorDark":"#00294f","band":0,"off":[-3.4,1.1]}},{"type":"Feature","geometry":{"type":"Point","coordinates":[27.892835,43.188299]},"properties":{"line":"13","mode":"bus","color":"#0059a9","colorDark":"#00294f","band":0,"off":[0,1.1]}},{"type":"Feature","geometry":{"type":"Point","coordinates":[27.892835,43.188299]},"properties":{"line":"122","mode":"bus","color":"#0059a9","colorDark":"#00294f","band":0,"off":[3.4,1.1]}},{"type":"Feature","geometry":{"type":"Point","coordinates":[27.887459,43.174673]},"properties":{"name":"Зора Пристигащи","band":0,"modes":"bus","arr":["12"],"off":[0,-0.8]}},{"type":"Feature","geometry":{"type":"Point","coordinates":[27.887459,43.174673]},"properties":{"name":"Зора","band":0,"modes":"bus","arr":["12"],"off":[0,-1.9]}},{"type":"Feature","geometry":{"type":"Point","coordinates":[27.887459,43.174673]},"properties":{"line":"12","mode":"bus","color":"#0059a9","colorDark":"#00294f","band":0,"off":[0,1.1]}},{"type":"Feature","geometry":{"type":"Point","coordinates":[27.94196,43.223915]},"properties":{"name":"Бриз / Пристигащи","band":0,"modes":"bus","arr":["12"],"off":[0,-0.8]}},{"type":"Feature","geometry":{"type":"Point","coordinates":[27.94196,43.223915]},"properties":{"name":"Бриз","band":0,"modes":"bus","arr":["12"],"off":[0,-1.9]}},{"type":"Feature","geometry":{"type":"Point","coordinates":[27.94196,43.223915]},"properties":{"line":"12","mode":"bus","color":"#0059a9","colorDark":"#00294f","band":0,"off":[0,1.1]}},{"type":"Feature","geometry":{"type":"Point","coordinates":[27.923409,43.22698]},"properties":{"name":"БЛ. 22 - Пристигащи","band":0,"modes":"bus","arr":["13"],"off":[0,-0.8]}},{"type":"Feature","geometry":{"type":"Point","coordinates":[27.923409,43.22698]},"properties":{"line":"13","mode":"bus","color":"#0059a9","colorDark":"#00294f","band":0,"off":[0,1.1]}},{"type":"Feature","geometry":{"type":"Point","coordinates":[27.850747,43.251549]},"properties":{"name":"Владиславово БЛ 407 / обръщач","band":0,"modes":"bus","arr":["14","20","22","41","82","83","88","122","148","209","209 Б"],"off":[0,-0.8]}},{"type":"Feature","geometry":{"type":"Point","coordinates":[27.850747,43.251549]},"properties":{"name":"БЛ. 407 Владиславово / Пристигащи","band":0,"modes":"bus","arr":["14","20","22","41","82","83","88","122","148","209","209 Б"],"off":[0,-3]}},{"type":"Feature","geometry":{"type":"Point","coordinates":[27.850747,43.251549]},"properties":{"line":"14","mode":"bus","color":"#0059a9","colorDark":"#00294f","band":0,"off":[-6.8,1.1]}},{"type":"Feature","geometry":{"type":"Point","coordinates":[27.850747,43.251549]},"properties":{"line":"20","mode":"bus","color":"#0059a9","colorDark":"#00294f","band":0,"off":[-3.4,1.1]}},{"type":"Feature","geometry":{"type":"Point","coordinates":[27.850747,43.251549]},"properties":{"line":"22","mode":"bus","color":"#0059a9","colorDark":"#00294f","band":0,"off":[0,1.1]}},{"type":"Feature","geometry":{"type":"Point","coordinates":[27.850747,43.251549]},"properties":{"line":"41","mode":"bus","color":"#0059a9","colorDark":"#00294f","band":0,"off":[3.4,1.1]}},{"type":"Feature","geometry":{"type":"Point","coordinates":[27.850747,43.251549]},"properties":{"line":"82","mode":"bus","color":"#149a3f","colorDark":"#0a5121","band":0,"off":[6.8,1.1]}},{"type":"Feature","geometry":{"type":"Point","coordinates":[27.850747,43.251549]},"properties":{"line":"83","mode":"bus","color":"#149a3f","colorDark":"#0a5121","band":0,"off":[-6.8,3.1]}},{"type":"Feature","geometry":{"type":"Point","coordinates":[27.850747,43.251549]},"properties":{"line":"88","mode":"bus","color":"#149a3f","colorDark":"#0a5121","band":0,"off":[-3.4,3.1]}},{"type":"Feature","geometry":{"type":"Point","coordinates":[27.850747,43.251549]},"properties":{"line":"122","mode":"bus","color":"#0059a9","colorDark":"#00294f","band":0,"off":[0,3.1]}},{"type":"Feature","geometry":{"type":"Point","coordinates":[27.850747,43.251549]},"properties":{"line":"148","mode":"bus","color":"#0059a9","colorDark":"#00294f","band":0,"off":[3.4,3.1]}},{"type":"Feature","geometry":{"type":"Point","coordinates":[27.850747,43.251549]},"properties":{"line":"209","mode":"bus","color":"#0059a9","colorDark":"#00294f","band":0,"off":[6.8,3.1]}},{"type":"Feature","geometry":{"type":"Point","coordinates":[27.850747,43.251549]},"properties":{"line":"209 Б","mode":"bus","color":"#0059a9","colorDark":"#00294f","band":0,"off":[0,5.1]}},{"type":"Feature","geometry":{"type":"Point","coordinates":[27.956792,43.218519]},"properties":{"name":"Почивка / обръщач","band":0,"modes":"bus","arr":["14","17","30","39","118","148","209"],"off":[0,-0.8]}},{"type":"Feature","geometry":{"type":"Point","coordinates":[27.956792,43.218519]},"properties":{"name":"Почивка / Заминаващи","band":0,"modes":"bus","arr":["14","17","30","39","118","148","209"],"off":[0,-1.9]}},{"type":"Feature","geometry":{"type":"Point","coordinates":[27.956792,43.218519]},"properties":{"line":"14","mode":"bus","color":"#0059a9","colorDark":"#00294f","band":0,"off":[-6.8,1.1]}},{"type":"Feature","geometry":{"type":"Point","coordinates":[27.956792,43.218519]},"properties":{"line":"17","mode":"bus","color":"#0059a9","colorDark":"#00294f","band":0,"off":[-3.4,1.1]}},{"type":"Feature","geometry":{"type":"Point","coordinates":[27.956792,43.218519]},"properties":{"line":"30","mode":"bus","color":"#0059a9","colorDark":"#00294f","band":0,"off":[0,1.1]}},{"type":"Feature","geometry":{"type":"Point","coordinates":[27.956792,43.218519]},"properties":{"line":"39","mode":"bus","color":"#0059a9","colorDark":"#00294f","band":0,"off":[3.4,1.1]}},{"type":"Feature","geometry":{"type":"Point","coordinates":[27.956792,43.218519]},"properties":{"line":"118","mode":"bus","color":"#0059a9","colorDark":"#00294f","band":0,"off":[6.8,1.1]}},{"type":"Feature","geometry":{"type":"Point","coordinates":[27.956792,43.218519]},"properties":{"line":"148","mode":"bus","color":"#0059a9","colorDark":"#00294f","band":0,"off":[-1.7,3.1]}},{"type":"Feature","geometry":{"type":"Point","coordinates":[27.956792,43.218519]},"properties":{"line":"209","mode":"bus","color":"#0059a9","colorDark":"#00294f","band":0,"off":[1.7,3.1]}},{"type":"Feature","geometry":{"type":"Point","coordinates":[27.885567,43.151536]},"properties":{"name":"Малък обръщач Боровец","band":0,"modes":"bus","arr":["17"],"off":[0,-0.8]}},{"type":"Feature","geometry":{"type":"Point","coordinates":[27.885567,43.151536]},"properties":{"line":"17","mode":"bus","color":"#0059a9","colorDark":"#00294f","band":0,"off":[0,1.1]}},{"type":"Feature","geometry":{"type":"Point","coordinates":[27.91349,43.15412]},"properties":{"name":"Обръщач Боровец за Галата / Голям","band":0,"modes":"bus","arr":["46 Б"],"off":[0,-0.8]}},{"type":"Feature","geometry":{"type":"Point","coordinates":[27.91349,43.15412]},"properties":{"line":"46 Б","mode":"bus","color":"#0059a9","colorDark":"#00294f","band":0,"off":[0,1.1]}},{"type":"Feature","geometry":{"type":"Point","coordinates":[27.931003,43.161298]},"properties":{"name":"Галата обръщач","band":0,"modes":"bus","arr":["17","46 Б"],"off":[0,-0.8]}},{"type":"Feature","geometry":{"type":"Point","coordinates":[27.931003,43.161298]},"properties":{"line":"17","mode":"bus","color":"#0059a9","colorDark":"#00294f","band":0,"off":[-1.7,1.1]}},{"type":"Feature","geometry":{"type":"Point","coordinates":[27.931003,43.161298]},"properties":{"line":"46 Б","mode":"bus","color":"#0059a9","colorDark":"#00294f","band":0,"off":[1.7,1.1]}},{"type":"Feature","geometry":{"type":"Point","coordinates":[27.920048,43.129536]},"properties":{"name":"Обръщач Черноморец Пристигащи","band":0,"modes":"bus","arr":["17"],"off":[0,-0.8]}},{"type":"Feature","geometry":{"type":"Point","coordinates":[27.920048,43.129536]},"properties":{"name":"Обръщач Черноморец","band":0,"modes":"bus","arr":["17"],"off":[0,-3]}},{"type":"Feature","geometry":{"type":"Point","coordinates":[27.920048,43.129536]},"properties":{"line":"17","mode":"bus","color":"#0059a9","colorDark":"#00294f","band":0,"off":[0,1.1]}},{"type":"Feature","geometry":{"type":"Point","coordinates":[27.806514,43.22442]},"properties":{"name":"Гробище","band":0,"modes":"bus","arr":["118"],"off":[0,-0.8]}},{"type":"Feature","geometry":{"type":"Point","coordinates":[27.806514,43.22442]},"properties":{"line":"118","mode":"bus","color":"#0059a9","colorDark":"#00294f","band":0,"off":[0,1.1]}},{"type":"Feature","geometry":{"type":"Point","coordinates":[27.819324,43.212194]},"properties":{"name":"Обръщач Тополи / Пристигащи","band":0,"modes":"bus","arr":["18","118"],"off":[0,-0.8]}},{"type":"Feature","geometry":{"type":"Point","coordinates":[27.819324,43.212194]},"properties":{"name":"Обръщач / Тополи","band":0,"modes":"bus","arr":["18","118"],"off":[0,-3]}},{"type":"Feature","geometry":{"type":"Point","coordinates":[27.819324,43.212194]},"properties":{"line":"18","mode":"bus","color":"#0059a9","colorDark":"#00294f","band":0,"off":[-1.7,1.1]}},{"type":"Feature","geometry":{"type":"Point","coordinates":[27.819324,43.212194]},"properties":{"line":"118","mode":"bus","color":"#0059a9","colorDark":"#00294f","band":0,"off":[1.7,1.1]}},{"type":"Feature","geometry":{"type":"Point","coordinates":[27.819153,43.199118]},"properties":{"name":"С. Казашко / Пристигащи","band":0,"modes":"bus","arr":["18","118"],"off":[0,-0.8]}},{"type":"Feature","geometry":{"type":"Point","coordinates":[27.819153,43.199118]},"properties":{"name":"С. Казашко","band":0,"modes":"bus","arr":["18","118"],"off":[0,-3]}},{"type":"Feature","geometry":{"type":"Point","coordinates":[27.819153,43.199118]},"properties":{"line":"18","mode":"bus","color":"#0059a9","colorDark":"#00294f","band":0,"off":[-1.7,1.1]}},{"type":"Feature","geometry":{"type":"Point","coordinates":[27.819153,43.199118]},"properties":{"line":"118","mode":"bus","color":"#0059a9","colorDark":"#00294f","band":0,"off":[1.7,1.1]}},{"type":"Feature","geometry":{"type":"Point","coordinates":[27.913658,43.245127]},"properties":{"name":"Блоковете Каменар","band":0,"modes":"bus","arr":["23"],"off":[0,-0.8]}},{"type":"Feature","geometry":{"type":"Point","coordinates":[27.913658,43.245127]},"properties":{"name":"Блоковете / Каменар Пристигащи","band":0,"modes":"bus","arr":["23"],"off":[0,-1.9]}},{"type":"Feature","geometry":{"type":"Point","coordinates":[27.913658,43.245127]},"properties":{"line":"23","mode":"bus","color":"#0059a9","colorDark":"#00294f","band":0,"off":[0,1.1]}},{"type":"Feature","geometry":{"type":"Point","coordinates":[28.017668,43.277389]},"properties":{"name":"Аладжа манастир / Пристигащи","band":0,"modes":"bus","arr":["29"],"off":[0,-0.8]}},{"type":"Feature","geometry":{"type":"Point","coordinates":[28.017668,43.277389]},"properties":{"name":"Аладжа манастир","band":0,"modes":"bus","arr":["29"],"off":[0,-3]}},{"type":"Feature","geometry":{"type":"Point","coordinates":[28.017668,43.277389]},"properties":{"line":"29","mode":"bus","color":"#0059a9","colorDark":"#00294f","band":0,"off":[0,1.1]}},{"type":"Feature","geometry":{"type":"Point","coordinates":[27.987986,43.249818]},"properties":{"name":"ДОМ Майка и Дете","band":0,"modes":"bus","arr":["31","31A"],"off":[0,-0.8]}},{"type":"Feature","geometry":{"type":"Point","coordinates":[27.987986,43.249818]},"properties":{"line":"31","mode":"bus","color":"#0059a9","colorDark":"#00294f","band":0,"off":[-1.7,1.1]}},{"type":"Feature","geometry":{"type":"Point","coordinates":[27.987986,43.249818]},"properties":{"line":"31A","mode":"bus","color":"#0059a9","colorDark":"#00294f","band":0,"off":[1.7,1.1]}},{"type":"Feature","geometry":{"type":"Point","coordinates":[27.964059,43.250919]},"properties":{"name":"Добрева Чешма / Пристигащи","band":0,"modes":"bus","arr":["30"],"off":[0,-0.8]}},{"type":"Feature","geometry":{"type":"Point","coordinates":[27.964059,43.250919]},"properties":{"name":"Добрева Чешма / Заминаващи","band":0,"modes":"bus","arr":["30"],"off":[0,-3]}},{"type":"Feature","geometry":{"type":"Point","coordinates":[27.964059,43.250919]},"properties":{"line":"30","mode":"bus","color":"#0059a9","colorDark":"#00294f","band":0,"off":[0,1.1]}},{"type":"Feature","geometry":{"type":"Point","coordinates":[27.837883,43.1561]},"properties":{"name":"Звездица Център Пристигащи","band":0,"modes":"bus","arr":["36"],"off":[0,-0.8]}},{"type":"Feature","geometry":{"type":"Point","coordinates":[27.837883,43.1561]},"properties":{"name":"Звездица Център / Заминаващи","band":0,"modes":"bus","arr":["36"],"off":[0,-3]}},{"type":"Feature","geometry":{"type":"Point","coordinates":[27.837883,43.1561]},"properties":{"line":"36","mode":"bus","color":"#0059a9","colorDark":"#00294f","band":0,"off":[0,1.1]}},{"type":"Feature","geometry":{"type":"Point","coordinates":[27.782136,43.165783]},"properties":{"name":"Константиново обръщач / Пристигащи","band":0,"modes":"bus","arr":["37"],"off":[0,-0.8]}},{"type":"Feature","geometry":{"type":"Point","coordinates":[27.782136,43.165783]},"properties":{"name":"Константиново обръщач / Заминаващи","band":0,"modes":"bus","arr":["37"],"off":[0,-3]}},{"type":"Feature","geometry":{"type":"Point","coordinates":[27.782136,43.165783]},"properties":{"line":"37","mode":"bus","color":"#0059a9","colorDark":"#00294f","band":0,"off":[0,1.1]}},{"type":"Feature","geometry":{"type":"Point","coordinates":[27.863966,43.21268]},"properties":{"name":"Опсо / Пристигащи","band":0,"modes":"bus","arr":["39"],"off":[0,-0.8]}},{"type":"Feature","geometry":{"type":"Point","coordinates":[27.863966,43.21268]},"properties":{"name":"Опсо","band":0,"modes":"bus","arr":["39"],"off":[0,-1.9]}},{"type":"Feature","geometry":{"type":"Point","coordinates":[27.863966,43.21268]},"properties":{"line":"39","mode":"bus","color":"#0059a9","colorDark":"#00294f","band":0,"off":[0,1.1]}},{"type":"Feature","geometry":{"type":"Point","coordinates":[27.875425,43.218717]},"properties":{"name":"Обръщач 39","band":0,"modes":"bus","arr":["39"],"off":[0,-0.8]}},{"type":"Feature","geometry":{"type":"Point","coordinates":[27.875425,43.218717]},"properties":{"line":"39","mode":"bus","color":"#0059a9","colorDark":"#00294f","band":0,"off":[0,1.1]}},{"type":"Feature","geometry":{"type":"Point","coordinates":[27.843734,43.135133]},"properties":{"name":"Крушките / Пристигащи","band":0,"modes":"bus","arr":["55"],"off":[0,-0.8]}},{"type":"Feature","geometry":{"type":"Point","coordinates":[27.843734,43.135133]},"properties":{"name":"Крушките","band":0,"modes":"bus","arr":["55"],"off":[0,-3]}},{"type":"Feature","geometry":{"type":"Point","coordinates":[27.843734,43.135133]},"properties":{"line":"55","mode":"bus","color":"#0059a9","colorDark":"#00294f","band":0,"off":[0,1.1]}},{"type":"Feature","geometry":{"type":"Point","coordinates":[27.91695,43.198403]},"properties":{"name":"ЖП. гара обръщач Тролеи","band":0,"modes":"bus","arr":["82","83"],"off":[0,-0.8]}},{"type":"Feature","geometry":{"type":"Point","coordinates":[27.91695,43.198403]},"properties":{"line":"82","mode":"bus","color":"#149a3f","colorDark":"#0a5121","band":0,"off":[-1.7,1.1]}},{"type":"Feature","geometry":{"type":"Point","coordinates":[27.91695,43.198403]},"properties":{"line":"83","mode":"bus","color":"#149a3f","colorDark":"#0a5121","band":0,"off":[1.7,1.1]}},{"type":"Feature","geometry":{"type":"Point","coordinates":[27.898484,43.181419]},"properties":{"name":"Обръщач Тролеи Аспарухово","band":0,"modes":"bus","arr":["88"],"off":[0,-0.8]}},{"type":"Feature","geometry":{"type":"Point","coordinates":[27.898484,43.181419]},"properties":{"line":"88","mode":"bus","color":"#149a3f","colorDark":"#0a5121","band":0,"off":[0,1.1]}},{"type":"Feature","geometry":{"type":"Point","coordinates":[28.051056,43.306341]},"properties":{"name":"Панорама / Пристигащи","band":0,"modes":"bus","arr":["109","209 Б"],"off":[0,-0.8]}},{"type":"Feature","geometry":{"type":"Point","coordinates":[28.051056,43.306341]},"properties":{"name":"Панорама / Златни Пясъци","band":0,"modes":"bus","arr":["109","209 Б"],"off":[0,-3]}},{"type":"Feature","geometry":{"type":"Point","coordinates":[28.051056,43.306341]},"properties":{"line":"109","mode":"bus","color":"#0059a9","colorDark":"#00294f","band":0,"off":[-1.7,1.1]}},{"type":"Feature","geometry":{"type":"Point","coordinates":[28.051056,43.306341]},"properties":{"line":"209 Б","mode":"bus","color":"#0059a9","colorDark":"#00294f","band":0,"off":[1.7,1.1]}},{"type":"Feature","geometry":{"type":"Point","coordinates":[27.849132,43.240286]},"properties":{"name":"Обръщач 118 Газстанция","band":0,"modes":"bus","arr":["118"],"off":[0,-0.8]}},{"type":"Feature","geometry":{"type":"Point","coordinates":[27.849132,43.240286]},"properties":{"name":"Обръщач 118 / Газстанция","band":0,"modes":"bus","arr":["118"],"off":[0,-3]}},{"type":"Feature","geometry":{"type":"Point","coordinates":[27.849132,43.240286]},"properties":{"line":"118","mode":"bus","color":"#0059a9","colorDark":"#00294f","band":0,"off":[0,1.1]}},{"type":"Feature","geometry":{"type":"Point","coordinates":[27.81329,43.263113]},"properties":{"name":"Сладкарски ЦЕХ / Пристигащи","band":0,"modes":"bus","arr":["409"],"off":[0,-0.8]}},{"type":"Feature","geometry":{"type":"Point","coordinates":[27.81329,43.263113]},"properties":{"name":"Сладкарски ЦЕХ","band":0,"modes":"bus","arr":["409"],"off":[0,-3]}},{"type":"Feature","geometry":{"type":"Point","coordinates":[27.81329,43.263113]},"properties":{"line":"409","mode":"bus","color":"#0059a9","colorDark":"#00294f","band":0,"off":[0,1.1]}},{"type":"Feature","geometry":{"type":"Point","coordinates":[27.856706,43.227261]},"properties":{"name":"Бизнес Парк / Пристигащи","band":1,"modes":"bus","arr":["1","7","118"],"off":[0,-0.8]}},{"type":"Feature","geometry":{"type":"Point","coordinates":[27.856706,43.227261]},"properties":{"name":"Бизнес Парк","band":1,"modes":"bus","arr":["1","7","118"],"off":[0,-3]}},{"type":"Feature","geometry":{"type":"Point","coordinates":[27.856706,43.227261]},"properties":{"line":"1","mode":"bus","color":"#0059a9","colorDark":"#00294f","band":1,"off":[-3.4,1.1]}},{"type":"Feature","geometry":{"type":"Point","coordinates":[27.856706,43.227261]},"properties":{"line":"7","mode":"bus","color":"#0059a9","colorDark":"#00294f","band":1,"off":[0,1.1]}},{"type":"Feature","geometry":{"type":"Point","coordinates":[27.856706,43.227261]},"properties":{"line":"118","mode":"bus","color":"#0059a9","colorDark":"#00294f","band":1,"off":[3.4,1.1]}},{"type":"Feature","geometry":{"type":"Point","coordinates":[27.85583,43.216232]},"properties":{"name":"ЗПЗ / Пристигащи","band":1,"modes":"bus","arr":["7"],"off":[0,-0.8]}},{"type":"Feature","geometry":{"type":"Point","coordinates":[27.85583,43.216232]},"properties":{"name":"ЗПЗ","band":1,"modes":"bus","arr":["7"],"off":[0,-1.9]}},{"type":"Feature","geometry":{"type":"Point","coordinates":[27.85583,43.216232]},"properties":{"line":"7","mode":"bus","color":"#0059a9","colorDark":"#00294f","band":1,"off":[0,1.1]}},{"type":"Feature","geometry":{"type":"Point","coordinates":[27.906536,43.200549]},"properties":{"name":"Обръщач 1","band":1,"modes":"bus","arr":["1","7","9","10","13","17","18","20","22","23","29","31","31A","36","37","41","46 Б","55","109"],"off":[0,-0.8],"sc":0.87}},{"type":"Feature","geometry":{"type":"Point","coordinates":[27.906536,43.200549]},"properties":{"line":"1","mode":"bus","color":"#0059a9","colorDark":"#00294f","band":1,"sc":0.87,"off":[-6.8,1.1]}},{"type":"Feature","geometry":{"type":"Point","coordinates":[27.906536,43.200549]},"properties":{"line":"7","mode":"bus","color":"#0059a9","colorDark":"#00294f","band":1,"sc":0.87,"off":[-3.4,1.1]}},{"type":"Feature","geometry":{"type":"Point","coordinates":[27.906536,43.200549]},"properties":{"line":"9","mode":"bus","color":"#0059a9","colorDark":"#00294f","band":1,"sc":0.87,"off":[0,1.1]}},{"type":"Feature","geometry":{"type":"Point","coordinates":[27.906536,43.200549]},"properties":{"line":"10","mode":"bus","color":"#0059a9","colorDark":"#00294f","band":1,"sc":0.87,"off":[3.4,1.1]}},{"type":"Feature","geometry":{"type":"Point","coordinates":[27.906536,43.200549]},"properties":{"line":"13","mode":"bus","color":"#0059a9","colorDark":"#00294f","band":1,"sc":0.87,"off":[6.8,1.1]}},{"type":"Feature","geometry":{"type":"Point","coordinates":[27.906536,43.200549]},"properties":{"line":"17","mode":"bus","color":"#0059a9","colorDark":"#00294f","band":1,"sc":0.87,"off":[-6.8,3.1]}},{"type":"Feature","geometry":{"type":"Point","coordinates":[27.906536,43.200549]},"properties":{"line":"18","mode":"bus","color":"#0059a9","colorDark":"#00294f","band":1,"sc":0.87,"off":[-3.4,3.1]}},{"type":"Feature","geometry":{"type":"Point","coordinates":[27.906536,43.200549]},"properties":{"line":"20","mode":"bus","color":"#0059a9","colorDark":"#00294f","band":1,"sc":0.87,"off":[0,3.1]}},{"type":"Feature","geometry":{"type":"Point","coordinates":[27.906536,43.200549]},"properties":{"line":"22","mode":"bus","color":"#0059a9","colorDark":"#00294f","band":1,"sc":0.87,"off":[3.4,3.1]}},{"type":"Feature","geometry":{"type":"Point","coordinates":[27.906536,43.200549]},"properties":{"line":"23","mode":"bus","color":"#0059a9","colorDark":"#00294f","band":1,"sc":0.87,"off":[6.8,3.1]}},{"type":"Feature","geometry":{"type":"Point","coordinates":[27.906536,43.200549]},"properties":{"line":"29","mode":"bus","color":"#0059a9","colorDark":"#00294f","band":1,"sc":0.87,"off":[-6.8,5.1]}},{"type":"Feature","geometry":{"type":"Point","coordinates":[27.906536,43.200549]},"properties":{"line":"31","mode":"bus","color":"#0059a9","colorDark":"#00294f","band":1,"sc":0.87,"off":[-3.4,5.1]}},{"type":"Feature","geometry":{"type":"Point","coordinates":[27.906536,43.200549]},"properties":{"line":"31A","mode":"bus","color":"#0059a9","colorDark":"#00294f","band":1,"sc":0.87,"off":[0,5.1]}},{"type":"Feature","geometry":{"type":"Point","coordinates":[27.906536,43.200549]},"properties":{"line":"36","mode":"bus","color":"#0059a9","colorDark":"#00294f","band":1,"sc":0.87,"off":[3.4,5.1]}},{"type":"Feature","geometry":{"type":"Point","coordinates":[27.906536,43.200549]},"properties":{"line":"37","mode":"bus","color":"#0059a9","colorDark":"#00294f","band":1,"sc":0.87,"off":[6.8,5.1]}},{"type":"Feature","geometry":{"type":"Point","coordinates":[27.906536,43.200549]},"properties":{"line":"41","mode":"bus","color":"#0059a9","colorDark":"#00294f","band":1,"sc":0.87,"off":[-5.1,7.1]}},{"type":"Feature","geometry":{"type":"Point","coordinates":[27.906536,43.200549]},"properties":{"line":"46 Б","mode":"bus","color":"#0059a9","colorDark":"#00294f","band":1,"sc":0.87,"off":[-1.7,7.1]}},{"type":"Feature","geometry":{"type":"Point","coordinates":[27.906536,43.200549]},"properties":{"line":"55","mode":"bus","color":"#0059a9","colorDark":"#00294f","band":1,"sc":0.87,"off":[1.7,7.1]}},{"type":"Feature","geometry":{"type":"Point","coordinates":[27.906536,43.200549]},"properties":{"line":"109","mode":"bus","color":"#0059a9","colorDark":"#00294f","band":1,"sc":0.87,"off":[5.1,7.1]}},{"type":"Feature","geometry":{"type":"Point","coordinates":[27.872346,43.221982]},"properties":{"name":"Елпром-3","band":1,"modes":"bus","arr":["7"],"off":[0,-0.8]}},{"type":"Feature","geometry":{"type":"Point","coordinates":[27.872346,43.221982]},"properties":{"name":"Елпром - 4 / Пристигащи","band":1,"modes":"bus","arr":["7"],"off":[0,-1.9]}},{"type":"Feature","geometry":{"type":"Point","coordinates":[27.872346,43.221982]},"properties":{"line":"7","mode":"bus","color":"#0059a9","colorDark":"#00294f","band":1,"off":[0,1.1]}},{"type":"Feature","geometry":{"type":"Point","coordinates":[27.873941,43.211603]},"properties":{"name":"Топливо ВХ. 2","band":1,"modes":"bus","arr":["7"],"off":[0,-0.8]}},{"type":"Feature","geometry":{"type":"Point","coordinates":[27.873941,43.211603]},"properties":{"name":"Топливо / Пристигащи","band":1,"modes":"bus","arr":["7"],"off":[0,-1.9]}},{"type":"Feature","geometry":{"type":"Point","coordinates":[27.873941,43.211603]},"properties":{"line":"7","mode":"bus","color":"#0059a9","colorDark":"#00294f","band":1,"off":[0,1.1]}},{"type":"Feature","geometry":{"type":"Point","coordinates":[28.039647,43.274679]},"properties":{"name":"Република / Златни Пясъци","band":1,"modes":"bus","arr":["9","409"],"off":[0,-0.8]}},{"type":"Feature","geometry":{"type":"Point","coordinates":[28.039647,43.274679]},"properties":{"name":"Република","band":1,"modes":"bus","arr":["9","409"],"off":[0,-3]}},{"type":"Feature","geometry":{"type":"Point","coordinates":[28.039647,43.274679]},"properties":{"line":"9","mode":"bus","color":"#0059a9","colorDark":"#00294f","band":1,"off":[-1.7,1.1]}},{"type":"Feature","geometry":{"type":"Point","coordinates":[28.039647,43.274679]},"properties":{"line":"409","mode":"bus","color":"#0059a9","colorDark":"#00294f","band":1,"off":[1.7,1.1]}},{"type":"Feature","geometry":{"type":"Point","coordinates":[27.917028,43.225613]},"properties":{"name":"Хаджи Димитър / Пристигащи","band":1,"modes":"bus","arr":["10"],"off":[0,-0.8]}},{"type":"Feature","geometry":{"type":"Point","coordinates":[27.917028,43.225613]},"properties":{"name":"Хаджи Димитър","band":1,"modes":"bus","arr":["10"],"off":[0,-3]}},{"type":"Feature","geometry":{"type":"Point","coordinates":[27.917028,43.225613]},"properties":{"line":"10","mode":"bus","color":"#0059a9","colorDark":"#00294f","band":1,"off":[0,1.1]}},{"type":"Feature","geometry":{"type":"Point","coordinates":[27.892835,43.188299]},"properties":{"name":"Крз","band":1,"modes":"bus","arr":["10","13","122"],"off":[0,-0.8]}},{"type":"Feature","geometry":{"type":"Point","coordinates":[27.892835,43.188299]},"properties":{"line":"10","mode":"bus","color":"#0059a9","colorDark":"#00294f","band":1,"off":[-3.4,1.1]}},{"type":"Feature","geometry":{"type":"Point","coordinates":[27.892835,43.188299]},"properties":{"line":"13","mode":"bus","color":"#0059a9","colorDark":"#00294f","band":1,"off":[0,1.1]}},{"type":"Feature","geometry":{"type":"Point","coordinates":[27.892835,43.188299]},"properties":{"line":"122","mode":"bus","color":"#0059a9","colorDark":"#00294f","band":1,"off":[3.4,1.1]}},{"type":"Feature","geometry":{"type":"Point","coordinates":[27.887459,43.174673]},"properties":{"name":"Зора Пристигащи","band":1,"modes":"bus","arr":["12"],"off":[0,-0.8]}},{"type":"Feature","geometry":{"type":"Point","coordinates":[27.887459,43.174673]},"properties":{"name":"Зора","band":1,"modes":"bus","arr":["12"],"off":[0,-1.9]}},{"type":"Feature","geometry":{"type":"Point","coordinates":[27.887459,43.174673]},"properties":{"line":"12","mode":"bus","color":"#0059a9","colorDark":"#00294f","band":1,"off":[0,1.1]}},{"type":"Feature","geometry":{"type":"Point","coordinates":[27.94196,43.223915]},"properties":{"name":"Бриз / Пристигащи","band":1,"modes":"bus","arr":["12"],"off":[0,-0.8]}},{"type":"Feature","geometry":{"type":"Point","coordinates":[27.94196,43.223915]},"properties":{"name":"Бриз","band":1,"modes":"bus","arr":["12"],"off":[0,-1.9]}},{"type":"Feature","geometry":{"type":"Point","coordinates":[27.94196,43.223915]},"properties":{"line":"12","mode":"bus","color":"#0059a9","colorDark":"#00294f","band":1,"off":[0,1.1]}},{"type":"Feature","geometry":{"type":"Point","coordinates":[27.921445,43.226819]},"properties":{"name":"БЛ. 22 - Пристигащи","band":1,"modes":"bus","arr":["13"],"off":[0,-0.8]}},{"type":"Feature","geometry":{"type":"Point","coordinates":[27.921445,43.226819]},"properties":{"name":"БЛ. 22","band":1,"modes":"bus","arr":["13"],"off":[0,-3]}},{"type":"Feature","geometry":{"type":"Point","coordinates":[27.921445,43.226819]},"properties":{"line":"13","mode":"bus","color":"#0059a9","colorDark":"#00294f","band":1,"off":[0,1.1]}},{"type":"Feature","geometry":{"type":"Point","coordinates":[27.850747,43.251549]},"properties":{"name":"Владиславово БЛ 407 / обръщач","band":1,"modes":"bus","arr":["14","20","22","41","82","83","88","122","148","209","209 Б"],"off":[0,-0.8]}},{"type":"Feature","geometry":{"type":"Point","coordinates":[27.850747,43.251549]},"properties":{"name":"БЛ. 407 Владиславово / Пристигащи","band":1,"modes":"bus","arr":["14","20","22","41","82","83","88","122","148","209","209 Б"],"off":[0,-3]}},{"type":"Feature","geometry":{"type":"Point","coordinates":[27.850747,43.251549]},"properties":{"line":"14","mode":"bus","color":"#0059a9","colorDark":"#00294f","band":1,"off":[-6.8,1.1]}},{"type":"Feature","geometry":{"type":"Point","coordinates":[27.850747,43.251549]},"properties":{"line":"20","mode":"bus","color":"#0059a9","colorDark":"#00294f","band":1,"off":[-3.4,1.1]}},{"type":"Feature","geometry":{"type":"Point","coordinates":[27.850747,43.251549]},"properties":{"line":"22","mode":"bus","color":"#0059a9","colorDark":"#00294f","band":1,"off":[0,1.1]}},{"type":"Feature","geometry":{"type":"Point","coordinates":[27.850747,43.251549]},"properties":{"line":"41","mode":"bus","color":"#0059a9","colorDark":"#00294f","band":1,"off":[3.4,1.1]}},{"type":"Feature","geometry":{"type":"Point","coordinates":[27.850747,43.251549]},"properties":{"line":"82","mode":"bus","color":"#149a3f","colorDark":"#0a5121","band":1,"off":[6.8,1.1]}},{"type":"Feature","geometry":{"type":"Point","coordinates":[27.850747,43.251549]},"properties":{"line":"83","mode":"bus","color":"#149a3f","colorDark":"#0a5121","band":1,"off":[-6.8,3.1]}},{"type":"Feature","geometry":{"type":"Point","coordinates":[27.850747,43.251549]},"properties":{"line":"88","mode":"bus","color":"#149a3f","colorDark":"#0a5121","band":1,"off":[-3.4,3.1]}},{"type":"Feature","geometry":{"type":"Point","coordinates":[27.850747,43.251549]},"properties":{"line":"122","mode":"bus","color":"#0059a9","colorDark":"#00294f","band":1,"off":[0,3.1]}},{"type":"Feature","geometry":{"type":"Point","coordinates":[27.850747,43.251549]},"properties":{"line":"148","mode":"bus","color":"#0059a9","colorDark":"#00294f","band":1,"off":[3.4,3.1]}},{"type":"Feature","geometry":{"type":"Point","coordinates":[27.850747,43.251549]},"properties":{"line":"209","mode":"bus","color":"#0059a9","colorDark":"#00294f","band":1,"off":[6.8,3.1]}},{"type":"Feature","geometry":{"type":"Point","coordinates":[27.850747,43.251549]},"properties":{"line":"209 Б","mode":"bus","color":"#0059a9","colorDark":"#00294f","band":1,"off":[0,5.1]}},{"type":"Feature","geometry":{"type":"Point","coordinates":[27.956792,43.218519]},"properties":{"name":"Почивка / обръщач","band":1,"modes":"bus","arr":["14","17","30","39","118","148","209"],"off":[0,-0.8]}},{"type":"Feature","geometry":{"type":"Point","coordinates":[27.956792,43.218519]},"properties":{"name":"Почивка / Заминаващи","band":1,"modes":"bus","arr":["14","17","30","39","118","148","209"],"off":[0,-1.9]}},{"type":"Feature","geometry":{"type":"Point","coordinates":[27.956792,43.218519]},"properties":{"line":"14","mode":"bus","color":"#0059a9","colorDark":"#00294f","band":1,"off":[-6.8,1.1]}},{"type":"Feature","geometry":{"type":"Point","coordinates":[27.956792,43.218519]},"properties":{"line":"17","mode":"bus","color":"#0059a9","colorDark":"#00294f","band":1,"off":[-3.4,1.1]}},{"type":"Feature","geometry":{"type":"Point","coordinates":[27.956792,43.218519]},"properties":{"line":"30","mode":"bus","color":"#0059a9","colorDark":"#00294f","band":1,"off":[0,1.1]}},{"type":"Feature","geometry":{"type":"Point","coordinates":[27.956792,43.218519]},"properties":{"line":"39","mode":"bus","color":"#0059a9","colorDark":"#00294f","band":1,"off":[3.4,1.1]}},{"type":"Feature","geometry":{"type":"Point","coordinates":[27.956792,43.218519]},"properties":{"line":"118","mode":"bus","color":"#0059a9","colorDark":"#00294f","band":1,"off":[6.8,1.1]}},{"type":"Feature","geometry":{"type":"Point","coordinates":[27.956792,43.218519]},"properties":{"line":"148","mode":"bus","color":"#0059a9","colorDark":"#00294f","band":1,"off":[-1.7,3.1]}},{"type":"Feature","geometry":{"type":"Point","coordinates":[27.956792,43.218519]},"properties":{"line":"209","mode":"bus","color":"#0059a9","colorDark":"#00294f","band":1,"off":[1.7,3.1]}},{"type":"Feature","geometry":{"type":"Point","coordinates":[27.885567,43.151536]},"properties":{"name":"Малък обръщач Боровец","band":1,"modes":"bus","arr":["17"],"off":[0,-0.8]}},{"type":"Feature","geometry":{"type":"Point","coordinates":[27.885567,43.151536]},"properties":{"line":"17","mode":"bus","color":"#0059a9","colorDark":"#00294f","band":1,"off":[0,1.1]}},{"type":"Feature","geometry":{"type":"Point","coordinates":[27.91349,43.15412]},"properties":{"name":"Обръщач Боровец за Галата / Голям","band":1,"modes":"bus","arr":["46 Б"],"off":[0,-0.8]}},{"type":"Feature","geometry":{"type":"Point","coordinates":[27.91349,43.15412]},"properties":{"line":"46 Б","mode":"bus","color":"#0059a9","colorDark":"#00294f","band":1,"off":[0,1.1]}},{"type":"Feature","geometry":{"type":"Point","coordinates":[27.931003,43.161298]},"properties":{"name":"Галата обръщач","band":1,"modes":"bus","arr":["17","46 Б"],"off":[0,-0.8]}},{"type":"Feature","geometry":{"type":"Point","coordinates":[27.931003,43.161298]},"properties":{"line":"17","mode":"bus","color":"#0059a9","colorDark":"#00294f","band":1,"off":[-1.7,1.1]}},{"type":"Feature","geometry":{"type":"Point","coordinates":[27.931003,43.161298]},"properties":{"line":"46 Б","mode":"bus","color":"#0059a9","colorDark":"#00294f","band":1,"off":[1.7,1.1]}},{"type":"Feature","geometry":{"type":"Point","coordinates":[27.913785,43.198572]},"properties":{"name":"ЖП. гара ПЛ. Славейков","band":1,"modes":"bus","arr":["82","83"],"off":[0,-0.8]}},{"type":"Feature","geometry":{"type":"Point","coordinates":[27.913785,43.198572]},"properties":{"name":"ЖП. гара обръщач Тролеи","band":1,"modes":"bus","arr":["82","83"],"off":[0,-3]}},{"type":"Feature","geometry":{"type":"Point","coordinates":[27.913785,43.198572]},"properties":{"line":"82","mode":"bus","color":"#149a3f","colorDark":"#0a5121","band":1,"off":[-1.7,1.1]}},{"type":"Feature","geometry":{"type":"Point","coordinates":[27.913785,43.198572]},"properties":{"line":"83","mode":"bus","color":"#149a3f","colorDark":"#0a5121","band":1,"off":[1.7,1.1]}},{"type":"Feature","geometry":{"type":"Point","coordinates":[27.920048,43.129536]},"properties":{"name":"Обръщач Черноморец Пристигащи","band":1,"modes":"bus","arr":["17"],"off":[0,-0.8]}},{"type":"Feature","geometry":{"type":"Point","coordinates":[27.920048,43.129536]},"properties":{"name":"Обръщач Черноморец","band":1,"modes":"bus","arr":["17"],"off":[0,-3]}},{"type":"Feature","geometry":{"type":"Point","coordinates":[27.920048,43.129536]},"properties":{"line":"17","mode":"bus","color":"#0059a9","colorDark":"#00294f","band":1,"off":[0,1.1]}},{"type":"Feature","geometry":{"type":"Point","coordinates":[27.806514,43.22442]},"properties":{"name":"Гробище","band":1,"modes":"bus","arr":["118"],"off":[0,-0.8]}},{"type":"Feature","geometry":{"type":"Point","coordinates":[27.806514,43.22442]},"properties":{"line":"118","mode":"bus","color":"#0059a9","colorDark":"#00294f","band":1,"off":[0,1.1]}},{"type":"Feature","geometry":{"type":"Point","coordinates":[27.819324,43.212194]},"properties":{"name":"Обръщач Тополи / Пристигащи","band":1,"modes":"bus","arr":["18","118"],"off":[0,-0.8]}},{"type":"Feature","geometry":{"type":"Point","coordinates":[27.819324,43.212194]},"properties":{"name":"Обръщач / Тополи","band":1,"modes":"bus","arr":["18","118"],"off":[0,-3]}},{"type":"Feature","geometry":{"type":"Point","coordinates":[27.819324,43.212194]},"properties":{"line":"18","mode":"bus","color":"#0059a9","colorDark":"#00294f","band":1,"off":[-1.7,1.1]}},{"type":"Feature","geometry":{"type":"Point","coordinates":[27.819324,43.212194]},"properties":{"line":"118","mode":"bus","color":"#0059a9","colorDark":"#00294f","band":1,"off":[1.7,1.1]}},{"type":"Feature","geometry":{"type":"Point","coordinates":[27.819153,43.199118]},"properties":{"name":"С. Казашко / Пристигащи","band":1,"modes":"bus","arr":["18","118"],"off":[0,-0.8]}},{"type":"Feature","geometry":{"type":"Point","coordinates":[27.819153,43.199118]},"properties":{"name":"С. Казашко","band":1,"modes":"bus","arr":["18","118"],"off":[0,-3]}},{"type":"Feature","geometry":{"type":"Point","coordinates":[27.819153,43.199118]},"properties":{"line":"18","mode":"bus","color":"#0059a9","colorDark":"#00294f","band":1,"off":[-1.7,1.1]}},{"type":"Feature","geometry":{"type":"Point","coordinates":[27.819153,43.199118]},"properties":{"line":"118","mode":"bus","color":"#0059a9","colorDark":"#00294f","band":1,"off":[1.7,1.1]}},{"type":"Feature","geometry":{"type":"Point","coordinates":[27.913658,43.245127]},"properties":{"name":"Блоковете Каменар","band":1,"modes":"bus","arr":["23"],"off":[0,-0.8]}},{"type":"Feature","geometry":{"type":"Point","coordinates":[27.913658,43.245127]},"properties":{"name":"Блоковете / Каменар Пристигащи","band":1,"modes":"bus","arr":["23"],"off":[0,-1.9]}},{"type":"Feature","geometry":{"type":"Point","coordinates":[27.913658,43.245127]},"properties":{"line":"23","mode":"bus","color":"#0059a9","colorDark":"#00294f","band":1,"off":[0,1.1]}},{"type":"Feature","geometry":{"type":"Point","coordinates":[28.017668,43.277389]},"properties":{"name":"Аладжа манастир / Пристигащи","band":1,"modes":"bus","arr":["29"],"off":[0,-0.8]}},{"type":"Feature","geometry":{"type":"Point","coordinates":[28.017668,43.277389]},"properties":{"name":"Аладжа манастир","band":1,"modes":"bus","arr":["29"],"off":[0,-3]}},{"type":"Feature","geometry":{"type":"Point","coordinates":[28.017668,43.277389]},"properties":{"line":"29","mode":"bus","color":"#0059a9","colorDark":"#00294f","band":1,"off":[0,1.1]}},{"type":"Feature","geometry":{"type":"Point","coordinates":[27.987986,43.249818]},"properties":{"name":"ДОМ Майка и Дете","band":1,"modes":"bus","arr":["31","31A"],"off":[0,-0.8]}},{"type":"Feature","geometry":{"type":"Point","coordinates":[27.987986,43.249818]},"properties":{"line":"31","mode":"bus","color":"#0059a9","colorDark":"#00294f","band":1,"off":[-1.7,1.1]}},{"type":"Feature","geometry":{"type":"Point","coordinates":[27.987986,43.249818]},"properties":{"line":"31A","mode":"bus","color":"#0059a9","colorDark":"#00294f","band":1,"off":[1.7,1.1]}},{"type":"Feature","geometry":{"type":"Point","coordinates":[27.964059,43.250919]},"properties":{"name":"Добрева Чешма / Пристигащи","band":1,"modes":"bus","arr":["30"],"off":[0,-0.8]}},{"type":"Feature","geometry":{"type":"Point","coordinates":[27.964059,43.250919]},"properties":{"name":"Добрева Чешма / Заминаващи","band":1,"modes":"bus","arr":["30"],"off":[0,-3]}},{"type":"Feature","geometry":{"type":"Point","coordinates":[27.964059,43.250919]},"properties":{"line":"30","mode":"bus","color":"#0059a9","colorDark":"#00294f","band":1,"off":[0,1.1]}},{"type":"Feature","geometry":{"type":"Point","coordinates":[27.837883,43.1561]},"properties":{"name":"Звездица Център Пристигащи","band":1,"modes":"bus","arr":["36"],"off":[0,-0.8]}},{"type":"Feature","geometry":{"type":"Point","coordinates":[27.837883,43.1561]},"properties":{"name":"Звездица Център / Заминаващи","band":1,"modes":"bus","arr":["36"],"off":[0,-3]}},{"type":"Feature","geometry":{"type":"Point","coordinates":[27.837883,43.1561]},"properties":{"line":"36","mode":"bus","color":"#0059a9","colorDark":"#00294f","band":1,"off":[0,1.1]}},{"type":"Feature","geometry":{"type":"Point","coordinates":[27.782136,43.165783]},"properties":{"name":"Константиново обръщач / Пристигащи","band":1,"modes":"bus","arr":["37"],"off":[0,-0.8]}},{"type":"Feature","geometry":{"type":"Point","coordinates":[27.782136,43.165783]},"properties":{"name":"Константиново обръщач / Заминаващи","band":1,"modes":"bus","arr":["37"],"off":[0,-3]}},{"type":"Feature","geometry":{"type":"Point","coordinates":[27.782136,43.165783]},"properties":{"line":"37","mode":"bus","color":"#0059a9","colorDark":"#00294f","band":1,"off":[0,1.1]}},{"type":"Feature","geometry":{"type":"Point","coordinates":[27.863966,43.21268]},"properties":{"name":"Опсо / Пристигащи","band":1,"modes":"bus","arr":["39"],"off":[0,-0.8]}},{"type":"Feature","geometry":{"type":"Point","coordinates":[27.863966,43.21268]},"properties":{"name":"Опсо","band":1,"modes":"bus","arr":["39"],"off":[0,-1.9]}},{"type":"Feature","geometry":{"type":"Point","coordinates":[27.863966,43.21268]},"properties":{"line":"39","mode":"bus","color":"#0059a9","colorDark":"#00294f","band":1,"off":[0,1.1]}},{"type":"Feature","geometry":{"type":"Point","coordinates":[27.875513,43.219079]},"properties":{"name":"Обръщач 39 / Пристигащи","band":1,"modes":"bus","arr":["39"],"off":[0,-0.8]}},{"type":"Feature","geometry":{"type":"Point","coordinates":[27.875513,43.219079]},"properties":{"name":"Обръщач 39","band":1,"modes":"bus","arr":["39"],"off":[0,-3]}},{"type":"Feature","geometry":{"type":"Point","coordinates":[27.875513,43.219079]},"properties":{"line":"39","mode":"bus","color":"#0059a9","colorDark":"#00294f","band":1,"off":[0,1.1]}},{"type":"Feature","geometry":{"type":"Point","coordinates":[27.843734,43.135133]},"properties":{"name":"Крушките / Пристигащи","band":1,"modes":"bus","arr":["55"],"off":[0,-0.8]}},{"type":"Feature","geometry":{"type":"Point","coordinates":[27.843734,43.135133]},"properties":{"name":"Крушките","band":1,"modes":"bus","arr":["55"],"off":[0,-3]}},{"type":"Feature","geometry":{"type":"Point","coordinates":[27.843734,43.135133]},"properties":{"line":"55","mode":"bus","color":"#0059a9","colorDark":"#00294f","band":1,"off":[0,1.1]}},{"type":"Feature","geometry":{"type":"Point","coordinates":[27.898484,43.181419]},"properties":{"name":"Обръщач Тролеи Аспарухово","band":1,"modes":"bus","arr":["88"],"off":[0,-0.8]}},{"type":"Feature","geometry":{"type":"Point","coordinates":[27.898484,43.181419]},"properties":{"line":"88","mode":"bus","color":"#149a3f","colorDark":"#0a5121","band":1,"off":[0,1.1]}},{"type":"Feature","geometry":{"type":"Point","coordinates":[28.051784,43.307691]},"properties":{"name":"Панорама / Пристигащи","band":1,"modes":"bus","arr":["109","209 Б"],"off":[0,-0.8]}},{"type":"Feature","geometry":{"type":"Point","coordinates":[28.051784,43.307691]},"properties":{"line":"109","mode":"bus","color":"#0059a9","colorDark":"#00294f","band":1,"off":[-1.7,1.1]}},{"type":"Feature","geometry":{"type":"Point","coordinates":[28.051784,43.307691]},"properties":{"line":"209 Б","mode":"bus","color":"#0059a9","colorDark":"#00294f","band":1,"off":[1.7,1.1]}},{"type":"Feature","geometry":{"type":"Point","coordinates":[28.050328,43.30499]},"properties":{"name":"Панорама / Златни Пясъци","band":1,"modes":"bus","arr":["109","209 Б"],"off":[0,-0.8]}},{"type":"Feature","geometry":{"type":"Point","coordinates":[28.050328,43.30499]},"properties":{"line":"109","mode":"bus","color":"#0059a9","colorDark":"#00294f","band":1,"off":[-1.7,1.1]}},{"type":"Feature","geometry":{"type":"Point","coordinates":[28.050328,43.30499]},"properties":{"line":"209 Б","mode":"bus","color":"#0059a9","colorDark":"#00294f","band":1,"off":[1.7,1.1]}},{"type":"Feature","geometry":{"type":"Point","coordinates":[27.849132,43.240286]},"properties":{"name":"Обръщач 118 Газстанция","band":1,"modes":"bus","arr":["118"],"off":[0,-0.8]}},{"type":"Feature","geometry":{"type":"Point","coordinates":[27.849132,43.240286]},"properties":{"name":"Обръщач 118 / Газстанция","band":1,"modes":"bus","arr":["118"],"off":[0,-3]}},{"type":"Feature","geometry":{"type":"Point","coordinates":[27.849132,43.240286]},"properties":{"line":"118","mode":"bus","color":"#0059a9","colorDark":"#00294f","band":1,"off":[0,1.1]}},{"type":"Feature","geometry":{"type":"Point","coordinates":[27.81329,43.263113]},"properties":{"name":"Сладкарски ЦЕХ / Пристигащи","band":1,"modes":"bus","arr":["409"],"off":[0,-0.8]}},{"type":"Feature","geometry":{"type":"Point","coordinates":[27.81329,43.263113]},"properties":{"name":"Сладкарски ЦЕХ","band":1,"modes":"bus","arr":["409"],"off":[0,-3]}},{"type":"Feature","geometry":{"type":"Point","coordinates":[27.81329,43.263113]},"properties":{"line":"409","mode":"bus","color":"#0059a9","colorDark":"#00294f","band":1,"off":[0,1.1]}},{"type":"Feature","geometry":{"type":"Point","coordinates":[27.856706,43.227261]},"properties":{"name":"Бизнес Парк / Пристигащи","band":2,"modes":"bus","arr":["1","7","118"],"off":[0,-0.8]}},{"type":"Feature","geometry":{"type":"Point","coordinates":[27.856706,43.227261]},"properties":{"name":"Бизнес Парк","band":2,"modes":"bus","arr":["1","7","118"],"off":[0,-3]}},{"type":"Feature","geometry":{"type":"Point","coordinates":[27.856706,43.227261]},"properties":{"line":"1","mode":"bus","color":"#0059a9","colorDark":"#00294f","band":2,"off":[-3.4,1.1]}},{"type":"Feature","geometry":{"type":"Point","coordinates":[27.856706,43.227261]},"properties":{"line":"7","mode":"bus","color":"#0059a9","colorDark":"#00294f","band":2,"off":[0,1.1]}},{"type":"Feature","geometry":{"type":"Point","coordinates":[27.856706,43.227261]},"properties":{"line":"118","mode":"bus","color":"#0059a9","colorDark":"#00294f","band":2,"off":[3.4,1.1]}},{"type":"Feature","geometry":{"type":"Point","coordinates":[27.85583,43.216232]},"properties":{"name":"ЗПЗ / Пристигащи","band":2,"modes":"bus","arr":["7"],"off":[0,-0.8]}},{"type":"Feature","geometry":{"type":"Point","coordinates":[27.85583,43.216232]},"properties":{"name":"ЗПЗ","band":2,"modes":"bus","arr":["7"],"off":[0,-1.9]}},{"type":"Feature","geometry":{"type":"Point","coordinates":[27.85583,43.216232]},"properties":{"line":"7","mode":"bus","color":"#0059a9","colorDark":"#00294f","band":2,"off":[0,1.1]}},{"type":"Feature","geometry":{"type":"Point","coordinates":[27.906536,43.200549]},"properties":{"name":"Обръщач 1","band":2,"modes":"bus","arr":["1","7","9","10","13","17","18","20","22","23","29","31","31A","36","37","41","46 Б","55","109"],"off":[0,-0.8],"sc":0.87}},{"type":"Feature","geometry":{"type":"Point","coordinates":[27.906536,43.200549]},"properties":{"line":"1","mode":"bus","color":"#0059a9","colorDark":"#00294f","band":2,"sc":0.87,"off":[-6.8,1.1]}},{"type":"Feature","geometry":{"type":"Point","coordinates":[27.906536,43.200549]},"properties":{"line":"7","mode":"bus","color":"#0059a9","colorDark":"#00294f","band":2,"sc":0.87,"off":[-3.4,1.1]}},{"type":"Feature","geometry":{"type":"Point","coordinates":[27.906536,43.200549]},"properties":{"line":"9","mode":"bus","color":"#0059a9","colorDark":"#00294f","band":2,"sc":0.87,"off":[0,1.1]}},{"type":"Feature","geometry":{"type":"Point","coordinates":[27.906536,43.200549]},"properties":{"line":"10","mode":"bus","color":"#0059a9","colorDark":"#00294f","band":2,"sc":0.87,"off":[3.4,1.1]}},{"type":"Feature","geometry":{"type":"Point","coordinates":[27.906536,43.200549]},"properties":{"line":"13","mode":"bus","color":"#0059a9","colorDark":"#00294f","band":2,"sc":0.87,"off":[6.8,1.1]}},{"type":"Feature","geometry":{"type":"Point","coordinates":[27.906536,43.200549]},"properties":{"line":"17","mode":"bus","color":"#0059a9","colorDark":"#00294f","band":2,"sc":0.87,"off":[-6.8,3.1]}},{"type":"Feature","geometry":{"type":"Point","coordinates":[27.906536,43.200549]},"properties":{"line":"18","mode":"bus","color":"#0059a9","colorDark":"#00294f","band":2,"sc":0.87,"off":[-3.4,3.1]}},{"type":"Feature","geometry":{"type":"Point","coordinates":[27.906536,43.200549]},"properties":{"line":"20","mode":"bus","color":"#0059a9","colorDark":"#00294f","band":2,"sc":0.87,"off":[0,3.1]}},{"type":"Feature","geometry":{"type":"Point","coordinates":[27.906536,43.200549]},"properties":{"line":"22","mode":"bus","color":"#0059a9","colorDark":"#00294f","band":2,"sc":0.87,"off":[3.4,3.1]}},{"type":"Feature","geometry":{"type":"Point","coordinates":[27.906536,43.200549]},"properties":{"line":"23","mode":"bus","color":"#0059a9","colorDark":"#00294f","band":2,"sc":0.87,"off":[6.8,3.1]}},{"type":"Feature","geometry":{"type":"Point","coordinates":[27.906536,43.200549]},"properties":{"line":"29","mode":"bus","color":"#0059a9","colorDark":"#00294f","band":2,"sc":0.87,"off":[-6.8,5.1]}},{"type":"Feature","geometry":{"type":"Point","coordinates":[27.906536,43.200549]},"properties":{"line":"31","mode":"bus","color":"#0059a9","colorDark":"#00294f","band":2,"sc":0.87,"off":[-3.4,5.1]}},{"type":"Feature","geometry":{"type":"Point","coordinates":[27.906536,43.200549]},"properties":{"line":"31A","mode":"bus","color":"#0059a9","colorDark":"#00294f","band":2,"sc":0.87,"off":[0,5.1]}},{"type":"Feature","geometry":{"type":"Point","coordinates":[27.906536,43.200549]},"properties":{"line":"36","mode":"bus","color":"#0059a9","colorDark":"#00294f","band":2,"sc":0.87,"off":[3.4,5.1]}},{"type":"Feature","geometry":{"type":"Point","coordinates":[27.906536,43.200549]},"properties":{"line":"37","mode":"bus","color":"#0059a9","colorDark":"#00294f","band":2,"sc":0.87,"off":[6.8,5.1]}},{"type":"Feature","geometry":{"type":"Point","coordinates":[27.906536,43.200549]},"properties":{"line":"41","mode":"bus","color":"#0059a9","colorDark":"#00294f","band":2,"sc":0.87,"off":[-5.1,7.1]}},{"type":"Feature","geometry":{"type":"Point","coordinates":[27.906536,43.200549]},"properties":{"line":"46 Б","mode":"bus","color":"#0059a9","colorDark":"#00294f","band":2,"sc":0.87,"off":[-1.7,7.1]}},{"type":"Feature","geometry":{"type":"Point","coordinates":[27.906536,43.200549]},"properties":{"line":"55","mode":"bus","color":"#0059a9","colorDark":"#00294f","band":2,"sc":0.87,"off":[1.7,7.1]}},{"type":"Feature","geometry":{"type":"Point","coordinates":[27.906536,43.200549]},"properties":{"line":"109","mode":"bus","color":"#0059a9","colorDark":"#00294f","band":2,"sc":0.87,"off":[5.1,7.1]}},{"type":"Feature","geometry":{"type":"Point","coordinates":[27.872346,43.221982]},"properties":{"name":"Елпром-3","band":2,"modes":"bus","arr":["7"],"off":[0,-0.8]}},{"type":"Feature","geometry":{"type":"Point","coordinates":[27.872346,43.221982]},"properties":{"name":"Елпром - 4 / Пристигащи","band":2,"modes":"bus","arr":["7"],"off":[0,-1.9]}},{"type":"Feature","geometry":{"type":"Point","coordinates":[27.872346,43.221982]},"properties":{"line":"7","mode":"bus","color":"#0059a9","colorDark":"#00294f","band":2,"off":[0,1.1]}},{"type":"Feature","geometry":{"type":"Point","coordinates":[27.873941,43.211603]},"properties":{"name":"Топливо ВХ. 2","band":2,"modes":"bus","arr":["7"],"off":[0,-0.8]}},{"type":"Feature","geometry":{"type":"Point","coordinates":[27.873941,43.211603]},"properties":{"name":"Топливо / Пристигащи","band":2,"modes":"bus","arr":["7"],"off":[0,-1.9]}},{"type":"Feature","geometry":{"type":"Point","coordinates":[27.873941,43.211603]},"properties":{"line":"7","mode":"bus","color":"#0059a9","colorDark":"#00294f","band":2,"off":[0,1.1]}},{"type":"Feature","geometry":{"type":"Point","coordinates":[28.039647,43.274679]},"properties":{"name":"Република / Златни Пясъци","band":2,"modes":"bus","arr":["9","409"],"off":[0,-0.8]}},{"type":"Feature","geometry":{"type":"Point","coordinates":[28.039647,43.274679]},"properties":{"name":"Република","band":2,"modes":"bus","arr":["9","409"],"off":[0,-3]}},{"type":"Feature","geometry":{"type":"Point","coordinates":[28.039647,43.274679]},"properties":{"line":"9","mode":"bus","color":"#0059a9","colorDark":"#00294f","band":2,"off":[-1.7,1.1]}},{"type":"Feature","geometry":{"type":"Point","coordinates":[28.039647,43.274679]},"properties":{"line":"409","mode":"bus","color":"#0059a9","colorDark":"#00294f","band":2,"off":[1.7,1.1]}},{"type":"Feature","geometry":{"type":"Point","coordinates":[27.917028,43.225613]},"properties":{"name":"Хаджи Димитър / Пристигащи","band":2,"modes":"bus","arr":["10"],"off":[0,-0.8]}},{"type":"Feature","geometry":{"type":"Point","coordinates":[27.917028,43.225613]},"properties":{"name":"Хаджи Димитър","band":2,"modes":"bus","arr":["10"],"off":[0,-3]}},{"type":"Feature","geometry":{"type":"Point","coordinates":[27.917028,43.225613]},"properties":{"line":"10","mode":"bus","color":"#0059a9","colorDark":"#00294f","band":2,"off":[0,1.1]}},{"type":"Feature","geometry":{"type":"Point","coordinates":[27.892835,43.188299]},"properties":{"name":"Крз","band":2,"modes":"bus","arr":["10","13","122"],"off":[0,-0.8]}},{"type":"Feature","geometry":{"type":"Point","coordinates":[27.892835,43.188299]},"properties":{"line":"10","mode":"bus","color":"#0059a9","colorDark":"#00294f","band":2,"off":[-3.4,1.1]}},{"type":"Feature","geometry":{"type":"Point","coordinates":[27.892835,43.188299]},"properties":{"line":"13","mode":"bus","color":"#0059a9","colorDark":"#00294f","band":2,"off":[0,1.1]}},{"type":"Feature","geometry":{"type":"Point","coordinates":[27.892835,43.188299]},"properties":{"line":"122","mode":"bus","color":"#0059a9","colorDark":"#00294f","band":2,"off":[3.4,1.1]}},{"type":"Feature","geometry":{"type":"Point","coordinates":[27.887459,43.174673]},"properties":{"name":"Зора Пристигащи","band":2,"modes":"bus","arr":["12"],"off":[0,-0.8]}},{"type":"Feature","geometry":{"type":"Point","coordinates":[27.887459,43.174673]},"properties":{"name":"Зора","band":2,"modes":"bus","arr":["12"],"off":[0,-1.9]}},{"type":"Feature","geometry":{"type":"Point","coordinates":[27.887459,43.174673]},"properties":{"line":"12","mode":"bus","color":"#0059a9","colorDark":"#00294f","band":2,"off":[0,1.1]}},{"type":"Feature","geometry":{"type":"Point","coordinates":[27.94196,43.223915]},"properties":{"name":"Бриз / Пристигащи","band":2,"modes":"bus","arr":["12"],"off":[0,-0.8]}},{"type":"Feature","geometry":{"type":"Point","coordinates":[27.94196,43.223915]},"properties":{"name":"Бриз","band":2,"modes":"bus","arr":["12"],"off":[0,-1.9]}},{"type":"Feature","geometry":{"type":"Point","coordinates":[27.94196,43.223915]},"properties":{"line":"12","mode":"bus","color":"#0059a9","colorDark":"#00294f","band":2,"off":[0,1.1]}},{"type":"Feature","geometry":{"type":"Point","coordinates":[27.921445,43.226819]},"properties":{"name":"БЛ. 22 - Пристигащи","band":2,"modes":"bus","arr":["13"],"off":[0,-0.8]}},{"type":"Feature","geometry":{"type":"Point","coordinates":[27.921445,43.226819]},"properties":{"name":"БЛ. 22","band":2,"modes":"bus","arr":["13"],"off":[0,-3]}},{"type":"Feature","geometry":{"type":"Point","coordinates":[27.921445,43.226819]},"properties":{"line":"13","mode":"bus","color":"#0059a9","colorDark":"#00294f","band":2,"off":[0,1.1]}},{"type":"Feature","geometry":{"type":"Point","coordinates":[27.850747,43.251549]},"properties":{"name":"Владиславово БЛ 407 / обръщач","band":2,"modes":"bus","arr":["14","20","22","41","82","83","88","122","148","209","209 Б"],"off":[0,-0.8]}},{"type":"Feature","geometry":{"type":"Point","coordinates":[27.850747,43.251549]},"properties":{"name":"БЛ. 407 Владиславово / Пристигащи","band":2,"modes":"bus","arr":["14","20","22","41","82","83","88","122","148","209","209 Б"],"off":[0,-3]}},{"type":"Feature","geometry":{"type":"Point","coordinates":[27.850747,43.251549]},"properties":{"line":"14","mode":"bus","color":"#0059a9","colorDark":"#00294f","band":2,"off":[-6.8,1.1]}},{"type":"Feature","geometry":{"type":"Point","coordinates":[27.850747,43.251549]},"properties":{"line":"20","mode":"bus","color":"#0059a9","colorDark":"#00294f","band":2,"off":[-3.4,1.1]}},{"type":"Feature","geometry":{"type":"Point","coordinates":[27.850747,43.251549]},"properties":{"line":"22","mode":"bus","color":"#0059a9","colorDark":"#00294f","band":2,"off":[0,1.1]}},{"type":"Feature","geometry":{"type":"Point","coordinates":[27.850747,43.251549]},"properties":{"line":"41","mode":"bus","color":"#0059a9","colorDark":"#00294f","band":2,"off":[3.4,1.1]}},{"type":"Feature","geometry":{"type":"Point","coordinates":[27.850747,43.251549]},"properties":{"line":"82","mode":"bus","color":"#149a3f","colorDark":"#0a5121","band":2,"off":[6.8,1.1]}},{"type":"Feature","geometry":{"type":"Point","coordinates":[27.850747,43.251549]},"properties":{"line":"83","mode":"bus","color":"#149a3f","colorDark":"#0a5121","band":2,"off":[-6.8,3.1]}},{"type":"Feature","geometry":{"type":"Point","coordinates":[27.850747,43.251549]},"properties":{"line":"88","mode":"bus","color":"#149a3f","colorDark":"#0a5121","band":2,"off":[-3.4,3.1]}},{"type":"Feature","geometry":{"type":"Point","coordinates":[27.850747,43.251549]},"properties":{"line":"122","mode":"bus","color":"#0059a9","colorDark":"#00294f","band":2,"off":[0,3.1]}},{"type":"Feature","geometry":{"type":"Point","coordinates":[27.850747,43.251549]},"properties":{"line":"148","mode":"bus","color":"#0059a9","colorDark":"#00294f","band":2,"off":[3.4,3.1]}},{"type":"Feature","geometry":{"type":"Point","coordinates":[27.850747,43.251549]},"properties":{"line":"209","mode":"bus","color":"#0059a9","colorDark":"#00294f","band":2,"off":[6.8,3.1]}},{"type":"Feature","geometry":{"type":"Point","coordinates":[27.850747,43.251549]},"properties":{"line":"209 Б","mode":"bus","color":"#0059a9","colorDark":"#00294f","band":2,"off":[0,5.1]}},{"type":"Feature","geometry":{"type":"Point","coordinates":[27.956792,43.218519]},"properties":{"name":"Почивка / обръщач","band":2,"modes":"bus","arr":["14","17","30","39","118","148","209"],"off":[0,-0.8]}},{"type":"Feature","geometry":{"type":"Point","coordinates":[27.956792,43.218519]},"properties":{"name":"Почивка / Заминаващи","band":2,"modes":"bus","arr":["14","17","30","39","118","148","209"],"off":[0,-1.9]}},{"type":"Feature","geometry":{"type":"Point","coordinates":[27.956792,43.218519]},"properties":{"line":"14","mode":"bus","color":"#0059a9","colorDark":"#00294f","band":2,"off":[-6.8,1.1]}},{"type":"Feature","geometry":{"type":"Point","coordinates":[27.956792,43.218519]},"properties":{"line":"17","mode":"bus","color":"#0059a9","colorDark":"#00294f","band":2,"off":[-3.4,1.1]}},{"type":"Feature","geometry":{"type":"Point","coordinates":[27.956792,43.218519]},"properties":{"line":"30","mode":"bus","color":"#0059a9","colorDark":"#00294f","band":2,"off":[0,1.1]}},{"type":"Feature","geometry":{"type":"Point","coordinates":[27.956792,43.218519]},"properties":{"line":"39","mode":"bus","color":"#0059a9","colorDark":"#00294f","band":2,"off":[3.4,1.1]}},{"type":"Feature","geometry":{"type":"Point","coordinates":[27.956792,43.218519]},"properties":{"line":"118","mode":"bus","color":"#0059a9","colorDark":"#00294f","band":2,"off":[6.8,1.1]}},{"type":"Feature","geometry":{"type":"Point","coordinates":[27.956792,43.218519]},"properties":{"line":"148","mode":"bus","color":"#0059a9","colorDark":"#00294f","band":2,"off":[-1.7,3.1]}},{"type":"Feature","geometry":{"type":"Point","coordinates":[27.956792,43.218519]},"properties":{"line":"209","mode":"bus","color":"#0059a9","colorDark":"#00294f","band":2,"off":[1.7,3.1]}},{"type":"Feature","geometry":{"type":"Point","coordinates":[27.885567,43.151536]},"properties":{"name":"Малък обръщач Боровец","band":2,"modes":"bus","arr":["17"],"off":[0,-0.8]}},{"type":"Feature","geometry":{"type":"Point","coordinates":[27.885567,43.151536]},"properties":{"line":"17","mode":"bus","color":"#0059a9","colorDark":"#00294f","band":2,"off":[0,1.1]}},{"type":"Feature","geometry":{"type":"Point","coordinates":[27.91349,43.15412]},"properties":{"name":"Обръщач Боровец за Галата / Голям","band":2,"modes":"bus","arr":["46 Б"],"off":[0,-0.8]}},{"type":"Feature","geometry":{"type":"Point","coordinates":[27.91349,43.15412]},"properties":{"line":"46 Б","mode":"bus","color":"#0059a9","colorDark":"#00294f","band":2,"off":[0,1.1]}},{"type":"Feature","geometry":{"type":"Point","coordinates":[27.931003,43.161298]},"properties":{"name":"Галата обръщач","band":2,"modes":"bus","arr":["17","46 Б"],"off":[0,-0.8]}},{"type":"Feature","geometry":{"type":"Point","coordinates":[27.931003,43.161298]},"properties":{"line":"17","mode":"bus","color":"#0059a9","colorDark":"#00294f","band":2,"off":[-1.7,1.1]}},{"type":"Feature","geometry":{"type":"Point","coordinates":[27.931003,43.161298]},"properties":{"line":"46 Б","mode":"bus","color":"#0059a9","colorDark":"#00294f","band":2,"off":[1.7,1.1]}},{"type":"Feature","geometry":{"type":"Point","coordinates":[27.913785,43.198572]},"properties":{"name":"ЖП. гара ПЛ. Славейков","band":2,"modes":"bus","arr":["82","83"],"off":[0,-0.8]}},{"type":"Feature","geometry":{"type":"Point","coordinates":[27.913785,43.198572]},"properties":{"name":"ЖП. гара обръщач Тролеи","band":2,"modes":"bus","arr":["82","83"],"off":[0,-3]}},{"type":"Feature","geometry":{"type":"Point","coordinates":[27.913785,43.198572]},"properties":{"line":"82","mode":"bus","color":"#149a3f","colorDark":"#0a5121","band":2,"off":[-1.7,1.1]}},{"type":"Feature","geometry":{"type":"Point","coordinates":[27.913785,43.198572]},"properties":{"line":"83","mode":"bus","color":"#149a3f","colorDark":"#0a5121","band":2,"off":[1.7,1.1]}},{"type":"Feature","geometry":{"type":"Point","coordinates":[27.920048,43.129536]},"properties":{"name":"Обръщач Черноморец Пристигащи","band":2,"modes":"bus","arr":["17"],"off":[0,-0.8]}},{"type":"Feature","geometry":{"type":"Point","coordinates":[27.920048,43.129536]},"properties":{"name":"Обръщач Черноморец","band":2,"modes":"bus","arr":["17"],"off":[0,-3]}},{"type":"Feature","geometry":{"type":"Point","coordinates":[27.920048,43.129536]},"properties":{"line":"17","mode":"bus","color":"#0059a9","colorDark":"#00294f","band":2,"off":[0,1.1]}},{"type":"Feature","geometry":{"type":"Point","coordinates":[27.806514,43.22442]},"properties":{"name":"Гробище","band":2,"modes":"bus","arr":["118"],"off":[0,-0.8]}},{"type":"Feature","geometry":{"type":"Point","coordinates":[27.806514,43.22442]},"properties":{"line":"118","mode":"bus","color":"#0059a9","colorDark":"#00294f","band":2,"off":[0,1.1]}},{"type":"Feature","geometry":{"type":"Point","coordinates":[27.819324,43.212194]},"properties":{"name":"Обръщач Тополи / Пристигащи","band":2,"modes":"bus","arr":["18","118"],"off":[0,-0.8]}},{"type":"Feature","geometry":{"type":"Point","coordinates":[27.819324,43.212194]},"properties":{"name":"Обръщач / Тополи","band":2,"modes":"bus","arr":["18","118"],"off":[0,-3]}},{"type":"Feature","geometry":{"type":"Point","coordinates":[27.819324,43.212194]},"properties":{"line":"18","mode":"bus","color":"#0059a9","colorDark":"#00294f","band":2,"off":[-1.7,1.1]}},{"type":"Feature","geometry":{"type":"Point","coordinates":[27.819324,43.212194]},"properties":{"line":"118","mode":"bus","color":"#0059a9","colorDark":"#00294f","band":2,"off":[1.7,1.1]}},{"type":"Feature","geometry":{"type":"Point","coordinates":[27.819153,43.199118]},"properties":{"name":"С. Казашко / Пристигащи","band":2,"modes":"bus","arr":["18","118"],"off":[0,-0.8]}},{"type":"Feature","geometry":{"type":"Point","coordinates":[27.819153,43.199118]},"properties":{"name":"С. Казашко","band":2,"modes":"bus","arr":["18","118"],"off":[0,-3]}},{"type":"Feature","geometry":{"type":"Point","coordinates":[27.819153,43.199118]},"properties":{"line":"18","mode":"bus","color":"#0059a9","colorDark":"#00294f","band":2,"off":[-1.7,1.1]}},{"type":"Feature","geometry":{"type":"Point","coordinates":[27.819153,43.199118]},"properties":{"line":"118","mode":"bus","color":"#0059a9","colorDark":"#00294f","band":2,"off":[1.7,1.1]}},{"type":"Feature","geometry":{"type":"Point","coordinates":[27.913658,43.245127]},"properties":{"name":"Блоковете Каменар","band":2,"modes":"bus","arr":["23"],"off":[0,-0.8]}},{"type":"Feature","geometry":{"type":"Point","coordinates":[27.913658,43.245127]},"properties":{"name":"Блоковете / Каменар Пристигащи","band":2,"modes":"bus","arr":["23"],"off":[0,-1.9]}},{"type":"Feature","geometry":{"type":"Point","coordinates":[27.913658,43.245127]},"properties":{"line":"23","mode":"bus","color":"#0059a9","colorDark":"#00294f","band":2,"off":[0,1.1]}},{"type":"Feature","geometry":{"type":"Point","coordinates":[28.017668,43.277389]},"properties":{"name":"Аладжа манастир / Пристигащи","band":2,"modes":"bus","arr":["29"],"off":[0,-0.8]}},{"type":"Feature","geometry":{"type":"Point","coordinates":[28.017668,43.277389]},"properties":{"name":"Аладжа манастир","band":2,"modes":"bus","arr":["29"],"off":[0,-3]}},{"type":"Feature","geometry":{"type":"Point","coordinates":[28.017668,43.277389]},"properties":{"line":"29","mode":"bus","color":"#0059a9","colorDark":"#00294f","band":2,"off":[0,1.1]}},{"type":"Feature","geometry":{"type":"Point","coordinates":[27.987986,43.249818]},"properties":{"name":"ДОМ Майка и Дете","band":2,"modes":"bus","arr":["31","31A"],"off":[0,-0.8]}},{"type":"Feature","geometry":{"type":"Point","coordinates":[27.987986,43.249818]},"properties":{"line":"31","mode":"bus","color":"#0059a9","colorDark":"#00294f","band":2,"off":[-1.7,1.1]}},{"type":"Feature","geometry":{"type":"Point","coordinates":[27.987986,43.249818]},"properties":{"line":"31A","mode":"bus","color":"#0059a9","colorDark":"#00294f","band":2,"off":[1.7,1.1]}},{"type":"Feature","geometry":{"type":"Point","coordinates":[27.964059,43.250919]},"properties":{"name":"Добрева Чешма / Пристигащи","band":2,"modes":"bus","arr":["30"],"off":[0,-0.8]}},{"type":"Feature","geometry":{"type":"Point","coordinates":[27.964059,43.250919]},"properties":{"name":"Добрева Чешма / Заминаващи","band":2,"modes":"bus","arr":["30"],"off":[0,-3]}},{"type":"Feature","geometry":{"type":"Point","coordinates":[27.964059,43.250919]},"properties":{"line":"30","mode":"bus","color":"#0059a9","colorDark":"#00294f","band":2,"off":[0,1.1]}},{"type":"Feature","geometry":{"type":"Point","coordinates":[27.837883,43.1561]},"properties":{"name":"Звездица Център Пристигащи","band":2,"modes":"bus","arr":["36"],"off":[0,-0.8]}},{"type":"Feature","geometry":{"type":"Point","coordinates":[27.837883,43.1561]},"properties":{"name":"Звездица Център / Заминаващи","band":2,"modes":"bus","arr":["36"],"off":[0,-3]}},{"type":"Feature","geometry":{"type":"Point","coordinates":[27.837883,43.1561]},"properties":{"line":"36","mode":"bus","color":"#0059a9","colorDark":"#00294f","band":2,"off":[0,1.1]}},{"type":"Feature","geometry":{"type":"Point","coordinates":[27.782136,43.165783]},"properties":{"name":"Константиново обръщач / Пристигащи","band":2,"modes":"bus","arr":["37"],"off":[0,-0.8]}},{"type":"Feature","geometry":{"type":"Point","coordinates":[27.782136,43.165783]},"properties":{"name":"Константиново обръщач / Заминаващи","band":2,"modes":"bus","arr":["37"],"off":[0,-3]}},{"type":"Feature","geometry":{"type":"Point","coordinates":[27.782136,43.165783]},"properties":{"line":"37","mode":"bus","color":"#0059a9","colorDark":"#00294f","band":2,"off":[0,1.1]}},{"type":"Feature","geometry":{"type":"Point","coordinates":[27.863966,43.21268]},"properties":{"name":"Опсо / Пристигащи","band":2,"modes":"bus","arr":["39"],"off":[0,-0.8]}},{"type":"Feature","geometry":{"type":"Point","coordinates":[27.863966,43.21268]},"properties":{"name":"Опсо","band":2,"modes":"bus","arr":["39"],"off":[0,-1.9]}},{"type":"Feature","geometry":{"type":"Point","coordinates":[27.863966,43.21268]},"properties":{"line":"39","mode":"bus","color":"#0059a9","colorDark":"#00294f","band":2,"off":[0,1.1]}},{"type":"Feature","geometry":{"type":"Point","coordinates":[27.875513,43.219079]},"properties":{"name":"Обръщач 39 / Пристигащи","band":2,"modes":"bus","arr":["39"],"off":[0,-0.8]}},{"type":"Feature","geometry":{"type":"Point","coordinates":[27.875513,43.219079]},"properties":{"name":"Обръщач 39","band":2,"modes":"bus","arr":["39"],"off":[0,-3]}},{"type":"Feature","geometry":{"type":"Point","coordinates":[27.875513,43.219079]},"properties":{"line":"39","mode":"bus","color":"#0059a9","colorDark":"#00294f","band":2,"off":[0,1.1]}},{"type":"Feature","geometry":{"type":"Point","coordinates":[27.843734,43.135133]},"properties":{"name":"Крушките / Пристигащи","band":2,"modes":"bus","arr":["55"],"off":[0,-0.8]}},{"type":"Feature","geometry":{"type":"Point","coordinates":[27.843734,43.135133]},"properties":{"name":"Крушките","band":2,"modes":"bus","arr":["55"],"off":[0,-3]}},{"type":"Feature","geometry":{"type":"Point","coordinates":[27.843734,43.135133]},"properties":{"line":"55","mode":"bus","color":"#0059a9","colorDark":"#00294f","band":2,"off":[0,1.1]}},{"type":"Feature","geometry":{"type":"Point","coordinates":[27.898484,43.181419]},"properties":{"name":"Обръщач Тролеи Аспарухово","band":2,"modes":"bus","arr":["88"],"off":[0,-0.8]}},{"type":"Feature","geometry":{"type":"Point","coordinates":[27.898484,43.181419]},"properties":{"line":"88","mode":"bus","color":"#149a3f","colorDark":"#0a5121","band":2,"off":[0,1.1]}},{"type":"Feature","geometry":{"type":"Point","coordinates":[28.051784,43.307691]},"properties":{"name":"Панорама / Пристигащи","band":2,"modes":"bus","arr":["109","209 Б"],"off":[0,-0.8]}},{"type":"Feature","geometry":{"type":"Point","coordinates":[28.051784,43.307691]},"properties":{"line":"109","mode":"bus","color":"#0059a9","colorDark":"#00294f","band":2,"off":[-1.7,1.1]}},{"type":"Feature","geometry":{"type":"Point","coordinates":[28.051784,43.307691]},"properties":{"line":"209 Б","mode":"bus","color":"#0059a9","colorDark":"#00294f","band":2,"off":[1.7,1.1]}},{"type":"Feature","geometry":{"type":"Point","coordinates":[28.050328,43.30499]},"properties":{"name":"Панорама / Златни Пясъци","band":2,"modes":"bus","arr":["109","209 Б"],"off":[0,-0.8]}},{"type":"Feature","geometry":{"type":"Point","coordinates":[28.050328,43.30499]},"properties":{"line":"109","mode":"bus","color":"#0059a9","colorDark":"#00294f","band":2,"off":[-1.7,1.1]}},{"type":"Feature","geometry":{"type":"Point","coordinates":[28.050328,43.30499]},"properties":{"line":"209 Б","mode":"bus","color":"#0059a9","colorDark":"#00294f","band":2,"off":[1.7,1.1]}},{"type":"Feature","geometry":{"type":"Point","coordinates":[27.849132,43.240286]},"properties":{"name":"Обръщач 118 Газстанция","band":2,"modes":"bus","arr":["118"],"off":[0,-0.8]}},{"type":"Feature","geometry":{"type":"Point","coordinates":[27.849132,43.240286]},"properties":{"name":"Обръщач 118 / Газстанция","band":2,"modes":"bus","arr":["118"],"off":[0,-3]}},{"type":"Feature","geometry":{"type":"Point","coordinates":[27.849132,43.240286]},"properties":{"line":"118","mode":"bus","color":"#0059a9","colorDark":"#00294f","band":2,"off":[0,1.1]}},{"type":"Feature","geometry":{"type":"Point","coordinates":[27.81329,43.263113]},"properties":{"name":"Сладкарски ЦЕХ / Пристигащи","band":2,"modes":"bus","arr":["409"],"off":[0,-0.8]}},{"type":"Feature","geometry":{"type":"Point","coordinates":[27.81329,43.263113]},"properties":{"name":"Сладкарски ЦЕХ","band":2,"modes":"bus","arr":["409"],"off":[0,-3]}},{"type":"Feature","geometry":{"type":"Point","coordinates":[27.81329,43.263113]},"properties":{"line":"409","mode":"bus","color":"#0059a9","colorDark":"#00294f","band":2,"off":[0,1.1]}},{"type":"Feature","geometry":{"type":"Point","coordinates":[27.856706,43.227261]},"properties":{"name":"Бизнес Парк / Пристигащи","band":3,"modes":"bus","arr":["1","7","118"],"off":[0,-0.8]}},{"type":"Feature","geometry":{"type":"Point","coordinates":[27.856706,43.227261]},"properties":{"name":"Бизнес Парк","band":3,"modes":"bus","arr":["1","7","118"],"off":[0,-3]}},{"type":"Feature","geometry":{"type":"Point","coordinates":[27.856706,43.227261]},"properties":{"line":"1","mode":"bus","color":"#0059a9","colorDark":"#00294f","band":3,"off":[-3.4,1.1]}},{"type":"Feature","geometry":{"type":"Point","coordinates":[27.856706,43.227261]},"properties":{"line":"7","mode":"bus","color":"#0059a9","colorDark":"#00294f","band":3,"off":[0,1.1]}},{"type":"Feature","geometry":{"type":"Point","coordinates":[27.856706,43.227261]},"properties":{"line":"118","mode":"bus","color":"#0059a9","colorDark":"#00294f","band":3,"off":[3.4,1.1]}},{"type":"Feature","geometry":{"type":"Point","coordinates":[27.85583,43.216232]},"properties":{"name":"ЗПЗ / Пристигащи","band":3,"modes":"bus","arr":["7"],"off":[0,-0.8]}},{"type":"Feature","geometry":{"type":"Point","coordinates":[27.85583,43.216232]},"properties":{"name":"ЗПЗ","band":3,"modes":"bus","arr":["7"],"off":[0,-1.9]}},{"type":"Feature","geometry":{"type":"Point","coordinates":[27.85583,43.216232]},"properties":{"line":"7","mode":"bus","color":"#0059a9","colorDark":"#00294f","band":3,"off":[0,1.1]}},{"type":"Feature","geometry":{"type":"Point","coordinates":[27.906536,43.200549]},"properties":{"name":"Обръщач 1","band":3,"modes":"bus","arr":["1","7","9","10","13","17","18","20","22","23","29","31","31A","36","37","41","46 Б","55","109"],"off":[0,-0.8]}},{"type":"Feature","geometry":{"type":"Point","coordinates":[27.906536,43.200549]},"properties":{"line":"1","mode":"bus","color":"#0059a9","colorDark":"#00294f","band":3,"off":[-6.8,1.1]}},{"type":"Feature","geometry":{"type":"Point","coordinates":[27.906536,43.200549]},"properties":{"line":"7","mode":"bus","color":"#0059a9","colorDark":"#00294f","band":3,"off":[-3.4,1.1]}},{"type":"Feature","geometry":{"type":"Point","coordinates":[27.906536,43.200549]},"properties":{"line":"9","mode":"bus","color":"#0059a9","colorDark":"#00294f","band":3,"off":[0,1.1]}},{"type":"Feature","geometry":{"type":"Point","coordinates":[27.906536,43.200549]},"properties":{"line":"10","mode":"bus","color":"#0059a9","colorDark":"#00294f","band":3,"off":[3.4,1.1]}},{"type":"Feature","geometry":{"type":"Point","coordinates":[27.906536,43.200549]},"properties":{"line":"13","mode":"bus","color":"#0059a9","colorDark":"#00294f","band":3,"off":[6.8,1.1]}},{"type":"Feature","geometry":{"type":"Point","coordinates":[27.906536,43.200549]},"properties":{"line":"17","mode":"bus","color":"#0059a9","colorDark":"#00294f","band":3,"off":[-6.8,3.1]}},{"type":"Feature","geometry":{"type":"Point","coordinates":[27.906536,43.200549]},"properties":{"line":"18","mode":"bus","color":"#0059a9","colorDark":"#00294f","band":3,"off":[-3.4,3.1]}},{"type":"Feature","geometry":{"type":"Point","coordinates":[27.906536,43.200549]},"properties":{"line":"20","mode":"bus","color":"#0059a9","colorDark":"#00294f","band":3,"off":[0,3.1]}},{"type":"Feature","geometry":{"type":"Point","coordinates":[27.906536,43.200549]},"properties":{"line":"22","mode":"bus","color":"#0059a9","colorDark":"#00294f","band":3,"off":[3.4,3.1]}},{"type":"Feature","geometry":{"type":"Point","coordinates":[27.906536,43.200549]},"properties":{"line":"23","mode":"bus","color":"#0059a9","colorDark":"#00294f","band":3,"off":[6.8,3.1]}},{"type":"Feature","geometry":{"type":"Point","coordinates":[27.906536,43.200549]},"properties":{"line":"29","mode":"bus","color":"#0059a9","colorDark":"#00294f","band":3,"off":[-6.8,5.1]}},{"type":"Feature","geometry":{"type":"Point","coordinates":[27.906536,43.200549]},"properties":{"line":"31","mode":"bus","color":"#0059a9","colorDark":"#00294f","band":3,"off":[-3.4,5.1]}},{"type":"Feature","geometry":{"type":"Point","coordinates":[27.906536,43.200549]},"properties":{"line":"31A","mode":"bus","color":"#0059a9","colorDark":"#00294f","band":3,"off":[0,5.1]}},{"type":"Feature","geometry":{"type":"Point","coordinates":[27.906536,43.200549]},"properties":{"line":"36","mode":"bus","color":"#0059a9","colorDark":"#00294f","band":3,"off":[3.4,5.1]}},{"type":"Feature","geometry":{"type":"Point","coordinates":[27.906536,43.200549]},"properties":{"line":"37","mode":"bus","color":"#0059a9","colorDark":"#00294f","band":3,"off":[6.8,5.1]}},{"type":"Feature","geometry":{"type":"Point","coordinates":[27.906536,43.200549]},"properties":{"line":"41","mode":"bus","color":"#0059a9","colorDark":"#00294f","band":3,"off":[-5.1,7.1]}},{"type":"Feature","geometry":{"type":"Point","coordinates":[27.906536,43.200549]},"properties":{"line":"46 Б","mode":"bus","color":"#0059a9","colorDark":"#00294f","band":3,"off":[-1.7,7.1]}},{"type":"Feature","geometry":{"type":"Point","coordinates":[27.906536,43.200549]},"properties":{"line":"55","mode":"bus","color":"#0059a9","colorDark":"#00294f","band":3,"off":[1.7,7.1]}},{"type":"Feature","geometry":{"type":"Point","coordinates":[27.906536,43.200549]},"properties":{"line":"109","mode":"bus","color":"#0059a9","colorDark":"#00294f","band":3,"off":[5.1,7.1]}},{"type":"Feature","geometry":{"type":"Point","coordinates":[27.872346,43.221982]},"properties":{"name":"Елпром-3","band":3,"modes":"bus","arr":["7"],"off":[0,-0.8]}},{"type":"Feature","geometry":{"type":"Point","coordinates":[27.872346,43.221982]},"properties":{"name":"Елпром - 4 / Пристигащи","band":3,"modes":"bus","arr":["7"],"off":[0,-1.9]}},{"type":"Feature","geometry":{"type":"Point","coordinates":[27.872346,43.221982]},"properties":{"line":"7","mode":"bus","color":"#0059a9","colorDark":"#00294f","band":3,"off":[0,1.1]}},{"type":"Feature","geometry":{"type":"Point","coordinates":[27.873941,43.211603]},"properties":{"name":"Топливо ВХ. 2","band":3,"modes":"bus","arr":["7"],"off":[0,-0.8]}},{"type":"Feature","geometry":{"type":"Point","coordinates":[27.873941,43.211603]},"properties":{"name":"Топливо / Пристигащи","band":3,"modes":"bus","arr":["7"],"off":[0,-1.9]}},{"type":"Feature","geometry":{"type":"Point","coordinates":[27.873941,43.211603]},"properties":{"line":"7","mode":"bus","color":"#0059a9","colorDark":"#00294f","band":3,"off":[0,1.1]}},{"type":"Feature","geometry":{"type":"Point","coordinates":[28.039647,43.274679]},"properties":{"name":"Република / Златни Пясъци","band":3,"modes":"bus","arr":["9","409"],"off":[0,-0.8]}},{"type":"Feature","geometry":{"type":"Point","coordinates":[28.039647,43.274679]},"properties":{"name":"Република","band":3,"modes":"bus","arr":["9","409"],"off":[0,-3]}},{"type":"Feature","geometry":{"type":"Point","coordinates":[28.039647,43.274679]},"properties":{"line":"9","mode":"bus","color":"#0059a9","colorDark":"#00294f","band":3,"off":[-1.7,1.1]}},{"type":"Feature","geometry":{"type":"Point","coordinates":[28.039647,43.274679]},"properties":{"line":"409","mode":"bus","color":"#0059a9","colorDark":"#00294f","band":3,"off":[1.7,1.1]}},{"type":"Feature","geometry":{"type":"Point","coordinates":[27.917028,43.225613]},"properties":{"name":"Хаджи Димитър / Пристигащи","band":3,"modes":"bus","arr":["10"],"off":[0,-0.8]}},{"type":"Feature","geometry":{"type":"Point","coordinates":[27.917028,43.225613]},"properties":{"name":"Хаджи Димитър","band":3,"modes":"bus","arr":["10"],"off":[0,-3]}},{"type":"Feature","geometry":{"type":"Point","coordinates":[27.917028,43.225613]},"properties":{"line":"10","mode":"bus","color":"#0059a9","colorDark":"#00294f","band":3,"off":[0,1.1]}},{"type":"Feature","geometry":{"type":"Point","coordinates":[27.892835,43.188299]},"properties":{"name":"Крз","band":3,"modes":"bus","arr":["10","13","122"],"off":[0,-0.8]}},{"type":"Feature","geometry":{"type":"Point","coordinates":[27.892835,43.188299]},"properties":{"line":"10","mode":"bus","color":"#0059a9","colorDark":"#00294f","band":3,"off":[-3.4,1.1]}},{"type":"Feature","geometry":{"type":"Point","coordinates":[27.892835,43.188299]},"properties":{"line":"13","mode":"bus","color":"#0059a9","colorDark":"#00294f","band":3,"off":[0,1.1]}},{"type":"Feature","geometry":{"type":"Point","coordinates":[27.892835,43.188299]},"properties":{"line":"122","mode":"bus","color":"#0059a9","colorDark":"#00294f","band":3,"off":[3.4,1.1]}},{"type":"Feature","geometry":{"type":"Point","coordinates":[27.887459,43.174673]},"properties":{"name":"Зора Пристигащи","band":3,"modes":"bus","arr":["12"],"off":[0,-0.8]}},{"type":"Feature","geometry":{"type":"Point","coordinates":[27.887459,43.174673]},"properties":{"name":"Зора","band":3,"modes":"bus","arr":["12"],"off":[0,-1.9]}},{"type":"Feature","geometry":{"type":"Point","coordinates":[27.887459,43.174673]},"properties":{"line":"12","mode":"bus","color":"#0059a9","colorDark":"#00294f","band":3,"off":[0,1.1]}},{"type":"Feature","geometry":{"type":"Point","coordinates":[27.94196,43.223915]},"properties":{"name":"Бриз / Пристигащи","band":3,"modes":"bus","arr":["12"],"off":[0,-0.8]}},{"type":"Feature","geometry":{"type":"Point","coordinates":[27.94196,43.223915]},"properties":{"name":"Бриз","band":3,"modes":"bus","arr":["12"],"off":[0,-1.9]}},{"type":"Feature","geometry":{"type":"Point","coordinates":[27.94196,43.223915]},"properties":{"line":"12","mode":"bus","color":"#0059a9","colorDark":"#00294f","band":3,"off":[0,1.1]}},{"type":"Feature","geometry":{"type":"Point","coordinates":[27.921445,43.226819]},"properties":{"name":"БЛ. 22 - Пристигащи","band":3,"modes":"bus","arr":["13"],"off":[0,-0.8]}},{"type":"Feature","geometry":{"type":"Point","coordinates":[27.921445,43.226819]},"properties":{"name":"БЛ. 22","band":3,"modes":"bus","arr":["13"],"off":[0,-3]}},{"type":"Feature","geometry":{"type":"Point","coordinates":[27.921445,43.226819]},"properties":{"line":"13","mode":"bus","color":"#0059a9","colorDark":"#00294f","band":3,"off":[0,1.1]}},{"type":"Feature","geometry":{"type":"Point","coordinates":[27.850747,43.251549]},"properties":{"name":"Владиславово БЛ 407 / обръщач","band":3,"modes":"bus","arr":["14","20","22","41","82","83","88","122","148","209","209 Б"],"off":[0,-0.8]}},{"type":"Feature","geometry":{"type":"Point","coordinates":[27.850747,43.251549]},"properties":{"name":"БЛ. 407 Владиславово / Пристигащи","band":3,"modes":"bus","arr":["14","20","22","41","82","83","88","122","148","209","209 Б"],"off":[0,-3]}},{"type":"Feature","geometry":{"type":"Point","coordinates":[27.850747,43.251549]},"properties":{"line":"14","mode":"bus","color":"#0059a9","colorDark":"#00294f","band":3,"off":[-6.8,1.1]}},{"type":"Feature","geometry":{"type":"Point","coordinates":[27.850747,43.251549]},"properties":{"line":"20","mode":"bus","color":"#0059a9","colorDark":"#00294f","band":3,"off":[-3.4,1.1]}},{"type":"Feature","geometry":{"type":"Point","coordinates":[27.850747,43.251549]},"properties":{"line":"22","mode":"bus","color":"#0059a9","colorDark":"#00294f","band":3,"off":[0,1.1]}},{"type":"Feature","geometry":{"type":"Point","coordinates":[27.850747,43.251549]},"properties":{"line":"41","mode":"bus","color":"#0059a9","colorDark":"#00294f","band":3,"off":[3.4,1.1]}},{"type":"Feature","geometry":{"type":"Point","coordinates":[27.850747,43.251549]},"properties":{"line":"82","mode":"bus","color":"#149a3f","colorDark":"#0a5121","band":3,"off":[6.8,1.1]}},{"type":"Feature","geometry":{"type":"Point","coordinates":[27.850747,43.251549]},"properties":{"line":"83","mode":"bus","color":"#149a3f","colorDark":"#0a5121","band":3,"off":[-6.8,3.1]}},{"type":"Feature","geometry":{"type":"Point","coordinates":[27.850747,43.251549]},"properties":{"line":"88","mode":"bus","color":"#149a3f","colorDark":"#0a5121","band":3,"off":[-3.4,3.1]}},{"type":"Feature","geometry":{"type":"Point","coordinates":[27.850747,43.251549]},"properties":{"line":"122","mode":"bus","color":"#0059a9","colorDark":"#00294f","band":3,"off":[0,3.1]}},{"type":"Feature","geometry":{"type":"Point","coordinates":[27.850747,43.251549]},"properties":{"line":"148","mode":"bus","color":"#0059a9","colorDark":"#00294f","band":3,"off":[3.4,3.1]}},{"type":"Feature","geometry":{"type":"Point","coordinates":[27.850747,43.251549]},"properties":{"line":"209","mode":"bus","color":"#0059a9","colorDark":"#00294f","band":3,"off":[6.8,3.1]}},{"type":"Feature","geometry":{"type":"Point","coordinates":[27.850747,43.251549]},"properties":{"line":"209 Б","mode":"bus","color":"#0059a9","colorDark":"#00294f","band":3,"off":[0,5.1]}},{"type":"Feature","geometry":{"type":"Point","coordinates":[27.956792,43.218519]},"properties":{"name":"Почивка / обръщач","band":3,"modes":"bus","arr":["14","17","30","39","118","148","209"],"off":[0,-0.8]}},{"type":"Feature","geometry":{"type":"Point","coordinates":[27.956792,43.218519]},"properties":{"name":"Почивка / Заминаващи","band":3,"modes":"bus","arr":["14","17","30","39","118","148","209"],"off":[0,-1.9]}},{"type":"Feature","geometry":{"type":"Point","coordinates":[27.956792,43.218519]},"properties":{"line":"14","mode":"bus","color":"#0059a9","colorDark":"#00294f","band":3,"off":[-6.8,1.1]}},{"type":"Feature","geometry":{"type":"Point","coordinates":[27.956792,43.218519]},"properties":{"line":"17","mode":"bus","color":"#0059a9","colorDark":"#00294f","band":3,"off":[-3.4,1.1]}},{"type":"Feature","geometry":{"type":"Point","coordinates":[27.956792,43.218519]},"properties":{"line":"30","mode":"bus","color":"#0059a9","colorDark":"#00294f","band":3,"off":[0,1.1]}},{"type":"Feature","geometry":{"type":"Point","coordinates":[27.956792,43.218519]},"properties":{"line":"39","mode":"bus","color":"#0059a9","colorDark":"#00294f","band":3,"off":[3.4,1.1]}},{"type":"Feature","geometry":{"type":"Point","coordinates":[27.956792,43.218519]},"properties":{"line":"118","mode":"bus","color":"#0059a9","colorDark":"#00294f","band":3,"off":[6.8,1.1]}},{"type":"Feature","geometry":{"type":"Point","coordinates":[27.956792,43.218519]},"properties":{"line":"148","mode":"bus","color":"#0059a9","colorDark":"#00294f","band":3,"off":[-1.7,3.1]}},{"type":"Feature","geometry":{"type":"Point","coordinates":[27.956792,43.218519]},"properties":{"line":"209","mode":"bus","color":"#0059a9","colorDark":"#00294f","band":3,"off":[1.7,3.1]}},{"type":"Feature","geometry":{"type":"Point","coordinates":[27.885567,43.151536]},"properties":{"name":"Малък обръщач Боровец","band":3,"modes":"bus","arr":["17"],"off":[0,-0.8]}},{"type":"Feature","geometry":{"type":"Point","coordinates":[27.885567,43.151536]},"properties":{"line":"17","mode":"bus","color":"#0059a9","colorDark":"#00294f","band":3,"off":[0,1.1]}},{"type":"Feature","geometry":{"type":"Point","coordinates":[27.91349,43.15412]},"properties":{"name":"Обръщач Боровец за Галата / Голям","band":3,"modes":"bus","arr":["46 Б"],"off":[0,-0.8]}},{"type":"Feature","geometry":{"type":"Point","coordinates":[27.91349,43.15412]},"properties":{"line":"46 Б","mode":"bus","color":"#0059a9","colorDark":"#00294f","band":3,"off":[0,1.1]}},{"type":"Feature","geometry":{"type":"Point","coordinates":[27.931003,43.161298]},"properties":{"name":"Галата обръщач","band":3,"modes":"bus","arr":["17","46 Б"],"off":[0,-0.8]}},{"type":"Feature","geometry":{"type":"Point","coordinates":[27.931003,43.161298]},"properties":{"line":"17","mode":"bus","color":"#0059a9","colorDark":"#00294f","band":3,"off":[-1.7,1.1]}},{"type":"Feature","geometry":{"type":"Point","coordinates":[27.931003,43.161298]},"properties":{"line":"46 Б","mode":"bus","color":"#0059a9","colorDark":"#00294f","band":3,"off":[1.7,1.1]}},{"type":"Feature","geometry":{"type":"Point","coordinates":[27.913785,43.198572]},"properties":{"name":"ЖП. гара ПЛ. Славейков","band":3,"modes":"bus","arr":["82","83"],"off":[0,-0.8]}},{"type":"Feature","geometry":{"type":"Point","coordinates":[27.913785,43.198572]},"properties":{"name":"ЖП. гара обръщач Тролеи","band":3,"modes":"bus","arr":["82","83"],"off":[0,-3]}},{"type":"Feature","geometry":{"type":"Point","coordinates":[27.913785,43.198572]},"properties":{"line":"82","mode":"bus","color":"#149a3f","colorDark":"#0a5121","band":3,"off":[-1.7,1.1]}},{"type":"Feature","geometry":{"type":"Point","coordinates":[27.913785,43.198572]},"properties":{"line":"83","mode":"bus","color":"#149a3f","colorDark":"#0a5121","band":3,"off":[1.7,1.1]}},{"type":"Feature","geometry":{"type":"Point","coordinates":[27.920048,43.129536]},"properties":{"name":"Обръщач Черноморец Пристигащи","band":3,"modes":"bus","arr":["17"],"off":[0,-0.8]}},{"type":"Feature","geometry":{"type":"Point","coordinates":[27.920048,43.129536]},"properties":{"name":"Обръщач Черноморец","band":3,"modes":"bus","arr":["17"],"off":[0,-3]}},{"type":"Feature","geometry":{"type":"Point","coordinates":[27.920048,43.129536]},"properties":{"line":"17","mode":"bus","color":"#0059a9","colorDark":"#00294f","band":3,"off":[0,1.1]}},{"type":"Feature","geometry":{"type":"Point","coordinates":[27.806514,43.22442]},"properties":{"name":"Гробище","band":3,"modes":"bus","arr":["118"],"off":[0,-0.8]}},{"type":"Feature","geometry":{"type":"Point","coordinates":[27.806514,43.22442]},"properties":{"line":"118","mode":"bus","color":"#0059a9","colorDark":"#00294f","band":3,"off":[0,1.1]}},{"type":"Feature","geometry":{"type":"Point","coordinates":[27.819324,43.212194]},"properties":{"name":"Обръщач Тополи / Пристигащи","band":3,"modes":"bus","arr":["18","118"],"off":[0,-0.8]}},{"type":"Feature","geometry":{"type":"Point","coordinates":[27.819324,43.212194]},"properties":{"name":"Обръщач / Тополи","band":3,"modes":"bus","arr":["18","118"],"off":[0,-3]}},{"type":"Feature","geometry":{"type":"Point","coordinates":[27.819324,43.212194]},"properties":{"line":"18","mode":"bus","color":"#0059a9","colorDark":"#00294f","band":3,"off":[-1.7,1.1]}},{"type":"Feature","geometry":{"type":"Point","coordinates":[27.819324,43.212194]},"properties":{"line":"118","mode":"bus","color":"#0059a9","colorDark":"#00294f","band":3,"off":[1.7,1.1]}},{"type":"Feature","geometry":{"type":"Point","coordinates":[27.819153,43.199118]},"properties":{"name":"С. Казашко / Пристигащи","band":3,"modes":"bus","arr":["18","118"],"off":[0,-0.8]}},{"type":"Feature","geometry":{"type":"Point","coordinates":[27.819153,43.199118]},"properties":{"name":"С. Казашко","band":3,"modes":"bus","arr":["18","118"],"off":[0,-3]}},{"type":"Feature","geometry":{"type":"Point","coordinates":[27.819153,43.199118]},"properties":{"line":"18","mode":"bus","color":"#0059a9","colorDark":"#00294f","band":3,"off":[-1.7,1.1]}},{"type":"Feature","geometry":{"type":"Point","coordinates":[27.819153,43.199118]},"properties":{"line":"118","mode":"bus","color":"#0059a9","colorDark":"#00294f","band":3,"off":[1.7,1.1]}},{"type":"Feature","geometry":{"type":"Point","coordinates":[27.913658,43.245127]},"properties":{"name":"Блоковете Каменар","band":3,"modes":"bus","arr":["23"],"off":[0,-0.8]}},{"type":"Feature","geometry":{"type":"Point","coordinates":[27.913658,43.245127]},"properties":{"name":"Блоковете / Каменар Пристигащи","band":3,"modes":"bus","arr":["23"],"off":[0,-1.9]}},{"type":"Feature","geometry":{"type":"Point","coordinates":[27.913658,43.245127]},"properties":{"line":"23","mode":"bus","color":"#0059a9","colorDark":"#00294f","band":3,"off":[0,1.1]}},{"type":"Feature","geometry":{"type":"Point","coordinates":[28.017668,43.277389]},"properties":{"name":"Аладжа манастир / Пристигащи","band":3,"modes":"bus","arr":["29"],"off":[0,-0.8]}},{"type":"Feature","geometry":{"type":"Point","coordinates":[28.017668,43.277389]},"properties":{"name":"Аладжа манастир","band":3,"modes":"bus","arr":["29"],"off":[0,-3]}},{"type":"Feature","geometry":{"type":"Point","coordinates":[28.017668,43.277389]},"properties":{"line":"29","mode":"bus","color":"#0059a9","colorDark":"#00294f","band":3,"off":[0,1.1]}},{"type":"Feature","geometry":{"type":"Point","coordinates":[27.987986,43.249818]},"properties":{"name":"ДОМ Майка и Дете","band":3,"modes":"bus","arr":["31","31A"],"off":[0,-0.8]}},{"type":"Feature","geometry":{"type":"Point","coordinates":[27.987986,43.249818]},"properties":{"line":"31","mode":"bus","color":"#0059a9","colorDark":"#00294f","band":3,"off":[-1.7,1.1]}},{"type":"Feature","geometry":{"type":"Point","coordinates":[27.987986,43.249818]},"properties":{"line":"31A","mode":"bus","color":"#0059a9","colorDark":"#00294f","band":3,"off":[1.7,1.1]}},{"type":"Feature","geometry":{"type":"Point","coordinates":[27.964059,43.250919]},"properties":{"name":"Добрева Чешма / Пристигащи","band":3,"modes":"bus","arr":["30"],"off":[0,-0.8]}},{"type":"Feature","geometry":{"type":"Point","coordinates":[27.964059,43.250919]},"properties":{"name":"Добрева Чешма / Заминаващи","band":3,"modes":"bus","arr":["30"],"off":[0,-3]}},{"type":"Feature","geometry":{"type":"Point","coordinates":[27.964059,43.250919]},"properties":{"line":"30","mode":"bus","color":"#0059a9","colorDark":"#00294f","band":3,"off":[0,1.1]}},{"type":"Feature","geometry":{"type":"Point","coordinates":[27.837883,43.1561]},"properties":{"name":"Звездица Център Пристигащи","band":3,"modes":"bus","arr":["36"],"off":[0,-0.8]}},{"type":"Feature","geometry":{"type":"Point","coordinates":[27.837883,43.1561]},"properties":{"name":"Звездица Център / Заминаващи","band":3,"modes":"bus","arr":["36"],"off":[0,-3]}},{"type":"Feature","geometry":{"type":"Point","coordinates":[27.837883,43.1561]},"properties":{"line":"36","mode":"bus","color":"#0059a9","colorDark":"#00294f","band":3,"off":[0,1.1]}},{"type":"Feature","geometry":{"type":"Point","coordinates":[27.782136,43.165783]},"properties":{"name":"Константиново обръщач / Пристигащи","band":3,"modes":"bus","arr":["37"],"off":[0,-0.8]}},{"type":"Feature","geometry":{"type":"Point","coordinates":[27.782136,43.165783]},"properties":{"name":"Константиново обръщач / Заминаващи","band":3,"modes":"bus","arr":["37"],"off":[0,-3]}},{"type":"Feature","geometry":{"type":"Point","coordinates":[27.782136,43.165783]},"properties":{"line":"37","mode":"bus","color":"#0059a9","colorDark":"#00294f","band":3,"off":[0,1.1]}},{"type":"Feature","geometry":{"type":"Point","coordinates":[27.863966,43.21268]},"properties":{"name":"Опсо / Пристигащи","band":3,"modes":"bus","arr":["39"],"off":[0,-0.8]}},{"type":"Feature","geometry":{"type":"Point","coordinates":[27.863966,43.21268]},"properties":{"name":"Опсо","band":3,"modes":"bus","arr":["39"],"off":[0,-1.9]}},{"type":"Feature","geometry":{"type":"Point","coordinates":[27.863966,43.21268]},"properties":{"line":"39","mode":"bus","color":"#0059a9","colorDark":"#00294f","band":3,"off":[0,1.1]}},{"type":"Feature","geometry":{"type":"Point","coordinates":[27.875513,43.219079]},"properties":{"name":"Обръщач 39 / Пристигащи","band":3,"modes":"bus","arr":["39"],"off":[0,-0.8]}},{"type":"Feature","geometry":{"type":"Point","coordinates":[27.875513,43.219079]},"properties":{"name":"Обръщач 39","band":3,"modes":"bus","arr":["39"],"off":[0,-3]}},{"type":"Feature","geometry":{"type":"Point","coordinates":[27.875513,43.219079]},"properties":{"line":"39","mode":"bus","color":"#0059a9","colorDark":"#00294f","band":3,"off":[0,1.1]}},{"type":"Feature","geometry":{"type":"Point","coordinates":[27.843734,43.135133]},"properties":{"name":"Крушките / Пристигащи","band":3,"modes":"bus","arr":["55"],"off":[0,-0.8]}},{"type":"Feature","geometry":{"type":"Point","coordinates":[27.843734,43.135133]},"properties":{"name":"Крушките","band":3,"modes":"bus","arr":["55"],"off":[0,-3]}},{"type":"Feature","geometry":{"type":"Point","coordinates":[27.843734,43.135133]},"properties":{"line":"55","mode":"bus","color":"#0059a9","colorDark":"#00294f","band":3,"off":[0,1.1]}},{"type":"Feature","geometry":{"type":"Point","coordinates":[27.898484,43.181419]},"properties":{"name":"Обръщач Тролеи Аспарухово","band":3,"modes":"bus","arr":["88"],"off":[0,-0.8]}},{"type":"Feature","geometry":{"type":"Point","coordinates":[27.898484,43.181419]},"properties":{"line":"88","mode":"bus","color":"#149a3f","colorDark":"#0a5121","band":3,"off":[0,1.1]}},{"type":"Feature","geometry":{"type":"Point","coordinates":[28.051784,43.307691]},"properties":{"name":"Панорама / Пристигащи","band":3,"modes":"bus","arr":["109","209 Б"],"off":[0,-0.8]}},{"type":"Feature","geometry":{"type":"Point","coordinates":[28.051784,43.307691]},"properties":{"line":"109","mode":"bus","color":"#0059a9","colorDark":"#00294f","band":3,"off":[-1.7,1.1]}},{"type":"Feature","geometry":{"type":"Point","coordinates":[28.051784,43.307691]},"properties":{"line":"209 Б","mode":"bus","color":"#0059a9","colorDark":"#00294f","band":3,"off":[1.7,1.1]}},{"type":"Feature","geometry":{"type":"Point","coordinates":[28.050328,43.30499]},"properties":{"name":"Панорама / Златни Пясъци","band":3,"modes":"bus","arr":["109","209 Б"],"off":[0,-0.8]}},{"type":"Feature","geometry":{"type":"Point","coordinates":[28.050328,43.30499]},"properties":{"line":"109","mode":"bus","color":"#0059a9","colorDark":"#00294f","band":3,"off":[-1.7,1.1]}},{"type":"Feature","geometry":{"type":"Point","coordinates":[28.050328,43.30499]},"properties":{"line":"209 Б","mode":"bus","color":"#0059a9","colorDark":"#00294f","band":3,"off":[1.7,1.1]}},{"type":"Feature","geometry":{"type":"Point","coordinates":[27.849132,43.240286]},"properties":{"name":"Обръщач 118 Газстанция","band":3,"modes":"bus","arr":["118"],"off":[0,-0.8]}},{"type":"Feature","geometry":{"type":"Point","coordinates":[27.849132,43.240286]},"properties":{"name":"Обръщач 118 / Газстанция","band":3,"modes":"bus","arr":["118"],"off":[0,-3]}},{"type":"Feature","geometry":{"type":"Point","coordinates":[27.849132,43.240286]},"properties":{"line":"118","mode":"bus","color":"#0059a9","colorDark":"#00294f","band":3,"off":[0,1.1]}},{"type":"Feature","geometry":{"type":"Point","coordinates":[27.81329,43.263113]},"properties":{"name":"Сладкарски ЦЕХ / Пристигащи","band":3,"modes":"bus","arr":["409"],"off":[0,-0.8]}},{"type":"Feature","geometry":{"type":"Point","coordinates":[27.81329,43.263113]},"properties":{"name":"Сладкарски ЦЕХ","band":3,"modes":"bus","arr":["409"],"off":[0,-3]}},{"type":"Feature","geometry":{"type":"Point","coordinates":[27.81329,43.263113]},"properties":{"line":"409","mode":"bus","color":"#0059a9","colorDark":"#00294f","band":3,"off":[0,1.1]}},{"type":"Feature","geometry":{"type":"Point","coordinates":[27.856706,43.227261]},"properties":{"name":"Бизнес Парк / Пристигащи","band":4,"modes":"bus","arr":["1","7","118"],"off":[0,-0.8]}},{"type":"Feature","geometry":{"type":"Point","coordinates":[27.856706,43.227261]},"properties":{"name":"Бизнес Парк","band":4,"modes":"bus","arr":["1","7","118"],"off":[0,-3]}},{"type":"Feature","geometry":{"type":"Point","coordinates":[27.856706,43.227261]},"properties":{"line":"1","mode":"bus","color":"#0059a9","colorDark":"#00294f","band":4,"off":[-3.4,1.1]}},{"type":"Feature","geometry":{"type":"Point","coordinates":[27.856706,43.227261]},"properties":{"line":"7","mode":"bus","color":"#0059a9","colorDark":"#00294f","band":4,"off":[0,1.1]}},{"type":"Feature","geometry":{"type":"Point","coordinates":[27.856706,43.227261]},"properties":{"line":"118","mode":"bus","color":"#0059a9","colorDark":"#00294f","band":4,"off":[3.4,1.1]}},{"type":"Feature","geometry":{"type":"Point","coordinates":[27.85583,43.216232]},"properties":{"name":"ЗПЗ / Пристигащи","band":4,"modes":"bus","arr":["7"],"off":[0,-0.8]}},{"type":"Feature","geometry":{"type":"Point","coordinates":[27.85583,43.216232]},"properties":{"name":"ЗПЗ","band":4,"modes":"bus","arr":["7"],"off":[0,-1.9]}},{"type":"Feature","geometry":{"type":"Point","coordinates":[27.85583,43.216232]},"properties":{"line":"7","mode":"bus","color":"#0059a9","colorDark":"#00294f","band":4,"off":[0,1.1]}},{"type":"Feature","geometry":{"type":"Point","coordinates":[27.906536,43.200549]},"properties":{"name":"Обръщач 1","band":4,"modes":"bus","arr":["1","7","9","10","13","17","18","20","22","23","29","31","31A","36","37","41","46 Б","55","109"],"off":[0,-0.8]}},{"type":"Feature","geometry":{"type":"Point","coordinates":[27.906536,43.200549]},"properties":{"line":"1","mode":"bus","color":"#0059a9","colorDark":"#00294f","band":4,"off":[-6.8,1.1]}},{"type":"Feature","geometry":{"type":"Point","coordinates":[27.906536,43.200549]},"properties":{"line":"7","mode":"bus","color":"#0059a9","colorDark":"#00294f","band":4,"off":[-3.4,1.1]}},{"type":"Feature","geometry":{"type":"Point","coordinates":[27.906536,43.200549]},"properties":{"line":"9","mode":"bus","color":"#0059a9","colorDark":"#00294f","band":4,"off":[0,1.1]}},{"type":"Feature","geometry":{"type":"Point","coordinates":[27.906536,43.200549]},"properties":{"line":"10","mode":"bus","color":"#0059a9","colorDark":"#00294f","band":4,"off":[3.4,1.1]}},{"type":"Feature","geometry":{"type":"Point","coordinates":[27.906536,43.200549]},"properties":{"line":"13","mode":"bus","color":"#0059a9","colorDark":"#00294f","band":4,"off":[6.8,1.1]}},{"type":"Feature","geometry":{"type":"Point","coordinates":[27.906536,43.200549]},"properties":{"line":"17","mode":"bus","color":"#0059a9","colorDark":"#00294f","band":4,"off":[-6.8,3.1]}},{"type":"Feature","geometry":{"type":"Point","coordinates":[27.906536,43.200549]},"properties":{"line":"18","mode":"bus","color":"#0059a9","colorDark":"#00294f","band":4,"off":[-3.4,3.1]}},{"type":"Feature","geometry":{"type":"Point","coordinates":[27.906536,43.200549]},"properties":{"line":"20","mode":"bus","color":"#0059a9","colorDark":"#00294f","band":4,"off":[0,3.1]}},{"type":"Feature","geometry":{"type":"Point","coordinates":[27.906536,43.200549]},"properties":{"line":"22","mode":"bus","color":"#0059a9","colorDark":"#00294f","band":4,"off":[3.4,3.1]}},{"type":"Feature","geometry":{"type":"Point","coordinates":[27.906536,43.200549]},"properties":{"line":"23","mode":"bus","color":"#0059a9","colorDark":"#00294f","band":4,"off":[6.8,3.1]}},{"type":"Feature","geometry":{"type":"Point","coordinates":[27.906536,43.200549]},"properties":{"line":"29","mode":"bus","color":"#0059a9","colorDark":"#00294f","band":4,"off":[-6.8,5.1]}},{"type":"Feature","geometry":{"type":"Point","coordinates":[27.906536,43.200549]},"properties":{"line":"31","mode":"bus","color":"#0059a9","colorDark":"#00294f","band":4,"off":[-3.4,5.1]}},{"type":"Feature","geometry":{"type":"Point","coordinates":[27.906536,43.200549]},"properties":{"line":"31A","mode":"bus","color":"#0059a9","colorDark":"#00294f","band":4,"off":[0,5.1]}},{"type":"Feature","geometry":{"type":"Point","coordinates":[27.906536,43.200549]},"properties":{"line":"36","mode":"bus","color":"#0059a9","colorDark":"#00294f","band":4,"off":[3.4,5.1]}},{"type":"Feature","geometry":{"type":"Point","coordinates":[27.906536,43.200549]},"properties":{"line":"37","mode":"bus","color":"#0059a9","colorDark":"#00294f","band":4,"off":[6.8,5.1]}},{"type":"Feature","geometry":{"type":"Point","coordinates":[27.906536,43.200549]},"properties":{"line":"41","mode":"bus","color":"#0059a9","colorDark":"#00294f","band":4,"off":[-5.1,7.1]}},{"type":"Feature","geometry":{"type":"Point","coordinates":[27.906536,43.200549]},"properties":{"line":"46 Б","mode":"bus","color":"#0059a9","colorDark":"#00294f","band":4,"off":[-1.7,7.1]}},{"type":"Feature","geometry":{"type":"Point","coordinates":[27.906536,43.200549]},"properties":{"line":"55","mode":"bus","color":"#0059a9","colorDark":"#00294f","band":4,"off":[1.7,7.1]}},{"type":"Feature","geometry":{"type":"Point","coordinates":[27.906536,43.200549]},"properties":{"line":"109","mode":"bus","color":"#0059a9","colorDark":"#00294f","band":4,"off":[5.1,7.1]}},{"type":"Feature","geometry":{"type":"Point","coordinates":[27.872346,43.221982]},"properties":{"name":"Елпром-3","band":4,"modes":"bus","arr":["7"],"off":[0,-0.8]}},{"type":"Feature","geometry":{"type":"Point","coordinates":[27.872346,43.221982]},"properties":{"name":"Елпром - 4 / Пристигащи","band":4,"modes":"bus","arr":["7"],"off":[0,-1.9]}},{"type":"Feature","geometry":{"type":"Point","coordinates":[27.872346,43.221982]},"properties":{"line":"7","mode":"bus","color":"#0059a9","colorDark":"#00294f","band":4,"off":[0,1.1]}},{"type":"Feature","geometry":{"type":"Point","coordinates":[27.873941,43.211603]},"properties":{"name":"Топливо ВХ. 2","band":4,"modes":"bus","arr":["7"],"off":[0,-0.8]}},{"type":"Feature","geometry":{"type":"Point","coordinates":[27.873941,43.211603]},"properties":{"name":"Топливо / Пристигащи","band":4,"modes":"bus","arr":["7"],"off":[0,-1.9]}},{"type":"Feature","geometry":{"type":"Point","coordinates":[27.873941,43.211603]},"properties":{"line":"7","mode":"bus","color":"#0059a9","colorDark":"#00294f","band":4,"off":[0,1.1]}},{"type":"Feature","geometry":{"type":"Point","coordinates":[28.039957,43.27487]},"properties":{"name":"Република / Златни Пясъци","band":4,"modes":"bus","arr":["9","409"],"off":[0,-0.8]}},{"type":"Feature","geometry":{"type":"Point","coordinates":[28.039957,43.27487]},"properties":{"line":"9","mode":"bus","color":"#0059a9","colorDark":"#00294f","band":4,"off":[-1.7,1.1]}},{"type":"Feature","geometry":{"type":"Point","coordinates":[28.039957,43.27487]},"properties":{"line":"409","mode":"bus","color":"#0059a9","colorDark":"#00294f","band":4,"off":[1.7,1.1]}},{"type":"Feature","geometry":{"type":"Point","coordinates":[28.039336,43.274487]},"properties":{"name":"Република","band":4,"modes":"bus","arr":["9","409"],"off":[0,-0.8]}},{"type":"Feature","geometry":{"type":"Point","coordinates":[28.039336,43.274487]},"properties":{"line":"9","mode":"bus","color":"#0059a9","colorDark":"#00294f","band":4,"off":[-1.7,1.1]}},{"type":"Feature","geometry":{"type":"Point","coordinates":[28.039336,43.274487]},"properties":{"line":"409","mode":"bus","color":"#0059a9","colorDark":"#00294f","band":4,"off":[1.7,1.1]}},{"type":"Feature","geometry":{"type":"Point","coordinates":[27.917028,43.225613]},"properties":{"name":"Хаджи Димитър / Пристигащи","band":4,"modes":"bus","arr":["10"],"off":[0,-0.8]}},{"type":"Feature","geometry":{"type":"Point","coordinates":[27.917028,43.225613]},"properties":{"name":"Хаджи Димитър","band":4,"modes":"bus","arr":["10"],"off":[0,-3]}},{"type":"Feature","geometry":{"type":"Point","coordinates":[27.917028,43.225613]},"properties":{"line":"10","mode":"bus","color":"#0059a9","colorDark":"#00294f","band":4,"off":[0,1.1]}},{"type":"Feature","geometry":{"type":"Point","coordinates":[27.892835,43.188299]},"properties":{"name":"Крз","band":4,"modes":"bus","arr":["10","13","122"],"off":[0,-0.8]}},{"type":"Feature","geometry":{"type":"Point","coordinates":[27.892835,43.188299]},"properties":{"line":"10","mode":"bus","color":"#0059a9","colorDark":"#00294f","band":4,"off":[-3.4,1.1]}},{"type":"Feature","geometry":{"type":"Point","coordinates":[27.892835,43.188299]},"properties":{"line":"13","mode":"bus","color":"#0059a9","colorDark":"#00294f","band":4,"off":[0,1.1]}},{"type":"Feature","geometry":{"type":"Point","coordinates":[27.892835,43.188299]},"properties":{"line":"122","mode":"bus","color":"#0059a9","colorDark":"#00294f","band":4,"off":[3.4,1.1]}},{"type":"Feature","geometry":{"type":"Point","coordinates":[27.887459,43.174673]},"properties":{"name":"Зора Пристигащи","band":4,"modes":"bus","arr":["12"],"off":[0,-0.8]}},{"type":"Feature","geometry":{"type":"Point","coordinates":[27.887459,43.174673]},"properties":{"name":"Зора","band":4,"modes":"bus","arr":["12"],"off":[0,-1.9]}},{"type":"Feature","geometry":{"type":"Point","coordinates":[27.887459,43.174673]},"properties":{"line":"12","mode":"bus","color":"#0059a9","colorDark":"#00294f","band":4,"off":[0,1.1]}},{"type":"Feature","geometry":{"type":"Point","coordinates":[27.94196,43.223915]},"properties":{"name":"Бриз / Пристигащи","band":4,"modes":"bus","arr":["12"],"off":[0,-0.8]}},{"type":"Feature","geometry":{"type":"Point","coordinates":[27.94196,43.223915]},"properties":{"name":"Бриз","band":4,"modes":"bus","arr":["12"],"off":[0,-1.9]}},{"type":"Feature","geometry":{"type":"Point","coordinates":[27.94196,43.223915]},"properties":{"line":"12","mode":"bus","color":"#0059a9","colorDark":"#00294f","band":4,"off":[0,1.1]}},{"type":"Feature","geometry":{"type":"Point","coordinates":[27.921223,43.226658]},"properties":{"name":"БЛ. 22","band":4,"modes":"bus","arr":["13"],"off":[0,-0.8]}},{"type":"Feature","geometry":{"type":"Point","coordinates":[27.921223,43.226658]},"properties":{"line":"13","mode":"bus","color":"#0059a9","colorDark":"#00294f","band":4,"off":[0,1.1]}},{"type":"Feature","geometry":{"type":"Point","coordinates":[27.921667,43.22698]},"properties":{"name":"БЛ. 22 - Пристигащи","band":4,"modes":"bus","arr":["13"],"off":[0,-0.8]}},{"type":"Feature","geometry":{"type":"Point","coordinates":[27.921667,43.22698]},"properties":{"line":"13","mode":"bus","color":"#0059a9","colorDark":"#00294f","band":4,"off":[0,1.1]}},{"type":"Feature","geometry":{"type":"Point","coordinates":[27.850747,43.251549]},"properties":{"name":"Владиславово БЛ 407 / обръщач","band":4,"modes":"bus","arr":["14","20","22","41","82","83","88","122","148","209","209 Б"],"off":[0,-0.8]}},{"type":"Feature","geometry":{"type":"Point","coordinates":[27.850747,43.251549]},"properties":{"name":"БЛ. 407 Владиславово / Пристигащи","band":4,"modes":"bus","arr":["14","20","22","41","82","83","88","122","148","209","209 Б"],"off":[0,-3]}},{"type":"Feature","geometry":{"type":"Point","coordinates":[27.850747,43.251549]},"properties":{"line":"14","mode":"bus","color":"#0059a9","colorDark":"#00294f","band":4,"off":[-6.8,1.1]}},{"type":"Feature","geometry":{"type":"Point","coordinates":[27.850747,43.251549]},"properties":{"line":"20","mode":"bus","color":"#0059a9","colorDark":"#00294f","band":4,"off":[-3.4,1.1]}},{"type":"Feature","geometry":{"type":"Point","coordinates":[27.850747,43.251549]},"properties":{"line":"22","mode":"bus","color":"#0059a9","colorDark":"#00294f","band":4,"off":[0,1.1]}},{"type":"Feature","geometry":{"type":"Point","coordinates":[27.850747,43.251549]},"properties":{"line":"41","mode":"bus","color":"#0059a9","colorDark":"#00294f","band":4,"off":[3.4,1.1]}},{"type":"Feature","geometry":{"type":"Point","coordinates":[27.850747,43.251549]},"properties":{"line":"82","mode":"bus","color":"#149a3f","colorDark":"#0a5121","band":4,"off":[6.8,1.1]}},{"type":"Feature","geometry":{"type":"Point","coordinates":[27.850747,43.251549]},"properties":{"line":"83","mode":"bus","color":"#149a3f","colorDark":"#0a5121","band":4,"off":[-6.8,3.1]}},{"type":"Feature","geometry":{"type":"Point","coordinates":[27.850747,43.251549]},"properties":{"line":"88","mode":"bus","color":"#149a3f","colorDark":"#0a5121","band":4,"off":[-3.4,3.1]}},{"type":"Feature","geometry":{"type":"Point","coordinates":[27.850747,43.251549]},"properties":{"line":"122","mode":"bus","color":"#0059a9","colorDark":"#00294f","band":4,"off":[0,3.1]}},{"type":"Feature","geometry":{"type":"Point","coordinates":[27.850747,43.251549]},"properties":{"line":"148","mode":"bus","color":"#0059a9","colorDark":"#00294f","band":4,"off":[3.4,3.1]}},{"type":"Feature","geometry":{"type":"Point","coordinates":[27.850747,43.251549]},"properties":{"line":"209","mode":"bus","color":"#0059a9","colorDark":"#00294f","band":4,"off":[6.8,3.1]}},{"type":"Feature","geometry":{"type":"Point","coordinates":[27.850747,43.251549]},"properties":{"line":"209 Б","mode":"bus","color":"#0059a9","colorDark":"#00294f","band":4,"off":[0,5.1]}},{"type":"Feature","geometry":{"type":"Point","coordinates":[27.956792,43.218519]},"properties":{"name":"Почивка / обръщач","band":4,"modes":"bus","arr":["14","17","30","39","118","148","209"],"off":[0,-0.8]}},{"type":"Feature","geometry":{"type":"Point","coordinates":[27.956792,43.218519]},"properties":{"name":"Почивка / Заминаващи","band":4,"modes":"bus","arr":["14","17","30","39","118","148","209"],"off":[0,-1.9]}},{"type":"Feature","geometry":{"type":"Point","coordinates":[27.956792,43.218519]},"properties":{"line":"14","mode":"bus","color":"#0059a9","colorDark":"#00294f","band":4,"off":[-6.8,1.1]}},{"type":"Feature","geometry":{"type":"Point","coordinates":[27.956792,43.218519]},"properties":{"line":"17","mode":"bus","color":"#0059a9","colorDark":"#00294f","band":4,"off":[-3.4,1.1]}},{"type":"Feature","geometry":{"type":"Point","coordinates":[27.956792,43.218519]},"properties":{"line":"30","mode":"bus","color":"#0059a9","colorDark":"#00294f","band":4,"off":[0,1.1]}},{"type":"Feature","geometry":{"type":"Point","coordinates":[27.956792,43.218519]},"properties":{"line":"39","mode":"bus","color":"#0059a9","colorDark":"#00294f","band":4,"off":[3.4,1.1]}},{"type":"Feature","geometry":{"type":"Point","coordinates":[27.956792,43.218519]},"properties":{"line":"118","mode":"bus","color":"#0059a9","colorDark":"#00294f","band":4,"off":[6.8,1.1]}},{"type":"Feature","geometry":{"type":"Point","coordinates":[27.956792,43.218519]},"properties":{"line":"148","mode":"bus","color":"#0059a9","colorDark":"#00294f","band":4,"off":[-1.7,3.1]}},{"type":"Feature","geometry":{"type":"Point","coordinates":[27.956792,43.218519]},"properties":{"line":"209","mode":"bus","color":"#0059a9","colorDark":"#00294f","band":4,"off":[1.7,3.1]}},{"type":"Feature","geometry":{"type":"Point","coordinates":[27.885567,43.151536]},"properties":{"name":"Малък обръщач Боровец","band":4,"modes":"bus","arr":["17"],"off":[0,-0.8]}},{"type":"Feature","geometry":{"type":"Point","coordinates":[27.885567,43.151536]},"properties":{"line":"17","mode":"bus","color":"#0059a9","colorDark":"#00294f","band":4,"off":[0,1.1]}},{"type":"Feature","geometry":{"type":"Point","coordinates":[27.91349,43.15412]},"properties":{"name":"Обръщач Боровец за Галата / Голям","band":4,"modes":"bus","arr":["46 Б"],"off":[0,-0.8]}},{"type":"Feature","geometry":{"type":"Point","coordinates":[27.91349,43.15412]},"properties":{"line":"46 Б","mode":"bus","color":"#0059a9","colorDark":"#00294f","band":4,"off":[0,1.1]}},{"type":"Feature","geometry":{"type":"Point","coordinates":[27.931003,43.161298]},"properties":{"name":"Галата обръщач","band":4,"modes":"bus","arr":["17","46 Б"],"off":[0,-0.8]}},{"type":"Feature","geometry":{"type":"Point","coordinates":[27.931003,43.161298]},"properties":{"line":"17","mode":"bus","color":"#0059a9","colorDark":"#00294f","band":4,"off":[-1.7,1.1]}},{"type":"Feature","geometry":{"type":"Point","coordinates":[27.931003,43.161298]},"properties":{"line":"46 Б","mode":"bus","color":"#0059a9","colorDark":"#00294f","band":4,"off":[1.7,1.1]}},{"type":"Feature","geometry":{"type":"Point","coordinates":[27.913314,43.19874]},"properties":{"name":"ЖП. гара ПЛ. Славейков","band":4,"modes":"bus","arr":["82"],"off":[0,-0.8]}},{"type":"Feature","geometry":{"type":"Point","coordinates":[27.913314,43.19874]},"properties":{"line":"82","mode":"bus","color":"#149a3f","colorDark":"#0a5121","band":4,"off":[0,1.1]}},{"type":"Feature","geometry":{"type":"Point","coordinates":[27.920048,43.129536]},"properties":{"name":"Обръщач Черноморец Пристигащи","band":4,"modes":"bus","arr":["17"],"off":[0,-0.8]}},{"type":"Feature","geometry":{"type":"Point","coordinates":[27.920048,43.129536]},"properties":{"name":"Обръщач Черноморец","band":4,"modes":"bus","arr":["17"],"off":[0,-3]}},{"type":"Feature","geometry":{"type":"Point","coordinates":[27.920048,43.129536]},"properties":{"line":"17","mode":"bus","color":"#0059a9","colorDark":"#00294f","band":4,"off":[0,1.1]}},{"type":"Feature","geometry":{"type":"Point","coordinates":[27.806514,43.22442]},"properties":{"name":"Гробище","band":4,"modes":"bus","arr":["118"],"off":[0,-0.8]}},{"type":"Feature","geometry":{"type":"Point","coordinates":[27.806514,43.22442]},"properties":{"line":"118","mode":"bus","color":"#0059a9","colorDark":"#00294f","band":4,"off":[0,1.1]}},{"type":"Feature","geometry":{"type":"Point","coordinates":[27.819324,43.212194]},"properties":{"name":"Обръщач Тополи / Пристигащи","band":4,"modes":"bus","arr":["18","118"],"off":[0,-0.8]}},{"type":"Feature","geometry":{"type":"Point","coordinates":[27.819324,43.212194]},"properties":{"name":"Обръщач / Тополи","band":4,"modes":"bus","arr":["18","118"],"off":[0,-3]}},{"type":"Feature","geometry":{"type":"Point","coordinates":[27.819324,43.212194]},"properties":{"line":"18","mode":"bus","color":"#0059a9","colorDark":"#00294f","band":4,"off":[-1.7,1.1]}},{"type":"Feature","geometry":{"type":"Point","coordinates":[27.819324,43.212194]},"properties":{"line":"118","mode":"bus","color":"#0059a9","colorDark":"#00294f","band":4,"off":[1.7,1.1]}},{"type":"Feature","geometry":{"type":"Point","coordinates":[27.819153,43.199118]},"properties":{"name":"С. Казашко / Пристигащи","band":4,"modes":"bus","arr":["18","118"],"off":[0,-0.8]}},{"type":"Feature","geometry":{"type":"Point","coordinates":[27.819153,43.199118]},"properties":{"name":"С. Казашко","band":4,"modes":"bus","arr":["18","118"],"off":[0,-3]}},{"type":"Feature","geometry":{"type":"Point","coordinates":[27.819153,43.199118]},"properties":{"line":"18","mode":"bus","color":"#0059a9","colorDark":"#00294f","band":4,"off":[-1.7,1.1]}},{"type":"Feature","geometry":{"type":"Point","coordinates":[27.819153,43.199118]},"properties":{"line":"118","mode":"bus","color":"#0059a9","colorDark":"#00294f","band":4,"off":[1.7,1.1]}},{"type":"Feature","geometry":{"type":"Point","coordinates":[27.913658,43.245127]},"properties":{"name":"Блоковете Каменар","band":4,"modes":"bus","arr":["23"],"off":[0,-0.8]}},{"type":"Feature","geometry":{"type":"Point","coordinates":[27.913658,43.245127]},"properties":{"name":"Блоковете / Каменар Пристигащи","band":4,"modes":"bus","arr":["23"],"off":[0,-1.9]}},{"type":"Feature","geometry":{"type":"Point","coordinates":[27.913658,43.245127]},"properties":{"line":"23","mode":"bus","color":"#0059a9","colorDark":"#00294f","band":4,"off":[0,1.1]}},{"type":"Feature","geometry":{"type":"Point","coordinates":[28.017668,43.277389]},"properties":{"name":"Аладжа манастир / Пристигащи","band":4,"modes":"bus","arr":["29"],"off":[0,-0.8]}},{"type":"Feature","geometry":{"type":"Point","coordinates":[28.017668,43.277389]},"properties":{"name":"Аладжа манастир","band":4,"modes":"bus","arr":["29"],"off":[0,-3]}},{"type":"Feature","geometry":{"type":"Point","coordinates":[28.017668,43.277389]},"properties":{"line":"29","mode":"bus","color":"#0059a9","colorDark":"#00294f","band":4,"off":[0,1.1]}},{"type":"Feature","geometry":{"type":"Point","coordinates":[27.987986,43.249818]},"properties":{"name":"ДОМ Майка и Дете","band":4,"modes":"bus","arr":["31","31A"],"off":[0,-0.8]}},{"type":"Feature","geometry":{"type":"Point","coordinates":[27.987986,43.249818]},"properties":{"line":"31","mode":"bus","color":"#0059a9","colorDark":"#00294f","band":4,"off":[-1.7,1.1]}},{"type":"Feature","geometry":{"type":"Point","coordinates":[27.987986,43.249818]},"properties":{"line":"31A","mode":"bus","color":"#0059a9","colorDark":"#00294f","band":4,"off":[1.7,1.1]}},{"type":"Feature","geometry":{"type":"Point","coordinates":[27.964059,43.250919]},"properties":{"name":"Добрева Чешма / Пристигащи","band":4,"modes":"bus","arr":["30"],"off":[0,-0.8]}},{"type":"Feature","geometry":{"type":"Point","coordinates":[27.964059,43.250919]},"properties":{"name":"Добрева Чешма / Заминаващи","band":4,"modes":"bus","arr":["30"],"off":[0,-3]}},{"type":"Feature","geometry":{"type":"Point","coordinates":[27.964059,43.250919]},"properties":{"line":"30","mode":"bus","color":"#0059a9","colorDark":"#00294f","band":4,"off":[0,1.1]}},{"type":"Feature","geometry":{"type":"Point","coordinates":[27.837883,43.1561]},"properties":{"name":"Звездица Център Пристигащи","band":4,"modes":"bus","arr":["36"],"off":[0,-0.8]}},{"type":"Feature","geometry":{"type":"Point","coordinates":[27.837883,43.1561]},"properties":{"name":"Звездица Център / Заминаващи","band":4,"modes":"bus","arr":["36"],"off":[0,-3]}},{"type":"Feature","geometry":{"type":"Point","coordinates":[27.837883,43.1561]},"properties":{"line":"36","mode":"bus","color":"#0059a9","colorDark":"#00294f","band":4,"off":[0,1.1]}},{"type":"Feature","geometry":{"type":"Point","coordinates":[27.782136,43.165783]},"properties":{"name":"Константиново обръщач / Пристигащи","band":4,"modes":"bus","arr":["37"],"off":[0,-0.8]}},{"type":"Feature","geometry":{"type":"Point","coordinates":[27.782136,43.165783]},"properties":{"name":"Константиново обръщач / Заминаващи","band":4,"modes":"bus","arr":["37"],"off":[0,-3]}},{"type":"Feature","geometry":{"type":"Point","coordinates":[27.782136,43.165783]},"properties":{"line":"37","mode":"bus","color":"#0059a9","colorDark":"#00294f","band":4,"off":[0,1.1]}},{"type":"Feature","geometry":{"type":"Point","coordinates":[27.863966,43.21268]},"properties":{"name":"Опсо / Пристигащи","band":4,"modes":"bus","arr":["39"],"off":[0,-0.8]}},{"type":"Feature","geometry":{"type":"Point","coordinates":[27.863966,43.21268]},"properties":{"name":"Опсо","band":4,"modes":"bus","arr":["39"],"off":[0,-1.9]}},{"type":"Feature","geometry":{"type":"Point","coordinates":[27.863966,43.21268]},"properties":{"line":"39","mode":"bus","color":"#0059a9","colorDark":"#00294f","band":4,"off":[0,1.1]}},{"type":"Feature","geometry":{"type":"Point","coordinates":[27.875513,43.219079]},"properties":{"name":"Обръщач 39 / Пристигащи","band":4,"modes":"bus","arr":["39"],"off":[0,-0.8]}},{"type":"Feature","geometry":{"type":"Point","coordinates":[27.875513,43.219079]},"properties":{"name":"Обръщач 39","band":4,"modes":"bus","arr":["39"],"off":[0,-3]}},{"type":"Feature","geometry":{"type":"Point","coordinates":[27.875513,43.219079]},"properties":{"line":"39","mode":"bus","color":"#0059a9","colorDark":"#00294f","band":4,"off":[0,1.1]}},{"type":"Feature","geometry":{"type":"Point","coordinates":[27.843981,43.135329]},"properties":{"name":"Крушките / Пристигащи","band":4,"modes":"bus","arr":["55"],"off":[0,-0.8]}},{"type":"Feature","geometry":{"type":"Point","coordinates":[27.843981,43.135329]},"properties":{"line":"55","mode":"bus","color":"#0059a9","colorDark":"#00294f","band":4,"off":[0,1.1]}},{"type":"Feature","geometry":{"type":"Point","coordinates":[27.843486,43.134937]},"properties":{"name":"Крушките","band":4,"modes":"bus","arr":["55"],"off":[0,-0.8]}},{"type":"Feature","geometry":{"type":"Point","coordinates":[27.843486,43.134937]},"properties":{"line":"55","mode":"bus","color":"#0059a9","colorDark":"#00294f","band":4,"off":[0,1.1]}},{"type":"Feature","geometry":{"type":"Point","coordinates":[27.914255,43.198403]},"properties":{"name":"ЖП. гара обръщач Тролеи","band":4,"modes":"bus","arr":["82","83"],"off":[0,-0.8]}},{"type":"Feature","geometry":{"type":"Point","coordinates":[27.914255,43.198403]},"properties":{"line":"82","mode":"bus","color":"#149a3f","colorDark":"#0a5121","band":4,"off":[-1.7,1.1]}},{"type":"Feature","geometry":{"type":"Point","coordinates":[27.914255,43.198403]},"properties":{"line":"83","mode":"bus","color":"#149a3f","colorDark":"#0a5121","band":4,"off":[1.7,1.1]}},{"type":"Feature","geometry":{"type":"Point","coordinates":[27.898484,43.181419]},"properties":{"name":"Обръщач Тролеи Аспарухово","band":4,"modes":"bus","arr":["88"],"off":[0,-0.8]}},{"type":"Feature","geometry":{"type":"Point","coordinates":[27.898484,43.181419]},"properties":{"line":"88","mode":"bus","color":"#149a3f","colorDark":"#0a5121","band":4,"off":[0,1.1]}},{"type":"Feature","geometry":{"type":"Point","coordinates":[28.051784,43.307691]},"properties":{"name":"Панорама / Пристигащи","band":4,"modes":"bus","arr":["109","209 Б"],"off":[0,-0.8]}},{"type":"Feature","geometry":{"type":"Point","coordinates":[28.051784,43.307691]},"properties":{"line":"109","mode":"bus","color":"#0059a9","colorDark":"#00294f","band":4,"off":[-1.7,1.1]}},{"type":"Feature","geometry":{"type":"Point","coordinates":[28.051784,43.307691]},"properties":{"line":"209 Б","mode":"bus","color":"#0059a9","colorDark":"#00294f","band":4,"off":[1.7,1.1]}},{"type":"Feature","geometry":{"type":"Point","coordinates":[28.050328,43.30499]},"properties":{"name":"Панорама / Златни Пясъци","band":4,"modes":"bus","arr":["109","209 Б"],"off":[0,-0.8]}},{"type":"Feature","geometry":{"type":"Point","coordinates":[28.050328,43.30499]},"properties":{"line":"109","mode":"bus","color":"#0059a9","colorDark":"#00294f","band":4,"off":[-1.7,1.1]}},{"type":"Feature","geometry":{"type":"Point","coordinates":[28.050328,43.30499]},"properties":{"line":"209 Б","mode":"bus","color":"#0059a9","colorDark":"#00294f","band":4,"off":[1.7,1.1]}},{"type":"Feature","geometry":{"type":"Point","coordinates":[27.849531,43.240373]},"properties":{"name":"Обръщач 118 Газстанция","band":4,"modes":"bus","arr":["118"],"off":[0,-0.8]}},{"type":"Feature","geometry":{"type":"Point","coordinates":[27.849531,43.240373]},"properties":{"line":"118","mode":"bus","color":"#0059a9","colorDark":"#00294f","band":4,"off":[0,1.1]}},{"type":"Feature","geometry":{"type":"Point","coordinates":[27.848733,43.240198]},"properties":{"name":"Обръщач 118 / Газстанция","band":4,"modes":"bus","arr":["118"],"off":[0,-0.8]}},{"type":"Feature","geometry":{"type":"Point","coordinates":[27.848733,43.240198]},"properties":{"line":"118","mode":"bus","color":"#0059a9","colorDark":"#00294f","band":4,"off":[0,1.1]}},{"type":"Feature","geometry":{"type":"Point","coordinates":[27.81329,43.263113]},"properties":{"name":"Сладкарски ЦЕХ / Пристигащи","band":4,"modes":"bus","arr":["409"],"off":[0,-0.8]}},{"type":"Feature","geometry":{"type":"Point","coordinates":[27.81329,43.263113]},"properties":{"name":"Сладкарски ЦЕХ","band":4,"modes":"bus","arr":["409"],"off":[0,-3]}},{"type":"Feature","geometry":{"type":"Point","coordinates":[27.81329,43.263113]},"properties":{"line":"409","mode":"bus","color":"#0059a9","colorDark":"#00294f","band":4,"off":[0,1.1]}}]}