{"type":"FeatureCollection","features":[{"type":"Feature","geometry":{"type":"Point","coordinates":[27.856888,43.226909]},"properties":{"lines":"1, 7, 118","color":"#0059a9","mode":"bus","arr":["1","7","118"],"angle":-71.2}},{"type":"Feature","geometry":{"type":"Point","coordinates":[27.856093,43.226915]},"properties":{"lines":"7","color":"#0059a9","mode":"bus","arr":["7"],"angle":-88.2}},{"type":"Feature","geometry":{"type":"Point","coordinates":[27.905395,43.221743]},"properties":{"lines":"7","color":"#0059a9","mode":"bus","arr":["7"],"angle":66.3,"side":-1}},{"type":"Feature","geometry":{"type":"Point","coordinates":[27.934069,43.218885]},"properties":{"lines":"7","color":"#0059a9","mode":"bus","arr":["7"],"angle":81.6,"side":-1}},{"type":"Feature","geometry":{"type":"Point","coordinates":[27.936765,43.219868]},"properties":{"lines":"7","color":"#0059a9","mode":"bus","arr":["7"],"angle":73.8,"side":-1,"mi":1}},{"type":"Feature","geometry":{"type":"Point","coordinates":[27.859596,43.219108]},"properties":{"lines":"7","color":"#0059a9","mode":"bus","arr":["7"],"angle":28.6,"mi":1}},{"type":"Feature","geometry":{"type":"Point","coordinates":[27.950898,43.215571]},"properties":{"lines":"7","color":"#0059a9","mode":"bus","arr":["7"],"angle":21.8}},{"type":"Feature","geometry":{"type":"Point","coordinates":[27.874105,43.211341]},"properties":{"lines":"7","color":"#0059a9","mode":"bus","arr":["7"],"angle":73.8,"mi":8}},{"type":"Feature","geometry":{"type":"Point","coordinates":[27.8744,43.22211]},"properties":{"lines":"7","color":"#0059a9","mode":"bus","arr":["7"],"angle":-52.3,"mi":2}},{"type":"Feature","geometry":{"type":"Point","coordinates":[27.840749,43.228407]},"properties":{"lines":"18, 118","color":"#0059a9","mode":"bus","arr":["18","118"],"angle":5.6}},{"type":"Feature","geometry":{"type":"Point","coordinates":[27.855436,43.226723]},"properties":{"lines":"18, 118","color":"#0059a9","mode":"bus","arr":["18","118"],"angle":21.1,"extra":1,"ei":0}},{"type":"Feature","geometry":{"type":"Point","coordinates":[27.853003,43.227371]},"properties":{"lines":"18, 118","color":"#0059a9","mode":"bus","arr":["18","118"],"angle":16.7,"extra":1,"ei":1}},{"type":"Feature","geometry":{"type":"Point","coordinates":[27.85045,43.227676]},"properties":{"lines":"18, 118","color":"#0059a9","mode":"bus","arr":["18","118"],"angle":6.8,"extra":1,"ei":2}},{"type":"Feature","geometry":{"type":"Point","coordinates":[27.847873,43.22788]},"properties":{"lines":"18, 118","color":"#0059a9","mode":"bus","arr":["18","118"],"angle":5.8,"extra":1,"ei":3}},{"type":"Feature","geometry":{"type":"Point","coordinates":[27.845295,43.228072]},"properties":{"lines":"18, 118","color":"#0059a9","mode":"bus","arr":["18","118"],"angle":5.9,"extra":1,"ei":4}},{"type":"Feature","geometry":{"type":"Point","coordinates":[27.842717,43.228265]},"properties":{"lines":"18, 118","color":"#0059a9","mode":"bus","arr":["18","118"],"angle":5.8,"extra":1,"ei":5}},{"type":"Feature","geometry":{"type":"Point","coordinates":[27.837558,43.228637]},"properties":{"lines":"18, 118","color":"#0059a9","mode":"bus","arr":["18","118"],"angle":5.6,"extra":1,"ei":6}},{"type":"Feature","geometry":{"type":"Point","coordinates":[27.834979,43.228823]},"properties":{"lines":"18, 118","color":"#0059a9","mode":"bus","arr":["18","118"],"angle":5.6,"extra":1,"ei":7}},{"type":"Feature","geometry":{"type":"Point","coordinates":[27.8324,43.229008]},"properties":{"lines":"18, 118","color":"#0059a9","mode":"bus","arr":["18","118"],"angle":5.6,"extra":1,"ei":8}},{"type":"Feature","geometry":{"type":"Point","coordinates":[27.829818,43.229175]},"properties":{"lines":"18, 118","color":"#0059a9","mode":"bus","arr":["18","118"],"angle":4.1,"extra":1,"ei":9}},{"type":"Feature","geometry":{"type":"Point","coordinates":[27.827229,43.229268]},"properties":{"lines":"18, 118","color":"#0059a9","mode":"bus","arr":["18","118"],"angle":2.5,"extra":1,"ei":10}},{"type":"Feature","geometry":{"type":"Point","coordinates":[27.824642,43.229369]},"properties":{"lines":"18, 118","color":"#0059a9","mode":"bus","arr":["18","118"],"angle":4.5,"extra":1,"ei":11}},{"type":"Feature","geometry":{"type":"Point","coordinates":[27.857914,43.226043]},"properties":{"lines":"1, 7, 18, 118","color":"#0059a9","mode":"bus","arr":["1","7","18","118"],"angle":-33.1}},{"type":"Feature","geometry":{"type":"Point","coordinates":[27.857905,43.222162]},"properties":{"lines":"1, 7","color":"#0059a9","mode":"bus","arr":["1","7"],"angle":88.5,"side":-1,"mi":4}},{"type":"Feature","geometry":{"type":"Point","coordinates":[27.859797,43.218126]},"properties":{"lines":"1, 7","color":"#0059a9","mode":"bus","arr":["1","7"],"angle":68,"side":-1,"mi":1}},{"type":"Feature","geometry":{"type":"Point","coordinates":[27.858432,43.224609]},"properties":{"lines":"1, 7","color":"#0059a9","mode":"bus","arr":["1","7"],"angle":-77.6,"extra":1,"ei":0}},{"type":"Feature","geometry":{"type":"Point","coordinates":[27.85822,43.220896]},"properties":{"lines":"1, 7","color":"#0059a9","mode":"bus","arr":["1","7"],"angle":70.7,"extra":1,"ei":1,"side":-1}},{"type":"Feature","geometry":{"type":"Point","coordinates":[27.859517,43.218909]},"properties":{"lines":"1","color":"#0059a9","mode":"bus","arr":["1"],"angle":66.7}},{"type":"Feature","geometry":{"type":"Point","coordinates":[27.859658,43.216406]},"properties":{"lines":"1, 7","color":"#0059a9","mode":"bus","arr":["1","7"],"angle":-88.4,"mi":2}},{"type":"Feature","geometry":{"type":"Point","coordinates":[27.859947,43.218996]},"properties":{"lines":"1, 7","color":"#0059a9","mode":"bus","arr":["1","7"],"angle":75.6}},{"type":"Feature","geometry":{"type":"Point","coordinates":[27.871949,43.222045]},"properties":{"lines":"1, 7","color":"#0059a9","mode":"bus","arr":["1","7"],"angle":12.5,"side":-1,"mi":6}},{"type":"Feature","geometry":{"type":"Point","coordinates":[27.857305,43.216118]},"properties":{"lines":"1, 7","color":"#0059a9","mode":"bus","arr":["1","7"],"angle":36.7,"mi":5}},{"type":"Feature","geometry":{"type":"Point","coordinates":[27.86636,43.219065]},"properties":{"lines":"1, 7","color":"#0059a9","mode":"bus","arr":["1","7"],"angle":-19.3,"mi":3}},{"type":"Feature","geometry":{"type":"Point","coordinates":[27.861285,43.219001]},"properties":{"lines":"1, 7","color":"#0059a9","mode":"bus","arr":["1","7"],"angle":5.7,"extra":1,"ei":0}},{"type":"Feature","geometry":{"type":"Point","coordinates":[27.86387,43.218895]},"properties":{"lines":"1, 7","color":"#0059a9","mode":"bus","arr":["1","7"],"angle":-1.1,"extra":1,"ei":1}},{"type":"Feature","geometry":{"type":"Point","coordinates":[27.86862,43.220091]},"properties":{"lines":"1, 7","color":"#0059a9","mode":"bus","arr":["1","7"],"angle":-55.4,"extra":1,"ei":2}},{"type":"Feature","geometry":{"type":"Point","coordinates":[27.869173,43.221931]},"properties":{"lines":"1, 7","color":"#0059a9","mode":"bus","arr":["1","7"],"angle":-79,"extra":1,"ei":3}},{"type":"Feature","geometry":{"type":"Point","coordinates":[27.869688,43.222707]},"properties":{"lines":"1, 7, 18","color":"#0059a9","mode":"bus","arr":["1","7","18"],"angle":7.6,"side":-1}},{"type":"Feature","geometry":{"type":"Point","coordinates":[27.872249,43.22221]},"properties":{"lines":"1, 7, 18, 22, 122, 409","color":"#0059a9","mode":"bus","arr":["1","7","18","22","122","409"],"angle":13.2}},{"type":"Feature","geometry":{"type":"Point","coordinates":[27.881488,43.2208]},"properties":{"lines":"1, 18, 22, 41, 122, 409","color":"#0059a9","mode":"bus","arr":["1","18","22","41","122","409"],"angle":12.4}},{"type":"Feature","geometry":{"type":"Point","coordinates":[27.875947,43.22158]},"properties":{"lines":"1, 18, 22, 41, 122, 409","color":"#0059a9","mode":"bus","arr":["1","18","22","41","122","409"],"angle":12.5,"extra":1,"ei":0,"side":-1}},{"type":"Feature","geometry":{"type":"Point","coordinates":[27.878478,43.221173]},"properties":{"lines":"1, 18, 22, 41, 122, 409","color":"#0059a9","mode":"bus","arr":["1","18","22","41","122","409"],"angle":12.5,"extra":1,"ei":1,"side":-1}},{"type":"Feature","geometry":{"type":"Point","coordinates":[27.88354,43.220358]},"properties":{"lines":"1, 18, 22, 41, 122, 409","color":"#0059a9","mode":"bus","arr":["1","18","22","41","122","409"],"angle":12.5,"extra":1,"ei":2,"side":-1}},{"type":"Feature","geometry":{"type":"Point","coordinates":[27.88607,43.21995]},"properties":{"lines":"1, 18, 22, 41, 122, 409","color":"#0059a9","mode":"bus","arr":["1","18","22","41","122","409"],"angle":13.6,"extra":1,"ei":3,"side":-1}},{"type":"Feature","geometry":{"type":"Point","coordinates":[27.892655,43.217235]},"properties":{"lines":"1, 18, 22, 41, 122, 148, 409","color":"#0059a9","mode":"bus","arr":["1","18","22","41","122","148","409"],"angle":31.5,"side":-1}},{"type":"Feature","geometry":{"type":"Point","coordinates":[27.900945,43.213592]},"properties":{"lines":"1, 18, 22, 41, 122, 148, 409","color":"#0059a9","mode":"bus","arr":["1","18","22","41","122","148","409"],"angle":30.2,"side":-1,"mi":1}},{"type":"Feature","geometry":{"type":"Point","coordinates":[27.889036,43.218855]},"properties":{"lines":"1, 18, 22, 41, 122, 148, 409","color":"#0059a9","mode":"bus","arr":["1","18","22","41","122","148","409"],"angle":31.6,"extra":1,"ei":0,"side":-1}},{"type":"Feature","geometry":{"type":"Point","coordinates":[27.891244,43.217867]},"properties":{"lines":"1, 18, 22, 41, 122, 148, 409","color":"#0059a9","mode":"bus","arr":["1","18","22","41","122","148","409"],"angle":31.5,"extra":1,"ei":1,"side":-1}},{"type":"Feature","geometry":{"type":"Point","coordinates":[27.895667,43.215896]},"properties":{"lines":"1, 18, 22, 41, 122, 148, 409","color":"#0059a9","mode":"bus","arr":["1","18","22","41","122","148","409"],"angle":31.2,"extra":1,"ei":2,"side":-1}},{"type":"Feature","geometry":{"type":"Point","coordinates":[27.899156,43.214368]},"properties":{"lines":"1, 18, 22, 41, 122, 148, 409","color":"#0059a9","mode":"bus","arr":["1","18","22","41","122","148","409"],"angle":31.4,"extra":1,"ei":0,"side":-1}},{"type":"Feature","geometry":{"type":"Point","coordinates":[27.903739,43.212618]},"properties":{"lines":"1, 18, 22, 41, 122, 148, 409","color":"#0059a9","mode":"bus","arr":["1","18","22","41","122","148","409"],"angle":23.2,"extra":1,"ei":1,"side":-1}},{"type":"Feature","geometry":{"type":"Point","coordinates":[27.894188,43.2167]},"properties":{"lines":"1, 18, 22, 41, 122, 148, 409","color":"#0059a9","mode":"bus","arr":["1","18","22","41","122","148","409"],"angle":32.1,"extra":1,"ei":0}},{"type":"Feature","geometry":{"type":"Point","coordinates":[27.908206,43.210223]},"properties":{"lines":"1, 10, 18, 22, 41, 122, 148, 409","color":"#0059a9","mode":"bus","arr":["1","10","18","22","41","122","148","409"],"angle":66.4,"side":-1}},{"type":"Feature","geometry":{"type":"Point","coordinates":[27.905184,43.212167]},"properties":{"lines":"1, 10, 18, 22, 41, 122, 148, 409","color":"#0059a9","mode":"bus","arr":["1","10","18","22","41","122","148","409"],"angle":23.2,"extra":1,"ei":0,"side":-1}},{"type":"Feature","geometry":{"type":"Point","coordinates":[27.907422,43.211259]},"properties":{"lines":"1, 10, 18, 22, 41, 122, 148, 409","color":"#0059a9","mode":"bus","arr":["1","10","18","22","41","122","148","409"],"angle":50,"extra":1,"ei":1,"side":-1}},{"type":"Feature","geometry":{"type":"Point","coordinates":[27.909607,43.207843]},"properties":{"lines":"1, 10, 18, 22, 41, 122, 148, 409","color":"#0059a9","mode":"bus","arr":["1","10","18","22","41","122","148","409"],"angle":67.1,"extra":1,"ei":2,"side":-1}},{"type":"Feature","geometry":{"type":"Point","coordinates":[27.910507,43.20571]},"properties":{"lines":"1, 10, 13, 18, 22, 41, 122, 148, 409","color":"#0059a9","mode":"bus","arr":["1","10","13","18","22","41","122","148","409"],"angle":83,"side":-1,"mi":1}},{"type":"Feature","geometry":{"type":"Point","coordinates":[27.910223,43.207064]},"properties":{"lines":"1, 10, 13, 18, 22, 41, 122, 148, 409","color":"#0059a9","mode":"bus","arr":["1","10","13","18","22","41","122","148","409"],"angle":67.2}},{"type":"Feature","geometry":{"type":"Point","coordinates":[27.909457,43.204746]},"properties":{"lines":"1, 7, 9, 10, 13, 14, 18, 22, 29, 31, 31A, 41, 109, 122","color":"#0059a9","mode":"bus","arr":["1","7","9","10","13","14","18","22","29","31","31A","41","109","122"],"angle":-8.9}},{"type":"Feature","geometry":{"type":"Point","coordinates":[27.907979,43.203124]},"properties":{"lines":"1, 7, 9, 10, 13, 17, 18, 22, 29, 31, 31A, 36, 37, 39, 41, 46 Б, 55, 82, 83, 109","color":"#0059a9","mode":"bus","arr":["1","7","9","10","13","17","18","22","29","31","31A","36","37","39","41","46 Б","55","82","83","109"],"tLines":"82, 83","ntLines":"1, 7, 9, 10, 13, 17, 18, 22, 29, 31, 31A, 36, 37, 39, 41, 46 Б, 55, 109","angle":-78.2}},{"type":"Feature","geometry":{"type":"Point","coordinates":[27.907704,43.201821]},"properties":{"lines":"1, 7, 9, 10, 13, 17, 18, 22, 29, 31, 31A, 36, 37, 39, 41, 46 Б, 55, 82, 83, 109","color":"#0059a9","mode":"bus","arr":["1","7","9","10","13","17","18","22","29","31","31A","36","37","39","41","46 Б","55","82","83","109"],"tLines":"82, 83","ntLines":"1, 7, 9, 10, 13, 17, 18, 22, 29, 31, 31A, 36, 37, 39, 41, 46 Б, 55, 109","angle":-83,"extra":1,"ei":0}},{"type":"Feature","geometry":{"type":"Point","coordinates":[27.90942,43.201276]},"properties":{"lines":"1, 7, 9, 10, 13, 17, 18, 22, 23, 29, 31, 31A, 36, 37, 39, 41, 46 Б, 55, 82, 83, 109","color":"#0059a9","mode":"bus","arr":["1","7","9","10","13","17","18","22","23","29","31","31A","36","37","39","41","46 Б","55","82","83","109"],"tLines":"82, 83","ntLines":"1, 7, 9, 10, 13, 17, 18, 22, 23, 29, 31, 31A, 36, 37, 39, 41, 46 Б, 55, 109","angle":22.8}},{"type":"Feature","geometry":{"type":"Point","coordinates":[27.911732,43.199875]},"properties":{"lines":"1, 7, 9, 10, 13, 17, 18, 22, 23, 29, 31, 31A, 36, 37, 39, 41, 46 Б, 55, 82, 83, 109","color":"#0059a9","mode":"bus","arr":["1","7","9","10","13","17","18","22","23","29","31","31A","36","37","39","41","46 Б","55","82","83","109"],"tLines":"82, 83","ntLines":"1, 7, 9, 10, 13, 17, 18, 22, 23, 29, 31, 31A, 36, 37, 39, 41, 46 Б, 55, 109","angle":80.2,"mi":1}},{"type":"Feature","geometry":{"type":"Point","coordinates":[27.908841,43.199194]},"properties":{"lines":"1, 7, 9, 10, 13, 17, 18, 20, 22, 23, 29, 31, 31A, 36, 37, 41, 46 Б, 55, 109","color":"#0059a9","mode":"bus","arr":["1","7","9","10","13","17","18","20","22","23","29","31","31A","36","37","41","46 Б","55","109"],"angle":6.8}},{"type":"Feature","geometry":{"type":"Point","coordinates":[27.905962,43.200162]},"properties":{"lines":"1, 10, 20, 23, 29, 36, 46 Б, 55, 109","color":"#0059a9","mode":"bus","arr":["1","10","20","23","29","36","46 Б","55","109"],"angle":30.1}},{"type":"Feature","geometry":{"type":"Point","coordinates":[27.904291,43.200746]},"properties":{"lines":"23","color":"#0059a9","mode":"bus","arr":["23"],"angle":29.9,"side":-1,"mi":6}},{"type":"Feature","geometry":{"type":"Point","coordinates":[27.897819,43.202356]},"properties":{"lines":"23","color":"#0059a9","mode":"bus","arr":["23"],"angle":34.4,"mi":2}},{"type":"Feature","geometry":{"type":"Point","coordinates":[27.902161,43.201635]},"properties":{"lines":"23","color":"#0059a9","mode":"bus","arr":["23"],"angle":11.2,"extra":1,"ei":0}},{"type":"Feature","geometry":{"type":"Point","coordinates":[27.906252,43.199917]},"properties":{"lines":"23","color":"#0059a9","mode":"bus","arr":["23"],"angle":29.9,"extra":1,"ei":0,"side":-1}},{"type":"Feature","geometry":{"type":"Point","coordinates":[27.906574,43.200664]},"properties":{"lines":"1, 7, 9, 10, 13, 17, 18, 20, 22, 23, 29, 31, 36, 37, 41, 46 Б, 109","color":"#0059a9","mode":"bus","arr":["1","7","9","10","13","17","18","20","22","23","29","31","36","37","41","46 Б","109"],"angle":-76.6}},{"type":"Feature","geometry":{"type":"Point","coordinates":[27.907805,43.200305]},"properties":{"lines":"1, 7, 9, 10, 13, 17, 18, 20, 22, 23, 29, 31, 31A, 36, 37, 41, 46 Б, 109","color":"#0059a9","mode":"bus","arr":["1","7","9","10","13","17","18","20","22","23","29","31","31A","36","37","41","46 Б","109"],"angle":59.6}},{"type":"Feature","geometry":{"type":"Point","coordinates":[27.911145,43.198709]},"properties":{"lines":"1, 7, 9, 10, 13, 18, 22, 23, 29, 31, 31A, 36, 37, 41, 55, 109","color":"#0059a9","mode":"bus","arr":["1","7","9","10","13","18","22","23","29","31","31A","36","37","41","55","109"],"angle":16.3,"side":-1}},{"type":"Feature","geometry":{"type":"Point","coordinates":[27.908825,43.205713]},"properties":{"lines":"1, 12, 18, 22, 41, 82, 83, 88, 122","color":"#0059a9","mode":"bus","arr":["1","12","18","22","41","82","83","88","122"],"tLines":"82, 83, 88","ntLines":"1, 12, 18, 22, 41, 122","angle":-30,"side":-1}},{"type":"Feature","geometry":{"type":"Point","coordinates":[27.863225,43.224523]},"properties":{"lines":"7, 18","color":"#0059a9","mode":"bus","arr":["7","18"],"angle":21.5,"mi":2}},{"type":"Feature","geometry":{"type":"Point","coordinates":[27.866808,43.223379]},"properties":{"lines":"7, 18","color":"#0059a9","mode":"bus","arr":["7","18"],"angle":24}},{"type":"Feature","geometry":{"type":"Point","coordinates":[27.868488,43.223949]},"properties":{"lines":"7, 18","color":"#0059a9","mode":"bus","arr":["7","18"],"angle":41.8,"side":-1,"mi":1}},{"type":"Feature","geometry":{"type":"Point","coordinates":[27.861121,43.225124]},"properties":{"lines":"7, 18","color":"#0059a9","mode":"bus","arr":["7","18"],"angle":21,"extra":1,"ei":0}},{"type":"Feature","geometry":{"type":"Point","coordinates":[27.874452,43.220338]},"properties":{"lines":"7","color":"#0059a9","mode":"bus","arr":["7"],"angle":-13}},{"type":"Feature","geometry":{"type":"Point","coordinates":[27.880454,43.212391]},"properties":{"lines":"7","color":"#0059a9","mode":"bus","arr":["7"],"angle":61.9,"side":-1,"mi":4}},{"type":"Feature","geometry":{"type":"Point","coordinates":[27.874685,43.221759]},"properties":{"lines":"7","color":"#0059a9","mode":"bus","arr":["7"],"angle":83.4,"mi":1}},{"type":"Feature","geometry":{"type":"Point","coordinates":[27.875102,43.225198]},"properties":{"lines":"7, 41","color":"#0059a9","mode":"bus","arr":["7","41"],"angle":-65.4}},{"type":"Feature","geometry":{"type":"Point","coordinates":[27.874545,43.222839]},"properties":{"lines":"7, 41","color":"#0059a9","mode":"bus","arr":["7","41"],"angle":89.8,"extra":1,"ei":0}},{"type":"Feature","geometry":{"type":"Point","coordinates":[27.876196,43.226349]},"properties":{"lines":"7, 41","color":"#0059a9","mode":"bus","arr":["7","41"],"angle":-53.4,"extra":1,"ei":1,"side":-1}},{"type":"Feature","geometry":{"type":"Point","coordinates":[27.877672,43.227858]},"properties":{"lines":"7, 41","color":"#0059a9","mode":"bus","arr":["7","41"],"angle":-51.6,"extra":1,"ei":0}},{"type":"Feature","geometry":{"type":"Point","coordinates":[27.881377,43.225596]},"properties":{"lines":"7","color":"#0059a9","mode":"bus","arr":["7"],"angle":24,"mi":3}},{"type":"Feature","geometry":{"type":"Point","coordinates":[27.884729,43.224499]},"properties":{"lines":"7","color":"#0059a9","mode":"bus","arr":["7"],"angle":23.3,"extra":1,"ei":0}},{"type":"Feature","geometry":{"type":"Point","coordinates":[27.877631,43.226811]},"properties":{"lines":"7","color":"#0059a9","mode":"bus","arr":["7"],"angle":23.7,"extra":1,"ei":1}},{"type":"Feature","geometry":{"type":"Point","coordinates":[27.886717,43.225507]},"properties":{"lines":"7","color":"#0059a9","mode":"bus","arr":["7"],"angle":-79.2,"mi":6}},{"type":"Feature","geometry":{"type":"Point","coordinates":[27.887518,43.225422]},"properties":{"lines":"7","color":"#0059a9","mode":"bus","arr":["7"],"angle":-48.4,"mi":7}},{"type":"Feature","geometry":{"type":"Point","coordinates":[27.890821,43.225371]},"properties":{"lines":"7, 14, 82, 83, 88, 118, 148","color":"#0059a9","mode":"bus","arr":["7","14","82","83","88","118","148"],"tLines":"82, 83, 88","ntLines":"7, 14, 118, 148","angle":44.3,"side":-1}},{"type":"Feature","geometry":{"type":"Point","coordinates":[27.895908,43.222269]},"properties":{"lines":"7, 14, 82, 83, 88, 118","color":"#0059a9","mode":"bus","arr":["7","14","82","83","88","118"],"tLines":"82, 83, 88","ntLines":"7, 14, 118","angle":39,"side":-1}},{"type":"Feature","geometry":{"type":"Point","coordinates":[27.893491,43.223544]},"properties":{"lines":"7, 14, 82, 83, 88, 118","color":"#0059a9","mode":"bus","arr":["7","14","82","83","88","118"],"tLines":"82, 83, 88","ntLines":"7, 14, 118","angle":36.4,"extra":1,"ei":0,"side":-1}},{"type":"Feature","geometry":{"type":"Point","coordinates":[27.89747,43.221142]},"properties":{"lines":"7, 14, 82, 83, 88, 118","color":"#0059a9","mode":"bus","arr":["7","14","82","83","88","118"],"tLines":"82, 83, 88","ntLines":"7, 14, 118","angle":47.1,"extra":1,"ei":1,"side":-1}},{"type":"Feature","geometry":{"type":"Point","coordinates":[27.901788,43.222497]},"properties":{"lines":"7","color":"#0059a9","mode":"bus","arr":["7"],"angle":-32.8,"mi":1}},{"type":"Feature","geometry":{"type":"Point","coordinates":[27.90478,43.22279]},"properties":{"lines":"7","color":"#0059a9","mode":"bus","arr":["7"],"angle":50.2,"extra":1,"ei":0}},{"type":"Feature","geometry":{"type":"Point","coordinates":[27.900363,43.221634]},"properties":{"lines":"7","color":"#0059a9","mode":"bus","arr":["7"],"angle":-45.2,"extra":1,"ei":1}},{"type":"Feature","geometry":{"type":"Point","coordinates":[27.898878,43.220119]},"properties":{"lines":"7","color":"#0059a9","mode":"bus","arr":["7"],"angle":-70.7,"extra":1,"ei":2,"side":-1}},{"type":"Feature","geometry":{"type":"Point","coordinates":[27.906318,43.220092]},"properties":{"lines":"7, 20, 209, 209 Б","color":"#0059a9","mode":"bus","arr":["7","20","209","209 Б"],"angle":54.8,"side":-1}},{"type":"Feature","geometry":{"type":"Point","coordinates":[27.907581,43.219281]},"properties":{"lines":"7, 20, 209, 209 Б","color":"#0059a9","mode":"bus","arr":["7","20","209","209 Б"],"angle":44.4,"extra":1,"ei":0,"side":-1}},{"type":"Feature","geometry":{"type":"Point","coordinates":[27.909115,43.217919]},"properties":{"lines":"7, 20, 209","color":"#0059a9","mode":"bus","arr":["7","20","209"],"angle":37.1,"side":-1,"mi":1}},{"type":"Feature","geometry":{"type":"Point","coordinates":[27.907883,43.2192]},"properties":{"lines":"7, 20, 209","color":"#0059a9","mode":"bus","arr":["7","20","209"],"angle":41.7}},{"type":"Feature","geometry":{"type":"Point","coordinates":[27.91062,43.21765]},"properties":{"lines":"7, 10, 12, 23, 209","color":"#0059a9","mode":"bus","arr":["7","10","12","23","209"],"angle":-47.2}},{"type":"Feature","geometry":{"type":"Point","coordinates":[27.910563,43.218618]},"properties":{"lines":"7, 10, 12, 23, 209","color":"#0059a9","mode":"bus","arr":["7","10","12","23","209"],"angle":62.8,"mi":1}},{"type":"Feature","geometry":{"type":"Point","coordinates":[27.911503,43.219325]},"properties":{"lines":"7, 209","color":"#0059a9","mode":"bus","arr":["7","209"],"angle":-33.4,"side":-1,"mi":1}},{"type":"Feature","geometry":{"type":"Point","coordinates":[27.920843,43.220273]},"properties":{"lines":"7, 209, 209 Б","color":"#0059a9","mode":"bus","arr":["7","209","209 Б"],"angle":3.4,"mi":1}},{"type":"Feature","geometry":{"type":"Point","coordinates":[27.915496,43.220623]},"properties":{"lines":"7, 209, 209 Б","color":"#0059a9","mode":"bus","arr":["7","209","209 Б"],"angle":-5,"side":-1}},{"type":"Feature","geometry":{"type":"Point","coordinates":[27.913677,43.220304]},"properties":{"lines":"7, 209, 209 Б","color":"#0059a9","mode":"bus","arr":["7","209","209 Б"],"angle":-20.2,"extra":1,"ei":0,"side":-1}},{"type":"Feature","geometry":{"type":"Point","coordinates":[27.923,43.220311]},"properties":{"lines":"7, 209, 209 Б","color":"#0059a9","mode":"bus","arr":["7","209","209 Б"],"angle":-10.8,"extra":1,"ei":0,"side":-1}},{"type":"Feature","geometry":{"type":"Point","coordinates":[27.918911,43.220508]},"properties":{"lines":"7, 209, 209 Б","color":"#0059a9","mode":"bus","arr":["7","209","209 Б"],"angle":11.1,"extra":1,"ei":0}},{"type":"Feature","geometry":{"type":"Point","coordinates":[27.918894,43.220321]},"properties":{"lines":"7, 209","color":"#0059a9","mode":"bus","arr":["7","209"],"angle":11.5}},{"type":"Feature","geometry":{"type":"Point","coordinates":[27.930201,43.220217]},"properties":{"lines":"7, 209 Б","color":"#0059a9","mode":"bus","arr":["7","209 Б"],"angle":19.3}},{"type":"Feature","geometry":{"type":"Point","coordinates":[27.925861,43.220721]},"properties":{"lines":"7, 209 Б","color":"#0059a9","mode":"bus","arr":["7","209 Б"],"angle":-9.2,"extra":1,"ei":0,"side":-1}},{"type":"Feature","geometry":{"type":"Point","coordinates":[27.92841,43.220541]},"properties":{"lines":"7, 209 Б","color":"#0059a9","mode":"bus","arr":["7","209 Б"],"angle":17.2,"extra":1,"ei":1,"side":-1}},{"type":"Feature","geometry":{"type":"Point","coordinates":[27.933302,43.219293]},"properties":{"lines":"7, 209 Б","color":"#0059a9","mode":"bus","arr":["7","209 Б"],"angle":19.5,"extra":1,"ei":2,"side":-1}},{"type":"Feature","geometry":{"type":"Point","coordinates":[27.927524,43.214868]},"properties":{"lines":"7, 29, 31, 31A, 118, 148","color":"#0059a9","mode":"bus","arr":["7","29","31","31A","118","148"],"angle":-36.1,"side":-1}},{"type":"Feature","geometry":{"type":"Point","coordinates":[27.932874,43.217965]},"properties":{"lines":"7, 29, 31, 31A, 118, 148","color":"#0059a9","mode":"bus","arr":["7","29","31","31A","118","148"],"angle":-36.6,"extra":1,"ei":0}},{"type":"Feature","geometry":{"type":"Point","coordinates":[27.930806,43.216827]},"properties":{"lines":"7, 29, 31, 31A, 118, 148","color":"#0059a9","mode":"bus","arr":["7","29","31","31A","118","148"],"angle":-37.1,"extra":1,"ei":1}},{"type":"Feature","geometry":{"type":"Point","coordinates":[27.928719,43.215708]},"properties":{"lines":"7, 29, 31, 31A, 118, 148","color":"#0059a9","mode":"bus","arr":["7","29","31","31A","118","148"],"angle":-37.1,"extra":1,"ei":2}},{"type":"Feature","geometry":{"type":"Point","coordinates":[27.924866,43.213213]},"properties":{"lines":"7, 29, 31, 31A, 118, 148","color":"#0059a9","mode":"bus","arr":["7","29","31","31A","118","148"],"angle":-55.5,"extra":1,"ei":3}},{"type":"Feature","geometry":{"type":"Point","coordinates":[27.923207,43.211771]},"properties":{"lines":"7, 29, 31, 31A, 118, 148","color":"#0059a9","mode":"bus","arr":["7","29","31","31A","118","148"],"angle":-46.2,"extra":1,"ei":4}},{"type":"Feature","geometry":{"type":"Point","coordinates":[27.921414,43.210407]},"properties":{"lines":"7, 29, 31, 31A, 118, 148","color":"#0059a9","mode":"bus","arr":["7","29","31","31A","118","148"],"angle":-46.2,"extra":1,"ei":5}},{"type":"Feature","geometry":{"type":"Point","coordinates":[27.935322,43.219056]},"properties":{"lines":"7, 29, 31, 31A, 118, 148","color":"#0059a9","mode":"bus","arr":["7","29","31","31A","118","148"],"angle":-34.8,"extra":1,"ei":0,"side":-1}},{"type":"Feature","geometry":{"type":"Point","coordinates":[27.919121,43.208513]},"properties":{"lines":"7, 29, 31, 31A, 148","color":"#0059a9","mode":"bus","arr":["7","29","31","31A","148"],"angle":-45.7,"side":-1}},{"type":"Feature","geometry":{"type":"Point","coordinates":[27.919012,43.208592]},"properties":{"lines":"7, 12, 29, 31, 31A, 148","color":"#0059a9","mode":"bus","arr":["7","12","29","31","31A","148"],"angle":-45.7}},{"type":"Feature","geometry":{"type":"Point","coordinates":[27.91606,43.206858]},"properties":{"lines":"7, 9, 12, 14, 29, 31, 31A, 109, 148, 409","color":"#0059a9","mode":"bus","arr":["7","9","12","14","29","31","31A","109","148","409"],"angle":-27}},{"type":"Feature","geometry":{"type":"Point","coordinates":[27.914137,43.206029]},"properties":{"lines":"7, 9, 14, 29, 31, 31A, 109, 148, 409","color":"#0059a9","mode":"bus","arr":["7","9","14","29","31","31A","109","148","409"],"angle":-27.7,"side":-1}},{"type":"Feature","geometry":{"type":"Point","coordinates":[27.911306,43.205102]},"properties":{"lines":"7, 9, 14, 29, 31, 31A, 109, 148, 409","color":"#0059a9","mode":"bus","arr":["7","9","14","29","31","31A","109","148","409"],"angle":-26.4,"extra":1,"ei":0}},{"type":"Feature","geometry":{"type":"Point","coordinates":[27.916592,43.206923]},"properties":{"lines":"7, 9, 14, 29, 31, 31A, 109, 148, 409","color":"#0059a9","mode":"bus","arr":["7","9","14","29","31","31A","109","148","409"],"angle":-27,"extra":1,"ei":0,"side":-1}},{"type":"Feature","geometry":{"type":"Point","coordinates":[27.907691,43.199923]},"properties":{"lines":"7","color":"#0059a9","mode":"bus","arr":["7"],"angle":13.8}},{"type":"Feature","geometry":{"type":"Point","coordinates":[27.906215,43.202015]},"properties":{"lines":"7, 9, 10, 13, 18, 23, 29, 31, 31A, 36, 55, 109","color":"#0059a9","mode":"bus","arr":["7","9","10","13","18","23","29","31","31A","36","55","109"],"angle":56.4}},{"type":"Feature","geometry":{"type":"Point","coordinates":[27.905465,43.20338]},"properties":{"lines":"7, 9, 10, 13, 18, 23, 29, 31, 31A, 36, 37, 55, 109","color":"#0059a9","mode":"bus","arr":["7","9","10","13","18","23","29","31","31A","36","37","55","109"],"angle":41.9}},{"type":"Feature","geometry":{"type":"Point","coordinates":[27.904908,43.203896]},"properties":{"lines":"7, 9, 10, 13, 18, 29, 31, 31A, 109","color":"#0059a9","mode":"bus","arr":["7","9","10","13","18","29","31","31A","109"],"angle":-74.7,"side":-1}},{"type":"Feature","geometry":{"type":"Point","coordinates":[27.906738,43.204437]},"properties":{"lines":"7, 9, 10, 12, 13, 14, 17, 18, 29, 31, 31A, 36, 37, 39, 46 Б, 55, 88, 109, 122","color":"#0059a9","mode":"bus","arr":["7","9","10","12","13","14","17","18","29","31","31A","36","37","39","46 Б","55","88","109","122"],"tLines":"88","ntLines":"7, 9, 10, 12, 13, 14, 17, 18, 29, 31, 31A, 36, 37, 39, 46 Б, 55, 109, 122","angle":-11.7,"side":-1}},{"type":"Feature","geometry":{"type":"Point","coordinates":[27.909487,43.204656]},"properties":{"lines":"7, 9, 10, 13, 14, 29, 31, 31A, 109","color":"#0059a9","mode":"bus","arr":["7","9","10","13","14","29","31","31A","109"],"angle":-7.3,"side":-1}},{"type":"Feature","geometry":{"type":"Point","coordinates":[27.935756,43.219739]},"properties":{"lines":"7, 29, 30, 31, 31A, 118, 148, 209, 209 Б","color":"#0059a9","mode":"bus","arr":["7","29","30","31","31A","118","148","209","209 Б"],"angle":-30.5}},{"type":"Feature","geometry":{"type":"Point","coordinates":[27.915273,43.220725]},"properties":{"lines":"7, 10, 209, 209 Б","color":"#0059a9","mode":"bus","arr":["7","10","209","209 Б"],"angle":-7.6}},{"type":"Feature","geometry":{"type":"Point","coordinates":[27.912091,43.220031]},"properties":{"lines":"7, 10, 209","color":"#0059a9","mode":"bus","arr":["7","10","209"],"angle":-27.3}},{"type":"Feature","geometry":{"type":"Point","coordinates":[27.91062,43.219471]},"properties":{"lines":"7, 10, 209","color":"#0059a9","mode":"bus","arr":["7","10","209"],"angle":-27.9,"extra":1,"ei":0}},{"type":"Feature","geometry":{"type":"Point","coordinates":[27.889183,43.226515]},"properties":{"lines":"7, 14, 82, 83, 118","color":"#0059a9","mode":"bus","arr":["7","14","82","83","118"],"tLines":"82, 83","ntLines":"7, 14, 118","angle":29.6}},{"type":"Feature","geometry":{"type":"Point","coordinates":[27.881088,43.227586]},"properties":{"lines":"7, 14, 82, 118","color":"#0059a9","mode":"bus","arr":["7","14","82","118"],"tLines":"82","ntLines":"7, 14, 118","angle":8.3}},{"type":"Feature","geometry":{"type":"Point","coordinates":[27.886677,43.227065]},"properties":{"lines":"7, 14, 82, 118","color":"#0059a9","mode":"bus","arr":["7","14","82","118"],"tLines":"82","ntLines":"7, 14, 118","angle":7.6,"mi":1}},{"type":"Feature","geometry":{"type":"Point","coordinates":[27.885065,43.227232]},"properties":{"lines":"7, 14, 82, 118","color":"#0059a9","mode":"bus","arr":["7","14","82","118"],"tLines":"82","ntLines":"7, 14, 118","angle":8.4,"extra":1,"ei":0}},{"type":"Feature","geometry":{"type":"Point","coordinates":[27.883144,43.227361]},"properties":{"lines":"7, 14, 82, 118","color":"#0059a9","mode":"bus","arr":["7","14","82","118"],"tLines":"82","ntLines":"7, 14, 118","angle":8.5,"extra":1,"ei":0}},{"type":"Feature","geometry":{"type":"Point","coordinates":[27.878014,43.227901]},"properties":{"lines":"7, 14, 82, 118","color":"#0059a9","mode":"bus","arr":["7","14","82","118"],"tLines":"82","ntLines":"7, 14, 118","angle":6.6,"extra":1,"ei":1,"side":-1}},{"type":"Feature","geometry":{"type":"Point","coordinates":[27.944856,43.218726]},"properties":{"lines":"7, 30, 31A, 118, 148, 209, 209 Б","color":"#0059a9","mode":"bus","arr":["7","30","31A","118","148","209","209 Б"],"angle":25.7,"side":-1}},{"type":"Feature","geometry":{"type":"Point","coordinates":[27.93763,43.219712]},"properties":{"lines":"7, 30, 31A, 118, 148, 209, 209 Б","color":"#0059a9","mode":"bus","arr":["7","30","31A","118","148","209","209 Б"],"angle":-5.5,"extra":1,"ei":0,"side":-1}},{"type":"Feature","geometry":{"type":"Point","coordinates":[27.940196,43.219511]},"properties":{"lines":"7, 30, 31A, 118, 148, 209, 209 Б","color":"#0059a9","mode":"bus","arr":["7","30","31A","118","148","209","209 Б"],"angle":10.9,"extra":1,"ei":1,"side":-1}},{"type":"Feature","geometry":{"type":"Point","coordinates":[27.94274,43.219149]},"properties":{"lines":"7, 30, 31A, 118, 148, 209, 209 Б","color":"#0059a9","mode":"bus","arr":["7","30","31A","118","148","209","209 Б"],"angle":10.8,"extra":1,"ei":2,"side":-1}},{"type":"Feature","geometry":{"type":"Point","coordinates":[27.947227,43.217428]},"properties":{"lines":"7, 30, 31A, 118, 148, 209, 209 Б","color":"#0059a9","mode":"bus","arr":["7","30","31A","118","148","209","209 Б"],"angle":42.7,"extra":1,"ei":3,"side":-1}},{"type":"Feature","geometry":{"type":"Point","coordinates":[27.949121,43.216139]},"properties":{"lines":"7, 30, 31A, 118, 148, 209, 209 Б","color":"#0059a9","mode":"bus","arr":["7","30","31A","118","148","209","209 Б"],"angle":41.4,"extra":1,"ei":4}},{"type":"Feature","geometry":{"type":"Point","coordinates":[27.951074,43.214904]},"properties":{"lines":"7, 30, 31A, 118, 148, 209, 209 Б","color":"#0059a9","mode":"bus","arr":["7","30","31A","118","148","209","209 Б"],"angle":27.1,"extra":1,"ei":5}},{"type":"Feature","geometry":{"type":"Point","coordinates":[27.951894,43.214732]},"properties":{"lines":"7, 30, 118, 148, 209","color":"#0059a9","mode":"bus","arr":["7","30","118","148","209"],"angle":15.8}},{"type":"Feature","geometry":{"type":"Point","coordinates":[27.95383,43.21562]},"properties":{"lines":"7, 14, 17, 30, 39, 118, 148, 209","color":"#0059a9","mode":"bus","arr":["7","14","17","30","39","118","148","209"],"angle":59,"side":-1}},{"type":"Feature","geometry":{"type":"Point","coordinates":[27.937169,43.220029]},"properties":{"lines":"7, 31A, 118, 148, 209 Б","color":"#0059a9","mode":"bus","arr":["7","31A","118","148","209 Б"],"angle":6.2}},{"type":"Feature","geometry":{"type":"Point","coordinates":[27.87766,43.216419]},"properties":{"lines":"7, 39","color":"#0059a9","mode":"bus","arr":["7","39"],"angle":62.5}},{"type":"Feature","geometry":{"type":"Point","coordinates":[27.875568,43.21898]},"properties":{"lines":"7, 39","color":"#0059a9","mode":"bus","arr":["7","39"],"angle":44.7,"extra":1,"ei":0,"side":-1}},{"type":"Feature","geometry":{"type":"Point","coordinates":[27.879566,43.213662]},"properties":{"lines":"7, 39","color":"#0059a9","mode":"bus","arr":["7","39"],"angle":64,"extra":1,"ei":0}},{"type":"Feature","geometry":{"type":"Point","coordinates":[27.878409,43.215352]},"properties":{"lines":"7, 39","color":"#0059a9","mode":"bus","arr":["7","39"],"angle":63,"extra":1,"ei":1}},{"type":"Feature","geometry":{"type":"Point","coordinates":[27.877348,43.211746]},"properties":{"lines":"7","color":"#0059a9","mode":"bus","arr":["7"],"angle":-3.7,"mi":5}},{"type":"Feature","geometry":{"type":"Point","coordinates":[27.879376,43.211641]},"properties":{"lines":"7","color":"#0059a9","mode":"bus","arr":["7"],"angle":8.7,"extra":1,"ei":0}},{"type":"Feature","geometry":{"type":"Point","coordinates":[27.874287,43.21124]},"properties":{"lines":"7","color":"#0059a9","mode":"bus","arr":["7"],"angle":-15.1,"extra":1,"ei":1}},{"type":"Feature","geometry":{"type":"Point","coordinates":[27.872038,43.222358]},"properties":{"lines":"7, 18, 22, 122, 409","color":"#0059a9","mode":"bus","arr":["7","18","22","122","409"],"angle":14.3}},{"type":"Feature","geometry":{"type":"Point","coordinates":[27.870344,43.222708]},"properties":{"lines":"7, 18, 22, 122, 409","color":"#0059a9","mode":"bus","arr":["7","18","22","122","409"],"angle":19.8,"extra":1,"ei":0}},{"type":"Feature","geometry":{"type":"Point","coordinates":[27.869428,43.223125]},"properties":{"lines":"7, 18, 22, 122","color":"#0059a9","mode":"bus","arr":["7","18","22","122"],"angle":43.6}},{"type":"Feature","geometry":{"type":"Point","coordinates":[27.867511,43.22394]},"properties":{"lines":"7, 18, 22, 122","color":"#0059a9","mode":"bus","arr":["7","18","22","122"],"angle":-29,"mi":1}},{"type":"Feature","geometry":{"type":"Point","coordinates":[27.906501,43.201178]},"properties":{"lines":"9, 10, 13, 37","color":"#0059a9","mode":"bus","arr":["9","10","13","37"],"angle":44.4}},{"type":"Feature","geometry":{"type":"Point","coordinates":[27.905988,43.202155]},"properties":{"lines":"10, 13, 37","color":"#0059a9","mode":"bus","arr":["10","13","37"],"angle":76.1,"side":-1}},{"type":"Feature","geometry":{"type":"Point","coordinates":[27.90615,43.201194]},"properties":{"lines":"9","color":"#0059a9","mode":"bus","arr":["9"],"angle":-10.5,"side":-1}},{"type":"Feature","geometry":{"type":"Point","coordinates":[27.905726,43.200697]},"properties":{"lines":"9, 55","color":"#0059a9","mode":"bus","arr":["9","55"],"angle":-74.8}},{"type":"Feature","geometry":{"type":"Point","coordinates":[27.918469,43.206514]},"properties":{"lines":"9, 14, 109, 409","color":"#0059a9","mode":"bus","arr":["9","14","109","409"],"angle":43.9}},{"type":"Feature","geometry":{"type":"Point","coordinates":[27.921332,43.206923]},"properties":{"lines":"9, 14, 109, 409","color":"#0059a9","mode":"bus","arr":["9","14","109","409"],"angle":-46.2,"mi":1}},{"type":"Feature","geometry":{"type":"Point","coordinates":[27.937222,43.212866]},"properties":{"lines":"9, 14, 17, 39, 109, 409","color":"#0059a9","mode":"bus","arr":["9","14","17","39","109","409"],"angle":-36.4}},{"type":"Feature","geometry":{"type":"Point","coordinates":[27.924891,43.208466]},"properties":{"lines":"9, 14, 17, 39, 109, 409","color":"#0059a9","mode":"bus","arr":["9","14","17","39","109","409"],"angle":-15.6,"extra":1,"ei":0,"side":-1}},{"type":"Feature","geometry":{"type":"Point","coordinates":[27.927387,43.208974]},"properties":{"lines":"9, 14, 17, 39, 109, 409","color":"#0059a9","mode":"bus","arr":["9","14","17","39","109","409"],"angle":-15.6,"extra":1,"ei":1,"side":-1}},{"type":"Feature","geometry":{"type":"Point","coordinates":[27.929884,43.209482]},"properties":{"lines":"9, 14, 17, 39, 109, 409","color":"#0059a9","mode":"bus","arr":["9","14","17","39","109","409"],"angle":-15.7,"extra":1,"ei":2,"side":-1}},{"type":"Feature","geometry":{"type":"Point","coordinates":[27.932327,43.210097]},"properties":{"lines":"9, 14, 17, 39, 109, 409","color":"#0059a9","mode":"bus","arr":["9","14","17","39","109","409"],"angle":-27.2,"extra":1,"ei":3,"side":-1}},{"type":"Feature","geometry":{"type":"Point","coordinates":[27.934522,43.211099]},"properties":{"lines":"9, 14, 17, 39, 109, 409","color":"#0059a9","mode":"bus","arr":["9","14","17","39","109","409"],"angle":-33.4,"extra":1,"ei":4,"side":-1}},{"type":"Feature","geometry":{"type":"Point","coordinates":[27.938788,43.213235]},"properties":{"lines":"9, 14, 17, 39, 109, 409","color":"#0059a9","mode":"bus","arr":["9","14","17","39","109","409"],"angle":-28.3,"extra":1,"ei":5,"side":-1}},{"type":"Feature","geometry":{"type":"Point","coordinates":[27.941188,43.213933]},"properties":{"lines":"9, 14, 17, 39, 109, 409","color":"#0059a9","mode":"bus","arr":["9","14","17","39","109","409"],"angle":-14.9,"extra":1,"ei":6,"side":-1}},{"type":"Feature","geometry":{"type":"Point","coordinates":[27.943739,43.214262]},"properties":{"lines":"9, 14, 17, 39, 109, 409","color":"#0059a9","mode":"bus","arr":["9","14","17","39","109","409"],"angle":-8,"extra":1,"ei":7,"side":-1}},{"type":"Feature","geometry":{"type":"Point","coordinates":[27.947488,43.214653]},"properties":{"lines":"9, 14, 17, 39, 109, 409","color":"#0059a9","mode":"bus","arr":["9","14","17","39","109","409"],"angle":-8.1,"extra":1,"ei":0,"side":-1}},{"type":"Feature","geometry":{"type":"Point","coordinates":[27.951281,43.215197]},"properties":{"lines":"9, 14, 17, 39, 109, 409","color":"#0059a9","mode":"bus","arr":["9","14","17","39","109","409"],"angle":-8.6,"extra":1,"ei":0}},{"type":"Feature","geometry":{"type":"Point","coordinates":[27.945577,43.214454]},"properties":{"lines":"9, 17, 39, 109","color":"#0059a9","mode":"bus","arr":["9","17","39","109"],"angle":-8.3}},{"type":"Feature","geometry":{"type":"Point","coordinates":[27.951721,43.215136]},"properties":{"lines":"9, 109, 409","color":"#0059a9","mode":"bus","arr":["9","109","409"],"angle":-9.1,"side":-1}},{"type":"Feature","geometry":{"type":"Point","coordinates":[27.993704,43.224082]},"properties":{"lines":"9, 31A, 109, 209 Б, 409","color":"#0059a9","mode":"bus","arr":["9","31A","109","209 Б","409"],"angle":-12.9}},{"type":"Feature","geometry":{"type":"Point","coordinates":[27.967109,43.218586]},"properties":{"lines":"9, 31A, 109, 209 Б, 409","color":"#0059a9","mode":"bus","arr":["9","31A","109","209 Б","409"],"angle":-15.4,"side":-1}},{"type":"Feature","geometry":{"type":"Point","coordinates":[27.955627,43.216066]},"properties":{"lines":"9, 31A, 109, 209 Б, 409","color":"#0059a9","mode":"bus","arr":["9","31A","109","209 Б","409"],"angle":-22,"mi":2}},{"type":"Feature","geometry":{"type":"Point","coordinates":[27.958629,43.216904]},"properties":{"lines":"9, 31A, 109, 209 Б, 409","color":"#0059a9","mode":"bus","arr":["9","31A","109","209 Б","409"],"angle":-24.2,"extra":1,"ei":0,"side":-1}},{"type":"Feature","geometry":{"type":"Point","coordinates":[27.96101,43.217651]},"properties":{"lines":"9, 31A, 109, 209 Б, 409","color":"#0059a9","mode":"bus","arr":["9","31A","109","209 Б","409"],"angle":-23.1,"extra":1,"ei":1,"side":-1}},{"type":"Feature","geometry":{"type":"Point","coordinates":[27.963457,43.218242]},"properties":{"lines":"9, 31A, 109, 209 Б, 409","color":"#0059a9","mode":"bus","arr":["9","31A","109","209 Б","409"],"angle":-4.7,"extra":1,"ei":2,"side":-1}},{"type":"Feature","geometry":{"type":"Point","coordinates":[27.970945,43.21942]},"properties":{"lines":"9, 31A, 109, 209 Б, 409","color":"#0059a9","mode":"bus","arr":["9","31A","109","209 Б","409"],"angle":-32.9,"extra":1,"ei":3,"side":-1}},{"type":"Feature","geometry":{"type":"Point","coordinates":[27.973343,43.220121]},"properties":{"lines":"9, 31A, 109, 209 Б, 409","color":"#0059a9","mode":"bus","arr":["9","31A","109","209 Б","409"],"angle":-18.2,"extra":1,"ei":4,"side":-1}},{"type":"Feature","geometry":{"type":"Point","coordinates":[27.975793,43.220734]},"properties":{"lines":"9, 31A, 109, 209 Б, 409","color":"#0059a9","mode":"bus","arr":["9","31A","109","209 Б","409"],"angle":-28.4,"extra":1,"ei":5,"side":-1}},{"type":"Feature","geometry":{"type":"Point","coordinates":[27.977781,43.222251]},"properties":{"lines":"9, 31A, 109, 209 Б, 409","color":"#0059a9","mode":"bus","arr":["9","31A","109","209 Б","409"],"angle":-39.3,"extra":1,"ei":0,"side":-1}},{"type":"Feature","geometry":{"type":"Point","coordinates":[27.980303,43.222564]},"properties":{"lines":"9, 31A, 109, 209 Б, 409","color":"#0059a9","mode":"bus","arr":["9","31A","109","209 Б","409"],"angle":-11.2,"extra":1,"ei":1,"side":-1}},{"type":"Feature","geometry":{"type":"Point","coordinates":[27.982847,43.222924]},"properties":{"lines":"9, 31A, 109, 209 Б, 409","color":"#0059a9","mode":"bus","arr":["9","31A","109","209 Б","409"],"angle":-10.8,"extra":1,"ei":2,"side":-1}},{"type":"Feature","geometry":{"type":"Point","coordinates":[27.985398,43.223259]},"properties":{"lines":"9, 31A, 109, 209 Б, 409","color":"#0059a9","mode":"bus","arr":["9","31A","109","209 Б","409"],"angle":-8.8,"extra":1,"ei":3,"side":-1}},{"type":"Feature","geometry":{"type":"Point","coordinates":[27.987982,43.223336]},"properties":{"lines":"9, 31A, 109, 209 Б, 409","color":"#0059a9","mode":"bus","arr":["9","31A","109","209 Б","409"],"angle":0.3,"extra":1,"ei":4,"side":-1}},{"type":"Feature","geometry":{"type":"Point","coordinates":[27.990563,43.223451]},"properties":{"lines":"9, 31A, 109, 209 Б, 409","color":"#0059a9","mode":"bus","arr":["9","31A","109","209 Б","409"],"angle":-9.8,"extra":1,"ei":5,"side":-1}},{"type":"Feature","geometry":{"type":"Point","coordinates":[27.995674,43.224048]},"properties":{"lines":"9, 31A, 109, 209 Б, 409","color":"#0059a9","mode":"bus","arr":["9","31A","109","209 Б","409"],"angle":-15.2,"extra":1,"ei":6,"side":-1}},{"type":"Feature","geometry":{"type":"Point","coordinates":[27.998176,43.224537]},"properties":{"lines":"9, 31A, 109, 209 Б, 409","color":"#0059a9","mode":"bus","arr":["9","31A","109","209 Б","409"],"angle":-13.3,"extra":1,"ei":7,"side":-1}},{"type":"Feature","geometry":{"type":"Point","coordinates":[28.000338,43.225421]},"properties":{"lines":"9, 31A, 109, 209 Б, 409","color":"#0059a9","mode":"bus","arr":["9","31A","109","209 Б","409"],"angle":-63.8,"extra":1,"ei":8,"side":-1}},{"type":"Feature","geometry":{"type":"Point","coordinates":[28.000954,43.227252]},"properties":{"lines":"9, 31A, 109, 209 Б, 409","color":"#0059a9","mode":"bus","arr":["9","31A","109","209 Б","409"],"angle":-77.7,"extra":1,"ei":9,"side":-1}},{"type":"Feature","geometry":{"type":"Point","coordinates":[28.001687,43.229057]},"properties":{"lines":"9, 31A, 109, 209 Б, 409","color":"#0059a9","mode":"bus","arr":["9","31A","109","209 Б","409"],"angle":-63.9,"extra":1,"ei":10,"side":-1}},{"type":"Feature","geometry":{"type":"Point","coordinates":[28.003981,43.231667]},"properties":{"lines":"9, 31A, 109, 209 Б, 409","color":"#0059a9","mode":"bus","arr":["9","31A","109","209 Б","409"],"angle":-51.2,"extra":1,"ei":0}},{"type":"Feature","geometry":{"type":"Point","coordinates":[28.002444,43.230147]},"properties":{"lines":"9, 31A, 109, 209 Б, 409","color":"#0059a9","mode":"bus","arr":["9","31A","109","209 Б","409"],"angle":-55,"extra":1,"ei":1}},{"type":"Feature","geometry":{"type":"Point","coordinates":[27.965478,43.218346]},"properties":{"lines":"9, 31A, 109, 209 Б, 409","color":"#0059a9","mode":"bus","arr":["9","31A","109","209 Б","409"],"angle":-10.9,"extra":1,"ei":0}},{"type":"Feature","geometry":{"type":"Point","coordinates":[27.976728,43.221353]},"properties":{"lines":"9, 31A, 109, 209 Б, 409","color":"#0059a9","mode":"bus","arr":["9","31A","109","209 Б","409"],"angle":-48.2,"mi":1}},{"type":"Feature","geometry":{"type":"Point","coordinates":[28.006577,43.233228]},"properties":{"lines":"9, 109, 209 Б, 409","color":"#0059a9","mode":"bus","arr":["9","109","209 Б","409"],"angle":-33.4,"side":-1,"mi":1}},{"type":"Feature","geometry":{"type":"Point","coordinates":[28.003618,43.231135]},"properties":{"lines":"9, 109, 209 Б, 409","color":"#0059a9","mode":"bus","arr":["9","109","209 Б","409"],"angle":-53.6,"extra":1,"ei":0}},{"type":"Feature","geometry":{"type":"Point","coordinates":[28.009651,43.234619]},"properties":{"lines":"9, 109, 209 Б, 409","color":"#0059a9","mode":"bus","arr":["9","109","209 Б","409"],"angle":-29.4,"extra":1,"ei":1,"side":-1}},{"type":"Feature","geometry":{"type":"Point","coordinates":[28.025713,43.274377]},"properties":{"lines":"9, 109, 209 Б, 409","color":"#0059a9","mode":"bus","arr":["9","109","209 Б","409"],"angle":-53.1}},{"type":"Feature","geometry":{"type":"Point","coordinates":[28.013692,43.238801]},"properties":{"lines":"9, 109, 209 Б, 409","color":"#0059a9","mode":"bus","arr":["9","109","209 Б","409"],"angle":-69,"side":-1}},{"type":"Feature","geometry":{"type":"Point","coordinates":[28.012346,43.236355]},"properties":{"lines":"9, 109, 209 Б, 409","color":"#0059a9","mode":"bus","arr":["9","109","209 Б","409"],"angle":-65.6,"extra":1,"ei":0,"side":-1}},{"type":"Feature","geometry":{"type":"Point","coordinates":[28.015208,43.241622]},"properties":{"lines":"9, 109, 209 Б, 409","color":"#0059a9","mode":"bus","arr":["9","109","209 Б","409"],"angle":-69,"extra":1,"ei":1,"side":-1}},{"type":"Feature","geometry":{"type":"Point","coordinates":[28.017582,43.260389]},"properties":{"lines":"9, 109, 209 Б, 409","color":"#0059a9","mode":"bus","arr":["9","109","209 Б","409"],"angle":-76.3,"extra":1,"ei":0,"side":-1}},{"type":"Feature","geometry":{"type":"Point","coordinates":[28.018194,43.262224]},"properties":{"lines":"9, 109, 209 Б, 409","color":"#0059a9","mode":"bus","arr":["9","109","209 Б","409"],"angle":-76.5,"extra":1,"ei":1,"side":-1}},{"type":"Feature","geometry":{"type":"Point","coordinates":[28.018805,43.264059]},"properties":{"lines":"9, 109, 209 Б, 409","color":"#0059a9","mode":"bus","arr":["9","109","209 Б","409"],"angle":-76.1,"extra":1,"ei":2,"side":-1}},{"type":"Feature","geometry":{"type":"Point","coordinates":[28.019405,43.265896]},"properties":{"lines":"9, 109, 209 Б, 409","color":"#0059a9","mode":"bus","arr":["9","109","209 Б","409"],"angle":-75.8,"extra":1,"ei":3,"side":-1}},{"type":"Feature","geometry":{"type":"Point","coordinates":[28.020032,43.267729]},"properties":{"lines":"9, 109, 209 Б, 409","color":"#0059a9","mode":"bus","arr":["9","109","209 Б","409"],"angle":-76.2,"extra":1,"ei":4,"side":-1}},{"type":"Feature","geometry":{"type":"Point","coordinates":[28.020855,43.269514]},"properties":{"lines":"9, 109, 209 Б, 409","color":"#0059a9","mode":"bus","arr":["9","109","209 Б","409"],"angle":-64.1,"extra":1,"ei":5,"side":-1}},{"type":"Feature","geometry":{"type":"Point","coordinates":[28.022308,43.271072]},"properties":{"lines":"9, 109, 209 Б, 409","color":"#0059a9","mode":"bus","arr":["9","109","209 Б","409"],"angle":-51.7,"extra":1,"ei":6,"side":-1}},{"type":"Feature","geometry":{"type":"Point","coordinates":[28.023915,43.272553]},"properties":{"lines":"9, 109, 209 Б, 409","color":"#0059a9","mode":"bus","arr":["9","109","209 Б","409"],"angle":-51.7,"extra":1,"ei":7,"side":-1}},{"type":"Feature","geometry":{"type":"Point","coordinates":[28.027028,43.275568]},"properties":{"lines":"9, 109, 209 Б, 409","color":"#0059a9","mode":"bus","arr":["9","109","209 Б","409"],"angle":-25.8,"extra":1,"ei":8,"side":-1}},{"type":"Feature","geometry":{"type":"Point","coordinates":[28.036154,43.287485]},"properties":{"lines":"9, 109, 209 Б, 409","color":"#0059a9","mode":"bus","arr":["9","109","209 Б","409"],"angle":-41.7,"extra":1,"ei":0}},{"type":"Feature","geometry":{"type":"Point","coordinates":[28.035271,43.285767]},"properties":{"lines":"9, 109, 209 Б, 409","color":"#0059a9","mode":"bus","arr":["9","109","209 Б","409"],"angle":-49.6,"extra":1,"ei":1}},{"type":"Feature","geometry":{"type":"Point","coordinates":[28.033544,43.28436]},"properties":{"lines":"9, 109, 209 Б, 409","color":"#0059a9","mode":"bus","arr":["9","109","209 Б","409"],"angle":-58.9,"extra":1,"ei":2}},{"type":"Feature","geometry":{"type":"Point","coordinates":[28.032926,43.282531]},"properties":{"lines":"9, 109, 209 Б, 409","color":"#0059a9","mode":"bus","arr":["9","109","209 Б","409"],"angle":-74.4,"extra":1,"ei":3}},{"type":"Feature","geometry":{"type":"Point","coordinates":[28.032049,43.280779]},"properties":{"lines":"9, 109, 209 Б, 409","color":"#0059a9","mode":"bus","arr":["9","109","209 Б","409"],"angle":-47.1,"extra":1,"ei":4}},{"type":"Feature","geometry":{"type":"Point","coordinates":[28.030444,43.279329]},"properties":{"lines":"9, 109, 209 Б, 409","color":"#0059a9","mode":"bus","arr":["9","109","209 Б","409"],"angle":-69,"extra":1,"ei":5}},{"type":"Feature","geometry":{"type":"Point","coordinates":[28.030426,43.277565]},"properties":{"lines":"9, 109, 209 Б, 409","color":"#0059a9","mode":"bus","arr":["9","109","209 Б","409"],"angle":61.1,"extra":1,"ei":6}},{"type":"Feature","geometry":{"type":"Point","coordinates":[28.030302,43.275746]},"properties":{"lines":"9, 109, 209 Б, 409","color":"#0059a9","mode":"bus","arr":["9","109","209 Б","409"],"angle":-73,"extra":1,"ei":7}},{"type":"Feature","geometry":{"type":"Point","coordinates":[28.028527,43.274647]},"properties":{"lines":"9, 109, 209 Б, 409","color":"#0059a9","mode":"bus","arr":["9","109","209 Б","409"],"angle":21.8,"extra":1,"ei":8}},{"type":"Feature","geometry":{"type":"Point","coordinates":[28.016737,43.258318]},"properties":{"lines":"9, 109, 209 Б, 409","color":"#0059a9","mode":"bus","arr":["9","109","209 Б","409"],"angle":-76.6,"extra":1,"ei":9}},{"type":"Feature","geometry":{"type":"Point","coordinates":[28.012957,43.23772]},"properties":{"lines":"9, 109, 209 Б, 409","color":"#0059a9","mode":"bus","arr":["9","109","209 Б","409"],"angle":-68,"extra":1,"ei":0}},{"type":"Feature","geometry":{"type":"Point","coordinates":[28.014853,43.250842]},"properties":{"lines":"9, 209 Б","color":"#0059a9","mode":"bus","arr":["9","209 Б"],"angle":80.8}},{"type":"Feature","geometry":{"type":"Point","coordinates":[28.015874,43.243035]},"properties":{"lines":"9, 209 Б","color":"#0059a9","mode":"bus","arr":["9","209 Б"],"angle":-74.5,"extra":1,"ei":0,"side":-1}},{"type":"Feature","geometry":{"type":"Point","coordinates":[28.016193,43.244902]},"properties":{"lines":"9, 209 Б","color":"#0059a9","mode":"bus","arr":["9","209 Б"],"angle":88.6,"extra":1,"ei":1}},{"type":"Feature","geometry":{"type":"Point","coordinates":[28.015876,43.246773]},"properties":{"lines":"9, 209 Б","color":"#0059a9","mode":"bus","arr":["9","209 Б"],"angle":79.9,"extra":1,"ei":2}},{"type":"Feature","geometry":{"type":"Point","coordinates":[28.015409,43.248631]},"properties":{"lines":"9, 209 Б","color":"#0059a9","mode":"bus","arr":["9","209 Б"],"angle":79.4,"extra":1,"ei":3}},{"type":"Feature","geometry":{"type":"Point","coordinates":[28.01485,43.25236]},"properties":{"lines":"9, 209 Б","color":"#0059a9","mode":"bus","arr":["9","209 Б"],"angle":-79.5,"extra":1,"ei":4,"side":-1}},{"type":"Feature","geometry":{"type":"Point","coordinates":[28.01549,43.254189]},"properties":{"lines":"9, 209 Б","color":"#0059a9","mode":"bus","arr":["9","209 Б"],"angle":-75.8,"extra":1,"ei":5,"side":-1}},{"type":"Feature","geometry":{"type":"Point","coordinates":[28.016105,43.256023]},"properties":{"lines":"9, 209 Б","color":"#0059a9","mode":"bus","arr":["9","209 Б"],"angle":-76.6,"extra":1,"ei":6,"side":-1}},{"type":"Feature","geometry":{"type":"Point","coordinates":[28.016713,43.257859]},"properties":{"lines":"9, 209 Б","color":"#0059a9","mode":"bus","arr":["9","209 Б"],"angle":-75.9,"extra":1,"ei":7,"side":-1}},{"type":"Feature","geometry":{"type":"Point","coordinates":[28.039611,43.274589]},"properties":{"lines":"9, 409","color":"#0059a9","mode":"bus","arr":["9","409"],"angle":-51.1,"mi":1}},{"type":"Feature","geometry":{"type":"Point","coordinates":[28.037584,43.280847]},"properties":{"lines":"9, 409","color":"#0059a9","mode":"bus","arr":["9","409"],"angle":-77.1}},{"type":"Feature","geometry":{"type":"Point","coordinates":[28.038371,43.274812]},"properties":{"lines":"9, 409","color":"#0059a9","mode":"bus","arr":["9","409"],"angle":58.5,"extra":1,"ei":0}},{"type":"Feature","geometry":{"type":"Point","coordinates":[28.037302,43.27651]},"properties":{"lines":"9, 409","color":"#0059a9","mode":"bus","arr":["9","409"],"angle":84.3,"extra":1,"ei":1}},{"type":"Feature","geometry":{"type":"Point","coordinates":[28.037231,43.278397]},"properties":{"lines":"9, 409","color":"#0059a9","mode":"bus","arr":["9","409"],"angle":-89.9,"extra":1,"ei":2}},{"type":"Feature","geometry":{"type":"Point","coordinates":[28.037648,43.282114]},"properties":{"lines":"9, 409","color":"#0059a9","mode":"bus","arr":["9","409"],"angle":69.2,"extra":1,"ei":3}},{"type":"Feature","geometry":{"type":"Point","coordinates":[28.037007,43.28392]},"properties":{"lines":"9, 409","color":"#0059a9","mode":"bus","arr":["9","409"],"angle":-84.6,"extra":1,"ei":4}},{"type":"Feature","geometry":{"type":"Point","coordinates":[28.037333,43.285788]},"properties":{"lines":"9, 409","color":"#0059a9","mode":"bus","arr":["9","409"],"angle":-89.8,"extra":1,"ei":5}},{"type":"Feature","geometry":{"type":"Point","coordinates":[28.037227,43.287663]},"properties":{"lines":"9, 409","color":"#0059a9","mode":"bus","arr":["9","409"],"angle":-76.5,"extra":1,"ei":6,"side":-1}},{"type":"Feature","geometry":{"type":"Point","coordinates":[27.830118,43.245346]},"properties":{"lines":"409","color":"#0059a9","mode":"bus","arr":["409"],"angle":28.6,"side":-1,"mi":7}},{"type":"Feature","geometry":{"type":"Point","coordinates":[27.824504,43.237905]},"properties":{"lines":"409","color":"#0059a9","mode":"bus","arr":["409"],"angle":58.6,"mi":9}},{"type":"Feature","geometry":{"type":"Point","coordinates":[27.832897,43.238875]},"properties":{"lines":"409","color":"#0059a9","mode":"bus","arr":["409"],"angle":-56.6,"extra":1,"ei":0}},{"type":"Feature","geometry":{"type":"Point","coordinates":[27.830722,43.238173]},"properties":{"lines":"409","color":"#0059a9","mode":"bus","arr":["409"],"angle":3.7,"extra":1,"ei":1}},{"type":"Feature","geometry":{"type":"Point","coordinates":[27.828137,43.238304]},"properties":{"lines":"409","color":"#0059a9","mode":"bus","arr":["409"],"angle":5.3,"extra":1,"ei":2}},{"type":"Feature","geometry":{"type":"Point","coordinates":[27.836813,43.23851]},"properties":{"lines":"409","color":"#0059a9","mode":"bus","arr":["409"],"angle":30.8,"mi":5}},{"type":"Feature","geometry":{"type":"Point","coordinates":[27.855535,43.230007]},"properties":{"lines":"409","color":"#0059a9","mode":"bus","arr":["409"],"angle":32.4,"side":-1,"mi":1}},{"type":"Feature","geometry":{"type":"Point","coordinates":[27.838147,43.238873]},"properties":{"lines":"409","color":"#0059a9","mode":"bus","arr":["409"],"angle":69.1,"mi":6}},{"type":"Feature","geometry":{"type":"Point","coordinates":[27.829813,43.245498]},"properties":{"lines":"409","color":"#0059a9","mode":"bus","arr":["409"],"angle":-18,"mi":8}},{"type":"Feature","geometry":{"type":"Point","coordinates":[27.976315,43.221562]},"properties":{"lines":"9, 31A, 109","color":"#0059a9","mode":"bus","arr":["9","31A","109"],"angle":-49}},{"type":"Feature","geometry":{"type":"Point","coordinates":[27.953289,43.215485]},"properties":{"lines":"9, 14, 17, 31A, 39, 109, 209 Б, 409","color":"#0059a9","mode":"bus","arr":["9","14","17","31A","39","109","209 Б","409"],"angle":-14.6}},{"type":"Feature","geometry":{"type":"Point","coordinates":[27.910662,43.205701]},"properties":{"lines":"10, 13, 148, 409","color":"#0059a9","mode":"bus","arr":["10","13","148","409"],"angle":83.5}},{"type":"Feature","geometry":{"type":"Point","coordinates":[27.905237,43.213563]},"properties":{"lines":"10, 14, 23","color":"#0059a9","mode":"bus","arr":["10","14","23"],"angle":-47.3}},{"type":"Feature","geometry":{"type":"Point","coordinates":[27.908336,43.215904]},"properties":{"lines":"10, 23, 118","color":"#0059a9","mode":"bus","arr":["10","23","118"],"angle":-46}},{"type":"Feature","geometry":{"type":"Point","coordinates":[27.909391,43.222195]},"properties":{"lines":"10, 12, 23","color":"#0059a9","mode":"bus","arr":["10","12","23"],"angle":73.3}},{"type":"Feature","geometry":{"type":"Point","coordinates":[27.909529,43.220113]},"properties":{"lines":"10, 12, 23","color":"#0059a9","mode":"bus","arr":["10","12","23"],"angle":62.4,"extra":1,"ei":0}},{"type":"Feature","geometry":{"type":"Point","coordinates":[27.908788,43.223698]},"properties":{"lines":"10, 12, 23","color":"#0059a9","mode":"bus","arr":["10","12","23"],"angle":73.9,"extra":1,"ei":1}},{"type":"Feature","geometry":{"type":"Point","coordinates":[27.908904,43.22562]},"properties":{"lines":"10, 12","color":"#0059a9","mode":"bus","arr":["10","12"],"angle":-61.8}},{"type":"Feature","geometry":{"type":"Point","coordinates":[27.910789,43.226659]},"properties":{"lines":"10, 12","color":"#0059a9","mode":"bus","arr":["10","12"],"angle":-21.6,"mi":1}},{"type":"Feature","geometry":{"type":"Point","coordinates":[27.914863,43.227046]},"properties":{"lines":"10","color":"#0059a9","mode":"bus","arr":["10"],"angle":-8,"side":-1,"mi":2}},{"type":"Feature","geometry":{"type":"Point","coordinates":[27.916562,43.227238]},"properties":{"lines":"10","color":"#0059a9","mode":"bus","arr":["10"],"angle":-9.1,"extra":1,"ei":0,"side":-1}},{"type":"Feature","geometry":{"type":"Point","coordinates":[27.916741,43.22097]},"properties":{"lines":"10","color":"#0059a9","mode":"bus","arr":["10"],"angle":-52.3,"mi":3}},{"type":"Feature","geometry":{"type":"Point","coordinates":[27.917813,43.223751]},"properties":{"lines":"10","color":"#0059a9","mode":"bus","arr":["10"],"angle":-78.9}},{"type":"Feature","geometry":{"type":"Point","coordinates":[27.917012,43.226472]},"properties":{"lines":"10","color":"#0059a9","mode":"bus","arr":["10"],"angle":89.5,"mi":1}},{"type":"Feature","geometry":{"type":"Point","coordinates":[27.917427,43.224933]},"properties":{"lines":"10","color":"#0059a9","mode":"bus","arr":["10"],"angle":8.1,"extra":1,"ei":0}},{"type":"Feature","geometry":{"type":"Point","coordinates":[27.917147,43.221646]},"properties":{"lines":"10","color":"#0059a9","mode":"bus","arr":["10"],"angle":-73.7,"extra":1,"ei":1}},{"type":"Feature","geometry":{"type":"Point","coordinates":[27.890005,43.192594]},"properties":{"lines":"10, 13, 122","color":"#0059a9","mode":"bus","arr":["10","13","122"],"angle":-55.3}},{"type":"Feature","geometry":{"type":"Point","coordinates":[27.891425,43.188681]},"properties":{"lines":"10, 13, 122","color":"#0059a9","mode":"bus","arr":["10","13","122"],"angle":23.3,"extra":1,"ei":0}},{"type":"Feature","geometry":{"type":"Point","coordinates":[27.889162,43.189558]},"properties":{"lines":"10, 13, 122","color":"#0059a9","mode":"bus","arr":["10","13","122"],"angle":59.4,"extra":1,"ei":1}},{"type":"Feature","geometry":{"type":"Point","coordinates":[27.889224,43.191413]},"properties":{"lines":"10, 13, 122","color":"#0059a9","mode":"bus","arr":["10","13","122"],"angle":-75.9,"extra":1,"ei":2}},{"type":"Feature","geometry":{"type":"Point","coordinates":[27.892552,43.194161]},"properties":{"lines":"10, 13, 122","color":"#0059a9","mode":"bus","arr":["10","13","122"],"angle":-28,"extra":1,"ei":3,"side":-1}},{"type":"Feature","geometry":{"type":"Point","coordinates":[27.894829,43.195062]},"properties":{"lines":"10, 13, 122","color":"#0059a9","mode":"bus","arr":["10","13","122"],"angle":-35.3,"extra":1,"ei":4}},{"type":"Feature","geometry":{"type":"Point","coordinates":[27.89594,43.196726]},"properties":{"lines":"10, 13, 122","color":"#0059a9","mode":"bus","arr":["10","13","122"],"angle":47.5,"mi":1}},{"type":"Feature","geometry":{"type":"Point","coordinates":[27.896441,43.197911]},"properties":{"lines":"10, 13, 122","color":"#0059a9","mode":"bus","arr":["10","13","122"],"angle":-87.7,"extra":1,"ei":0,"side":-1}},{"type":"Feature","geometry":{"type":"Point","coordinates":[27.896534,43.199386]},"properties":{"lines":"10, 12, 13, 17, 36, 37, 46 Б, 55, 88, 122","color":"#0059a9","mode":"bus","arr":["10","12","13","17","36","37","46 Б","55","88","122"],"tLines":"88","ntLines":"10, 12, 13, 17, 36, 37, 46 Б, 55, 122","angle":-87.7,"mi":2}},{"type":"Feature","geometry":{"type":"Point","coordinates":[27.899143,43.203119]},"properties":{"lines":"10, 12, 13, 17, 36, 37, 46 Б, 55, 88, 122","color":"#0059a9","mode":"bus","arr":["10","12","13","17","36","37","46 Б","55","88","122"],"tLines":"88","ntLines":"10, 12, 13, 17, 36, 37, 46 Б, 55, 122","angle":-31.5,"side":-1,"mi":1}},{"type":"Feature","geometry":{"type":"Point","coordinates":[27.896479,43.201907]},"properties":{"lines":"10, 12, 13, 17, 36, 37, 46 Б, 55, 88, 122","color":"#0059a9","mode":"bus","arr":["10","12","13","17","36","37","46 Б","55","88","122"],"tLines":"88","ntLines":"10, 12, 13, 17, 36, 37, 46 Б, 55, 122","angle":-57.7}},{"type":"Feature","geometry":{"type":"Point","coordinates":[27.902763,43.203742]},"properties":{"lines":"10, 12, 13, 17, 36, 37, 46 Б, 55, 88, 122","color":"#0059a9","mode":"bus","arr":["10","12","13","17","36","37","46 Б","55","88","122"],"tLines":"88","ntLines":"10, 12, 13, 17, 36, 37, 46 Б, 55, 122","angle":-5.9,"extra":1,"ei":0,"side":-1}},{"type":"Feature","geometry":{"type":"Point","coordinates":[27.905038,43.203435]},"properties":{"lines":"10, 13","color":"#0059a9","mode":"bus","arr":["10","13"],"angle":38.7,"side":-1}},{"type":"Feature","geometry":{"type":"Point","coordinates":[27.904662,43.20383]},"properties":{"lines":"10, 23, 36, 37, 55","color":"#0059a9","mode":"bus","arr":["10","23","36","37","55"],"angle":39.8,"side":-1}},{"type":"Feature","geometry":{"type":"Point","coordinates":[27.901439,43.203793]},"properties":{"lines":"10, 12, 13, 17, 23, 36, 37, 46 Б, 55, 88, 122","color":"#0059a9","mode":"bus","arr":["10","12","13","17","23","36","37","46 Б","55","88","122"],"tLines":"88","ntLines":"10, 12, 13, 17, 23, 36, 37, 46 Б, 55, 122","angle":-8.1}},{"type":"Feature","geometry":{"type":"Point","coordinates":[27.888355,43.175434]},"properties":{"lines":"12","color":"#0059a9","mode":"bus","arr":["12"],"angle":-37.2,"mi":2}},{"type":"Feature","geometry":{"type":"Point","coordinates":[27.887244,43.175884]},"properties":{"lines":"12","color":"#0059a9","mode":"bus","arr":["12"],"angle":46.9,"mi":4}},{"type":"Feature","geometry":{"type":"Point","coordinates":[27.88769,43.177986]},"properties":{"lines":"12","color":"#0059a9","mode":"bus","arr":["12"],"angle":-59.7,"mi":1}},{"type":"Feature","geometry":{"type":"Point","coordinates":[27.891847,43.179217]},"properties":{"lines":"12","color":"#0059a9","mode":"bus","arr":["12"],"angle":7.5,"mi":3}},{"type":"Feature","geometry":{"type":"Point","coordinates":[27.893711,43.179084]},"properties":{"lines":"12","color":"#0059a9","mode":"bus","arr":["12"],"angle":1.1,"extra":1,"ei":0}},{"type":"Feature","geometry":{"type":"Point","coordinates":[27.895507,43.178866]},"properties":{"lines":"12","color":"#0059a9","mode":"bus","arr":["12"],"angle":36.1,"mi":5}},{"type":"Feature","geometry":{"type":"Point","coordinates":[27.896574,43.17915]},"properties":{"lines":"12, 17, 46 Б, 55","color":"#0059a9","mode":"bus","arr":["12","17","46 Б","55"],"angle":-55.7}},{"type":"Feature","geometry":{"type":"Point","coordinates":[27.887575,43.174773]},"properties":{"lines":"12, 17, 46 Б, 55","color":"#0059a9","mode":"bus","arr":["12","17","46 Б","55"],"angle":-48.2,"mi":2}},{"type":"Feature","geometry":{"type":"Point","coordinates":[27.897234,43.179971]},"properties":{"lines":"12, 46 Б, 55","color":"#0059a9","mode":"bus","arr":["12","46 Б","55"],"angle":-64.5,"side":-1}},{"type":"Feature","geometry":{"type":"Point","coordinates":[27.887206,43.183451]},"properties":{"lines":"12, 17, 46 Б, 55, 88","color":"#0059a9","mode":"bus","arr":["12","17","46 Б","55","88"],"tLines":"88","ntLines":"12, 17, 46 Б, 55","angle":-22.5,"side":-1,"mi":2}},{"type":"Feature","geometry":{"type":"Point","coordinates":[27.894604,43.182874]},"properties":{"lines":"12, 17, 46 Б, 55, 88","color":"#0059a9","mode":"bus","arr":["12","17","46 Б","55","88"],"tLines":"88","ntLines":"12, 17, 46 Б, 55","angle":44.8}},{"type":"Feature","geometry":{"type":"Point","coordinates":[27.896537,43.181167]},"properties":{"lines":"12, 17, 46 Б, 55, 88","color":"#0059a9","mode":"bus","arr":["12","17","46 Б","55","88"],"tLines":"88","ntLines":"12, 17, 46 Б, 55","angle":54.5,"side":-1,"mi":1}},{"type":"Feature","geometry":{"type":"Point","coordinates":[27.891649,43.183831]},"properties":{"lines":"12, 17, 46 Б, 55, 88","color":"#0059a9","mode":"bus","arr":["12","17","46 Б","55","88"],"tLines":"88","ntLines":"12, 17, 46 Б, 55","angle":1.5,"extra":1,"ei":0}},{"type":"Feature","geometry":{"type":"Point","coordinates":[27.88907,43.184004]},"properties":{"lines":"12, 17, 46 Б, 55, 88","color":"#0059a9","mode":"bus","arr":["12","17","46 Б","55","88"],"tLines":"88","ntLines":"12, 17, 46 Б, 55","angle":-3.2,"extra":1,"ei":1}},{"type":"Feature","geometry":{"type":"Point","coordinates":[27.884359,43.184]},"properties":{"lines":"12, 17, 46 Б, 55, 88","color":"#0059a9","mode":"bus","arr":["12","17","46 Б","55","88"],"tLines":"88","ntLines":"12, 17, 46 Б, 55","angle":43.4,"extra":1,"ei":2}},{"type":"Feature","geometry":{"type":"Point","coordinates":[27.89661,43.181208]},"properties":{"lines":"46 Б","color":"#0059a9","mode":"bus","arr":["46 Б"],"angle":53.4}},{"type":"Feature","geometry":{"type":"Point","coordinates":[27.880773,43.185035]},"properties":{"lines":"12, 17, 36, 37, 46 Б, 55, 88","color":"#0059a9","mode":"bus","arr":["12","17","36","37","46 Б","55","88"],"tLines":"88","ntLines":"12, 17, 36, 37, 46 Б, 55","angle":0.2,"side":-1}},{"type":"Feature","geometry":{"type":"Point","coordinates":[27.882833,43.184932]},"properties":{"lines":"12, 17, 36, 37, 46 Б, 55, 88","color":"#0059a9","mode":"bus","arr":["12","17","36","37","46 Б","55","88"],"tLines":"88","ntLines":"12, 17, 36, 37, 46 Б, 55","angle":31.7,"mi":2}},{"type":"Feature","geometry":{"type":"Point","coordinates":[27.886685,43.191324]},"properties":{"lines":"12, 17, 36, 37, 46 Б, 55, 88","color":"#0059a9","mode":"bus","arr":["12","17","36","37","46 Б","55","88"],"tLines":"88","ntLines":"12, 17, 36, 37, 46 Б, 55","angle":-37.1,"mi":4}},{"type":"Feature","geometry":{"type":"Point","coordinates":[27.878808,43.18505]},"properties":{"lines":"12, 17, 36, 37, 46 Б, 55, 88","color":"#0059a9","mode":"bus","arr":["12","17","36","37","46 Б","55","88"],"tLines":"88","ntLines":"12, 17, 36, 37, 46 Б, 55","angle":18.2,"mi":3}},{"type":"Feature","geometry":{"type":"Point","coordinates":[27.880459,43.185168]},"properties":{"lines":"12, 17, 36, 37, 46 Б, 55, 88","color":"#0059a9","mode":"bus","arr":["12","17","36","37","46 Б","55","88"],"tLines":"88","ntLines":"12, 17, 36, 37, 46 Б, 55","angle":-10.5,"extra":1,"ei":0}},{"type":"Feature","geometry":{"type":"Point","coordinates":[27.880536,43.187808]},"properties":{"lines":"12, 17, 36, 37, 46 Б, 55, 88","color":"#0059a9","mode":"bus","arr":["12","17","36","37","46 Б","55","88"],"tLines":"88","ntLines":"12, 17, 36, 37, 46 Б, 55","angle":-37.2,"extra":1,"ei":0,"side":-1}},{"type":"Feature","geometry":{"type":"Point","coordinates":[27.882601,43.18895]},"properties":{"lines":"12, 17, 36, 37, 46 Б, 55, 88","color":"#0059a9","mode":"bus","arr":["12","17","36","37","46 Б","55","88"],"tLines":"88","ntLines":"12, 17, 36, 37, 46 Б, 55","angle":-37.2,"extra":1,"ei":1,"side":-1}},{"type":"Feature","geometry":{"type":"Point","coordinates":[27.884665,43.190092]},"properties":{"lines":"12, 17, 36, 37, 46 Б, 55, 88","color":"#0059a9","mode":"bus","arr":["12","17","36","37","46 Б","55","88"],"tLines":"88","ntLines":"12, 17, 36, 37, 46 Б, 55","angle":-37.3,"extra":1,"ei":2,"side":-1}},{"type":"Feature","geometry":{"type":"Point","coordinates":[27.888795,43.192374]},"properties":{"lines":"12, 17, 36, 37, 46 Б, 55, 88","color":"#0059a9","mode":"bus","arr":["12","17","36","37","46 Б","55","88"],"tLines":"88","ntLines":"12, 17, 36, 37, 46 Б, 55","angle":-37.1,"extra":1,"ei":3,"side":-1}},{"type":"Feature","geometry":{"type":"Point","coordinates":[27.890861,43.193514]},"properties":{"lines":"12, 17, 36, 37, 46 Б, 55, 88","color":"#0059a9","mode":"bus","arr":["12","17","36","37","46 Б","55","88"],"tLines":"88","ntLines":"12, 17, 36, 37, 46 Б, 55","angle":-37.1,"extra":1,"ei":4}},{"type":"Feature","geometry":{"type":"Point","coordinates":[27.892927,43.194655]},"properties":{"lines":"12, 17, 36, 37, 46 Б, 55, 88","color":"#0059a9","mode":"bus","arr":["12","17","36","37","46 Б","55","88"],"tLines":"88","ntLines":"12, 17, 36, 37, 46 Б, 55","angle":-37.1,"extra":1,"ei":5,"side":-1}},{"type":"Feature","geometry":{"type":"Point","coordinates":[27.894851,43.195911]},"properties":{"lines":"12, 17, 36, 37, 46 Б, 55, 88","color":"#0059a9","mode":"bus","arr":["12","17","36","37","46 Б","55","88"],"tLines":"88","ntLines":"12, 17, 36, 37, 46 Б, 55","angle":-51.6,"extra":1,"ei":6,"side":-1}},{"type":"Feature","geometry":{"type":"Point","coordinates":[27.896044,43.197578]},"properties":{"lines":"12, 17, 36, 37, 46 Б, 55, 88","color":"#0059a9","mode":"bus","arr":["12","17","36","37","46 Б","55","88"],"tLines":"88","ntLines":"12, 17, 36, 37, 46 Б, 55","angle":-70.7,"extra":1,"ei":7}},{"type":"Feature","geometry":{"type":"Point","coordinates":[27.877224,43.18645]},"properties":{"lines":"12, 17, 36, 37, 46 Б, 55, 88","color":"#0059a9","mode":"bus","arr":["12","17","36","37","46 Б","55","88"],"tLines":"88","ntLines":"12, 17, 36, 37, 46 Б, 55","angle":-56,"extra":1,"ei":0}},{"type":"Feature","geometry":{"type":"Point","coordinates":[27.879095,43.187008]},"properties":{"lines":"12, 17, 36, 37, 46 Б, 55, 88","color":"#0059a9","mode":"bus","arr":["12","17","36","37","46 Б","55","88"],"tLines":"88","ntLines":"12, 17, 36, 37, 46 Б, 55","angle":-36.5,"side":-1,"mi":1}},{"type":"Feature","geometry":{"type":"Point","coordinates":[27.904762,43.204003]},"properties":{"lines":"12, 14, 17, 36, 37, 39, 46 Б, 55, 88, 122","color":"#0059a9","mode":"bus","arr":["12","14","17","36","37","39","46 Б","55","88","122"],"tLines":"88","ntLines":"12, 14, 17, 36, 37, 39, 46 Б, 55, 122","angle":-16.5}},{"type":"Feature","geometry":{"type":"Point","coordinates":[27.912038,43.20714]},"properties":{"lines":"12, 82, 83, 88","color":"#0059a9","mode":"bus","arr":["12","82","83","88"],"tLines":"82, 83, 88","ntLines":"12","angle":-31.1,"side":-1}},{"type":"Feature","geometry":{"type":"Point","coordinates":[27.90897,43.205906]},"properties":{"lines":"12, 82, 83, 88","color":"#0059a9","mode":"bus","arr":["12","82","83","88"],"tLines":"82, 83, 88","ntLines":"12","angle":-30.4,"mi":1}},{"type":"Feature","geometry":{"type":"Point","coordinates":[27.914164,43.208075]},"properties":{"lines":"12","color":"#0059a9","mode":"bus","arr":["12"],"angle":-28.9,"side":-1}},{"type":"Feature","geometry":{"type":"Point","coordinates":[27.917172,43.209623]},"properties":{"lines":"12","color":"#0059a9","mode":"bus","arr":["12"],"angle":-46.3,"mi":2}},{"type":"Feature","geometry":{"type":"Point","coordinates":[27.915363,43.213526]},"properties":{"lines":"12, 20, 118","color":"#0059a9","mode":"bus","arr":["12","20","118"],"angle":43.3,"side":-1}},{"type":"Feature","geometry":{"type":"Point","coordinates":[27.918162,43.211732]},"properties":{"lines":"12, 20, 118","color":"#0059a9","mode":"bus","arr":["12","20","118"],"angle":43.4,"extra":1,"ei":0}},{"type":"Feature","geometry":{"type":"Point","coordinates":[27.912578,43.215674]},"properties":{"lines":"12, 20, 118","color":"#0059a9","mode":"bus","arr":["12","20","118"],"angle":44.5,"extra":1,"ei":1}},{"type":"Feature","geometry":{"type":"Point","coordinates":[27.91073,43.216998]},"properties":{"lines":"12, 20, 118","color":"#0059a9","mode":"bus","arr":["12","20","118"],"angle":44.6,"extra":1,"ei":2}},{"type":"Feature","geometry":{"type":"Point","coordinates":[27.916639,43.212664]},"properties":{"lines":"12, 20, 118","color":"#0059a9","mode":"bus","arr":["12","20","118"],"angle":43.3,"extra":1,"ei":0,"side":-1}},{"type":"Feature","geometry":{"type":"Point","coordinates":[27.920381,43.21005]},"properties":{"lines":"12, 20, 118","color":"#0059a9","mode":"bus","arr":["12","20","118"],"angle":44,"extra":1,"ei":1,"side":-1}},{"type":"Feature","geometry":{"type":"Point","coordinates":[27.917012,43.227574]},"properties":{"lines":"12","color":"#0059a9","mode":"bus","arr":["12"],"angle":-9.2}},{"type":"Feature","geometry":{"type":"Point","coordinates":[27.920154,43.227466]},"properties":{"lines":"12","color":"#0059a9","mode":"bus","arr":["12"],"angle":10.5,"extra":1,"ei":0}},{"type":"Feature","geometry":{"type":"Point","coordinates":[27.915022,43.227339]},"properties":{"lines":"12","color":"#0059a9","mode":"bus","arr":["12"],"angle":-9.5,"extra":1,"ei":1}},{"type":"Feature","geometry":{"type":"Point","coordinates":[27.923499,43.227012]},"properties":{"lines":"12, 13","color":"#0059a9","mode":"bus","arr":["12","13"],"angle":10.8}},{"type":"Feature","geometry":{"type":"Point","coordinates":[27.921748,43.227245]},"properties":{"lines":"12, 13","color":"#0059a9","mode":"bus","arr":["12","13"],"angle":11,"extra":1,"ei":0}},{"type":"Feature","geometry":{"type":"Point","coordinates":[27.928235,43.226315]},"properties":{"lines":"12, 13, 209","color":"#0059a9","mode":"bus","arr":["12","13","209"],"angle":10.5}},{"type":"Feature","geometry":{"type":"Point","coordinates":[27.936525,43.225129]},"properties":{"lines":"12, 209","color":"#0059a9","mode":"bus","arr":["12","209"],"angle":12.2}},{"type":"Feature","geometry":{"type":"Point","coordinates":[27.932202,43.225859]},"properties":{"lines":"12, 209","color":"#0059a9","mode":"bus","arr":["12","209"],"angle":13.1,"extra":1,"ei":0}},{"type":"Feature","geometry":{"type":"Point","coordinates":[27.934723,43.22542]},"properties":{"lines":"12, 209","color":"#0059a9","mode":"bus","arr":["12","209"],"angle":12.6,"extra":1,"ei":1}},{"type":"Feature","geometry":{"type":"Point","coordinates":[27.939786,43.224612]},"properties":{"lines":"12, 209","color":"#0059a9","mode":"bus","arr":["12","209"],"angle":11,"extra":1,"ei":2}},{"type":"Feature","geometry":{"type":"Point","coordinates":[27.914217,43.207116]},"properties":{"lines":"12","color":"#0059a9","mode":"bus","arr":["12"],"angle":61.2,"mi":1}},{"type":"Feature","geometry":{"type":"Point","coordinates":[27.911975,43.207252]},"properties":{"lines":"12, 13, 82, 83, 88","color":"#0059a9","mode":"bus","arr":["12","13","82","83","88"],"tLines":"82, 83, 88","ntLines":"12, 13","angle":-30.8}},{"type":"Feature","geometry":{"type":"Point","coordinates":[27.906915,43.204559]},"properties":{"lines":"12, 13, 17, 39, 46 Б, 88, 122","color":"#0059a9","mode":"bus","arr":["12","13","17","39","46 Б","88","122"],"tLines":"88","ntLines":"12, 13, 17, 39, 46 Б, 122","angle":-9,"side":-1}},{"type":"Feature","geometry":{"type":"Point","coordinates":[27.905151,43.204233]},"properties":{"lines":"12, 13, 17, 23, 39, 46 Б, 88, 122","color":"#0059a9","mode":"bus","arr":["12","13","17","23","39","46 Б","88","122"],"tLines":"88","ntLines":"12, 13, 17, 23, 39, 46 Б, 122","angle":-15.1}},{"type":"Feature","geometry":{"type":"Point","coordinates":[27.897192,43.179994]},"properties":{"lines":"12, 17, 46 Б, 55","color":"#0059a9","mode":"bus","arr":["12","17","46 Б","55"],"angle":-75.6,"mi":1}},{"type":"Feature","geometry":{"type":"Point","coordinates":[27.888166,43.176896]},"properties":{"lines":"12","color":"#0059a9","mode":"bus","arr":["12"],"angle":71.7}},{"type":"Feature","geometry":{"type":"Point","coordinates":[27.892038,43.176585]},"properties":{"lines":"17, 46 Б, 55","color":"#0059a9","mode":"bus","arr":["17","46 Б","55"],"angle":-23.7}},{"type":"Feature","geometry":{"type":"Point","coordinates":[27.895079,43.177941]},"properties":{"lines":"17, 46 Б, 55","color":"#0059a9","mode":"bus","arr":["17","46 Б","55"],"angle":-44.6,"extra":1,"ei":0}},{"type":"Feature","geometry":{"type":"Point","coordinates":[27.888283,43.175266]},"properties":{"lines":"17, 46 Б, 55","color":"#0059a9","mode":"bus","arr":["17","46 Б","55"],"angle":-37.1,"extra":1,"ei":1,"side":-1}},{"type":"Feature","geometry":{"type":"Point","coordinates":[27.92079,43.22543]},"properties":{"lines":"13","color":"#0059a9","mode":"bus","arr":["13"],"angle":-75.4,"mi":8}},{"type":"Feature","geometry":{"type":"Point","coordinates":[27.922886,43.22353]},"properties":{"lines":"13","color":"#0059a9","mode":"bus","arr":["13"],"angle":-0.2,"mi":5}},{"type":"Feature","geometry":{"type":"Point","coordinates":[27.924529,43.223531]},"properties":{"lines":"13","color":"#0059a9","mode":"bus","arr":["13"],"angle":0.1,"extra":1,"ei":0}},{"type":"Feature","geometry":{"type":"Point","coordinates":[27.925126,43.224087]},"properties":{"lines":"13","color":"#0059a9","mode":"bus","arr":["13"],"angle":88.1,"mi":7}},{"type":"Feature","geometry":{"type":"Point","coordinates":[27.927466,43.224443]},"properties":{"lines":"13, 209","color":"#0059a9","mode":"bus","arr":["13","209"],"angle":6.9,"mi":1}},{"type":"Feature","geometry":{"type":"Point","coordinates":[27.928664,43.222272]},"properties":{"lines":"13, 209","color":"#0059a9","mode":"bus","arr":["13","209"],"angle":-56.5}},{"type":"Feature","geometry":{"type":"Point","coordinates":[27.931402,43.228172]},"properties":{"lines":"13","color":"#0059a9","mode":"bus","arr":["13"],"angle":-85.8,"mi":13}},{"type":"Feature","geometry":{"type":"Point","coordinates":[27.92675,43.219846]},"properties":{"lines":"13","color":"#0059a9","mode":"bus","arr":["13"],"angle":-71.8,"mi":4}},{"type":"Feature","geometry":{"type":"Point","coordinates":[27.934096,43.232069]},"properties":{"lines":"13","color":"#0059a9","mode":"bus","arr":["13"],"angle":64.1,"mi":15}},{"type":"Feature","geometry":{"type":"Point","coordinates":[27.930358,43.225055]},"properties":{"lines":"13","color":"#0059a9","mode":"bus","arr":["13"],"angle":-65,"extra":1,"ei":0}},{"type":"Feature","geometry":{"type":"Point","coordinates":[27.931235,43.226827]},"properties":{"lines":"13","color":"#0059a9","mode":"bus","arr":["13"],"angle":-77.9,"extra":1,"ei":1}},{"type":"Feature","geometry":{"type":"Point","coordinates":[27.932031,43.230526]},"properties":{"lines":"13","color":"#0059a9","mode":"bus","arr":["13"],"angle":-59.3,"extra":1,"ei":2}},{"type":"Feature","geometry":{"type":"Point","coordinates":[27.925671,43.218477]},"properties":{"lines":"13","color":"#0059a9","mode":"bus","arr":["13"],"angle":-47.6,"mi":2}},{"type":"Feature","geometry":{"type":"Point","coordinates":[27.919333,43.213625]},"properties":{"lines":"13","color":"#0059a9","mode":"bus","arr":["13"],"angle":-46.4,"mi":6}},{"type":"Feature","geometry":{"type":"Point","coordinates":[27.911404,43.208121]},"properties":{"lines":"13","color":"#0059a9","mode":"bus","arr":["13"],"angle":-30.9,"mi":14}},{"type":"Feature","geometry":{"type":"Point","coordinates":[27.923963,43.217097]},"properties":{"lines":"13","color":"#0059a9","mode":"bus","arr":["13"],"angle":-46.6,"extra":1,"ei":0}},{"type":"Feature","geometry":{"type":"Point","coordinates":[27.922156,43.215744]},"properties":{"lines":"13","color":"#0059a9","mode":"bus","arr":["13"],"angle":-45.4,"extra":1,"ei":1}},{"type":"Feature","geometry":{"type":"Point","coordinates":[27.916744,43.211683]},"properties":{"lines":"13","color":"#0059a9","mode":"bus","arr":["13"],"angle":-46.6,"extra":1,"ei":2}},{"type":"Feature","geometry":{"type":"Point","coordinates":[27.914963,43.210311]},"properties":{"lines":"13","color":"#0059a9","mode":"bus","arr":["13"],"angle":-46.5,"extra":1,"ei":3}},{"type":"Feature","geometry":{"type":"Point","coordinates":[27.914428,43.208942]},"properties":{"lines":"13","color":"#0059a9","mode":"bus","arr":["13"],"angle":40,"mi":11}},{"type":"Feature","geometry":{"type":"Point","coordinates":[27.914054,43.20814]},"properties":{"lines":"13","color":"#0059a9","mode":"bus","arr":["13"],"angle":-29.6,"mi":12}},{"type":"Feature","geometry":{"type":"Point","coordinates":[27.911142,43.198863]},"properties":{"lines":"13, 17, 20, 23, 46 Б, 55","color":"#0059a9","mode":"bus","arr":["13","17","20","23","46 Б","55"],"angle":17.1}},{"type":"Feature","geometry":{"type":"Point","coordinates":[27.912601,43.209417]},"properties":{"lines":"13, 82, 83, 88","color":"#0059a9","mode":"bus","arr":["13","82","83","88"],"tLines":"82, 83, 88","ntLines":"13","angle":69.2,"mi":1}},{"type":"Feature","geometry":{"type":"Point","coordinates":[27.911792,43.210737]},"properties":{"lines":"13, 82, 83, 88","color":"#0059a9","mode":"bus","arr":["13","82","83","88"],"tLines":"82, 83, 88","ntLines":"13","angle":58.2}},{"type":"Feature","geometry":{"type":"Point","coordinates":[27.913054,43.212629]},"properties":{"lines":"13","color":"#0059a9","mode":"bus","arr":["13"],"angle":-46.6,"mi":9}},{"type":"Feature","geometry":{"type":"Point","coordinates":[27.916871,43.215525]},"properties":{"lines":"13","color":"#0059a9","mode":"bus","arr":["13"],"angle":-46.7,"mi":3}},{"type":"Feature","geometry":{"type":"Point","coordinates":[27.921807,43.226996]},"properties":{"lines":"13","color":"#0059a9","mode":"bus","arr":["13"],"angle":-25.7,"side":-1,"mi":10}},{"type":"Feature","geometry":{"type":"Point","coordinates":[27.918824,43.216728]},"properties":{"lines":"13","color":"#0059a9","mode":"bus","arr":["13"],"angle":-90,"side":-1}},{"type":"Feature","geometry":{"type":"Point","coordinates":[27.919895,43.215649]},"properties":{"lines":"13","color":"#0059a9","mode":"bus","arr":["13"],"angle":41.7,"mi":1}},{"type":"Feature","geometry":{"type":"Point","coordinates":[27.851119,43.251476]},"properties":{"lines":"14, 22, 148, 209, 209 Б","color":"#0059a9","mode":"bus","arr":["14","22","148","209","209 Б"],"angle":35}},{"type":"Feature","geometry":{"type":"Point","coordinates":[27.848242,43.24906]},"properties":{"lines":"14, 20, 22, 82, 88, 122, 148, 209, 209 Б","color":"#0059a9","mode":"bus","arr":["14","20","22","82","88","122","148","209","209 Б"],"tLines":"82, 88","ntLines":"14, 20, 22, 122, 148, 209, 209 Б","angle":-70.1}},{"type":"Feature","geometry":{"type":"Point","coordinates":[27.849393,43.250865]},"properties":{"lines":"14, 20, 22, 82, 88, 122, 148, 209, 209 Б","color":"#0059a9","mode":"bus","arr":["14","20","22","82","88","122","148","209","209 Б"],"tLines":"82, 88","ntLines":"14, 20, 22, 122, 148, 209, 209 Б","angle":-58.9,"extra":1,"ei":0}},{"type":"Feature","geometry":{"type":"Point","coordinates":[27.847603,43.247341]},"properties":{"lines":"14, 20, 22, 82, 88, 122, 148, 209, 209 Б","color":"#0059a9","mode":"bus","arr":["14","20","22","82","88","122","148","209","209 Б"],"tLines":"82, 88","ntLines":"14, 20, 22, 122, 148, 209, 209 Б","angle":-81.3,"extra":1,"ei":1}},{"type":"Feature","geometry":{"type":"Point","coordinates":[27.847978,43.24446]},"properties":{"lines":"14, 82, 83, 88, 118","color":"#0059a9","mode":"bus","arr":["14","82","83","88","118"],"tLines":"82, 83, 88","ntLines":"14, 118","angle":74.2,"side":-1}},{"type":"Feature","geometry":{"type":"Point","coordinates":[27.849906,43.241075]},"properties":{"lines":"41","color":"#0059a9","mode":"bus","arr":["41"],"angle":69.9}},{"type":"Feature","geometry":{"type":"Point","coordinates":[27.853427,43.242594]},"properties":{"lines":"14, 41, 82, 83, 88, 118","color":"#0059a9","mode":"bus","arr":["14","41","82","83","88","118"],"tLines":"82, 83, 88","ntLines":"14, 41, 118","angle":16.4}},{"type":"Feature","geometry":{"type":"Point","coordinates":[27.850374,43.242715]},"properties":{"lines":"14, 41, 82, 83, 88, 118","color":"#0059a9","mode":"bus","arr":["14","41","82","83","88","118"],"tLines":"82, 83, 88","ntLines":"14, 41, 118","angle":1.4,"extra":1,"ei":0,"side":-1}},{"type":"Feature","geometry":{"type":"Point","coordinates":[27.855347,43.241854]},"properties":{"lines":"14, 41, 82, 83, 88, 118","color":"#0059a9","mode":"bus","arr":["14","41","82","83","88","118"],"tLines":"82, 83, 88","ntLines":"14, 41, 118","angle":23.9,"extra":1,"ei":1,"side":-1}},{"type":"Feature","geometry":{"type":"Point","coordinates":[27.857439,43.23855]},"properties":{"lines":"14, 41, 118","color":"#0059a9","mode":"bus","arr":["14","41","118"],"angle":-88.6,"mi":2}},{"type":"Feature","geometry":{"type":"Point","coordinates":[27.857133,43.236602]},"properties":{"lines":"14, 41, 118","color":"#0059a9","mode":"bus","arr":["14","41","118"],"angle":-68.4,"extra":1,"ei":0}},{"type":"Feature","geometry":{"type":"Point","coordinates":[27.857529,43.240353]},"properties":{"lines":"14, 41, 118","color":"#0059a9","mode":"bus","arr":["14","41","118"],"angle":-87.5,"extra":1,"ei":1}},{"type":"Feature","geometry":{"type":"Point","coordinates":[27.860312,43.234891]},"properties":{"lines":"14, 41, 118","color":"#0059a9","mode":"bus","arr":["14","41","118"],"angle":0.5}},{"type":"Feature","geometry":{"type":"Point","coordinates":[27.857576,43.235286]},"properties":{"lines":"14, 41, 118","color":"#0059a9","mode":"bus","arr":["14","41","118"],"angle":19.9,"extra":1,"ei":0}},{"type":"Feature","geometry":{"type":"Point","coordinates":[27.862509,43.234425]},"properties":{"lines":"14, 41, 118","color":"#0059a9","mode":"bus","arr":["14","41","118"],"angle":38.5,"extra":1,"ei":1,"side":-1}},{"type":"Feature","geometry":{"type":"Point","coordinates":[27.864373,43.237331]},"properties":{"lines":"14, 41","color":"#0059a9","mode":"bus","arr":["14","41"],"angle":-67.1,"mi":1}},{"type":"Feature","geometry":{"type":"Point","coordinates":[27.863517,43.234538]},"properties":{"lines":"14, 41","color":"#0059a9","mode":"bus","arr":["14","41"],"angle":-0.9,"extra":1,"ei":0}},{"type":"Feature","geometry":{"type":"Point","coordinates":[27.863949,43.236165]},"properties":{"lines":"14, 41","color":"#0059a9","mode":"bus","arr":["14","41"],"angle":88.8,"extra":1,"ei":1}},{"type":"Feature","geometry":{"type":"Point","coordinates":[27.864614,43.239849]},"properties":{"lines":"14, 41","color":"#0059a9","mode":"bus","arr":["14","41"],"angle":88.1,"extra":1,"ei":2}},{"type":"Feature","geometry":{"type":"Point","coordinates":[27.86795,43.240358]},"properties":{"lines":"14, 20, 22, 41, 82, 83, 88, 118, 122, 148, 209, 209 Б","color":"#0059a9","mode":"bus","arr":["14","20","22","41","82","83","88","118","122","148","209","209 Б"],"tLines":"82, 83, 88","ntLines":"14, 20, 22, 41, 118, 122, 148, 209, 209 Б","angle":24,"side":-1}},{"type":"Feature","geometry":{"type":"Point","coordinates":[27.865864,43.241049]},"properties":{"lines":"14, 20, 22, 41, 82, 83, 88, 118, 122, 148, 209, 209 Б","color":"#0059a9","mode":"bus","arr":["14","20","22","41","82","83","88","118","122","148","209","209 Б"],"tLines":"82, 83, 88","ntLines":"14, 20, 22, 41, 118, 122, 148, 209, 209 Б","angle":22.5,"extra":1,"ei":0,"side":-1}},{"type":"Feature","geometry":{"type":"Point","coordinates":[27.870593,43.239503]},"properties":{"lines":"14, 20, 22, 41, 82, 83, 88, 118, 122, 148, 209, 209 Б","color":"#0059a9","mode":"bus","arr":["14","20","22","41","82","83","88","118","122","148","209","209 Б"],"tLines":"82, 83, 88","ntLines":"14, 20, 22, 41, 118, 122, 148, 209, 209 Б","angle":18.5,"extra":1,"ei":1,"side":-1}},{"type":"Feature","geometry":{"type":"Point","coordinates":[27.870682,43.236514]},"properties":{"lines":"14, 22, 41, 82, 118, 122, 148, 209, 209 Б","color":"#0059a9","mode":"bus","arr":["14","22","41","82","118","122","148","209","209 Б"],"tLines":"82","ntLines":"14, 22, 41, 118, 122, 148, 209, 209 Б","angle":-81.4}},{"type":"Feature","geometry":{"type":"Point","coordinates":[27.87105,43.238435]},"properties":{"lines":"14, 22, 41, 82, 118, 122, 148, 209, 209 Б","color":"#0059a9","mode":"bus","arr":["14","22","41","82","118","122","148","209","209 Б"],"tLines":"82","ntLines":"14, 22, 41, 118, 122, 148, 209, 209 Б","angle":-81.4,"extra":1,"ei":0}},{"type":"Feature","geometry":{"type":"Point","coordinates":[27.870252,43.234704]},"properties":{"lines":"14, 22, 41, 82, 118, 122, 148, 209, 209 Б","color":"#0059a9","mode":"bus","arr":["14","22","41","82","118","122","148","209","209 Б"],"tLines":"82","ntLines":"14, 22, 41, 118, 122, 148, 209, 209 Б","angle":-79.3,"extra":1,"ei":1}},{"type":"Feature","geometry":{"type":"Point","coordinates":[27.873322,43.234073]},"properties":{"lines":"14, 41, 148, 209, 209 Б","color":"#0059a9","mode":"bus","arr":["14","41","148","209","209 Б"],"angle":-9.1}},{"type":"Feature","geometry":{"type":"Point","coordinates":[27.871273,43.233834]},"properties":{"lines":"14, 41, 148, 209, 209 Б","color":"#0059a9","mode":"bus","arr":["14","41","148","209","209 Б"],"angle":-9.8,"extra":1,"ei":0}},{"type":"Feature","geometry":{"type":"Point","coordinates":[27.876392,43.234415]},"properties":{"lines":"14, 41, 148, 209, 209 Б","color":"#0059a9","mode":"bus","arr":["14","41","148","209","209 Б"],"angle":-2.9,"extra":1,"ei":1}},{"type":"Feature","geometry":{"type":"Point","coordinates":[27.87849,43.234375]},"properties":{"lines":"14, 148, 209, 209 Б","color":"#0059a9","mode":"bus","arr":["14","148","209","209 Б"],"angle":6.4}},{"type":"Feature","geometry":{"type":"Point","coordinates":[27.879533,43.230963]},"properties":{"lines":"14","color":"#0059a9","mode":"bus","arr":["14"],"angle":-82}},{"type":"Feature","geometry":{"type":"Point","coordinates":[27.879977,43.233242]},"properties":{"lines":"14","color":"#0059a9","mode":"bus","arr":["14"],"angle":-81.5,"extra":1,"ei":0}},{"type":"Feature","geometry":{"type":"Point","coordinates":[27.879165,43.229515]},"properties":{"lines":"14","color":"#0059a9","mode":"bus","arr":["14"],"angle":-70,"extra":1,"ei":1}},{"type":"Feature","geometry":{"type":"Point","coordinates":[27.886567,43.226982]},"properties":{"lines":"14, 82, 118","color":"#0059a9","mode":"bus","arr":["14","82","118"],"tLines":"82","ntLines":"14, 118","angle":8.8,"side":-1}},{"type":"Feature","geometry":{"type":"Point","coordinates":[27.888253,43.226746]},"properties":{"lines":"14, 82, 118","color":"#0059a9","mode":"bus","arr":["14","82","118"],"tLines":"82","ntLines":"14, 118","angle":22.7,"extra":1,"ei":0,"side":-1}},{"type":"Feature","geometry":{"type":"Point","coordinates":[27.904376,43.21595]},"properties":{"lines":"14, 82, 83, 88, 118","color":"#0059a9","mode":"bus","arr":["14","82","83","88","118"],"tLines":"82, 83, 88","ntLines":"14, 118","angle":44.6,"side":-1,"mi":1}},{"type":"Feature","geometry":{"type":"Point","coordinates":[27.900388,43.218933]},"properties":{"lines":"14, 82, 83, 88, 118","color":"#0059a9","mode":"bus","arr":["14","82","83","88","118"],"tLines":"82, 83, 88","ntLines":"14, 118","angle":45.5}},{"type":"Feature","geometry":{"type":"Point","coordinates":[27.901547,43.217972]},"properties":{"lines":"14, 82, 83, 88, 118","color":"#0059a9","mode":"bus","arr":["14","82","83","88","118"],"tLines":"82, 83, 88","ntLines":"14, 118","angle":48.1,"extra":1,"ei":0,"side":-1}},{"type":"Feature","geometry":{"type":"Point","coordinates":[27.899258,43.219822]},"properties":{"lines":"14, 82, 83, 88, 118","color":"#0059a9","mode":"bus","arr":["14","82","83","88","118"],"tLines":"82, 83, 88","ntLines":"14, 118","angle":47.8,"extra":1,"ei":0}},{"type":"Feature","geometry":{"type":"Point","coordinates":[27.904449,43.20894]},"properties":{"lines":"14, 23","color":"#0059a9","mode":"bus","arr":["14","23"],"angle":65.9}},{"type":"Feature","geometry":{"type":"Point","coordinates":[27.903372,43.21171]},"properties":{"lines":"14, 23","color":"#0059a9","mode":"bus","arr":["14","23"],"angle":-61,"extra":1,"ei":0}},{"type":"Feature","geometry":{"type":"Point","coordinates":[27.905924,43.206523]},"properties":{"lines":"14, 23","color":"#0059a9","mode":"bus","arr":["14","23"],"angle":65.8,"extra":1,"ei":1}},{"type":"Feature","geometry":{"type":"Point","coordinates":[27.905042,43.207725]},"properties":{"lines":"14","color":"#0059a9","mode":"bus","arr":["14"],"angle":-70.3,"mi":1}},{"type":"Feature","geometry":{"type":"Point","coordinates":[27.907471,43.204639]},"properties":{"lines":"14","color":"#0059a9","mode":"bus","arr":["14"],"angle":3.5,"mi":2}},{"type":"Feature","geometry":{"type":"Point","coordinates":[27.902971,43.206898]},"properties":{"lines":"14","color":"#0059a9","mode":"bus","arr":["14"],"angle":-25.4,"mi":3}},{"type":"Feature","geometry":{"type":"Point","coordinates":[27.901383,43.206346]},"properties":{"lines":"14","color":"#0059a9","mode":"bus","arr":["14"],"angle":-25.8,"extra":1,"ei":0}},{"type":"Feature","geometry":{"type":"Point","coordinates":[27.902434,43.205324]},"properties":{"lines":"14, 23, 39","color":"#0059a9","mode":"bus","arr":["14","23","39"],"angle":44.8}},{"type":"Feature","geometry":{"type":"Point","coordinates":[27.903918,43.204194]},"properties":{"lines":"14, 39","color":"#0059a9","mode":"bus","arr":["14","39"],"angle":52.6}},{"type":"Feature","geometry":{"type":"Point","coordinates":[27.945643,43.214346]},"properties":{"lines":"14, 409","color":"#0059a9","mode":"bus","arr":["14","409"],"angle":-7,"side":-1}},{"type":"Feature","geometry":{"type":"Point","coordinates":[27.95063,43.214744]},"properties":{"lines":"14, 17, 39","color":"#0059a9","mode":"bus","arr":["14","17","39"],"angle":13.4,"side":-1,"mi":2}},{"type":"Feature","geometry":{"type":"Point","coordinates":[27.954252,43.215786]},"properties":{"lines":"14, 17, 39","color":"#0059a9","mode":"bus","arr":["14","17","39"],"angle":-67.6,"mi":1}},{"type":"Feature","geometry":{"type":"Point","coordinates":[27.951296,43.215661]},"properties":{"lines":"14, 17, 30, 39, 118, 148, 209","color":"#0059a9","mode":"bus","arr":["14","17","30","39","118","148","209"],"angle":82.5,"mi":1}},{"type":"Feature","geometry":{"type":"Point","coordinates":[27.952105,43.216814]},"properties":{"lines":"14, 17, 30, 39, 118, 148, 209","color":"#0059a9","mode":"bus","arr":["14","17","30","39","118","148","209"],"angle":67.6}},{"type":"Feature","geometry":{"type":"Point","coordinates":[27.954004,43.218121]},"properties":{"lines":"14, 17, 30, 39, 118, 148, 209","color":"#0059a9","mode":"bus","arr":["14","17","30","39","118","148","209"],"angle":1.1,"mi":2}},{"type":"Feature","geometry":{"type":"Point","coordinates":[27.953242,43.216219]},"properties":{"lines":"14, 17, 39","color":"#0059a9","mode":"bus","arr":["14","17","39"],"angle":13.7}},{"type":"Feature","geometry":{"type":"Point","coordinates":[27.906889,43.204989]},"properties":{"lines":"14","color":"#0059a9","mode":"bus","arr":["14"],"angle":64.1}},{"type":"Feature","geometry":{"type":"Point","coordinates":[27.867074,43.233635]},"properties":{"lines":"14, 41","color":"#0059a9","mode":"bus","arr":["14","41"],"angle":-5.8}},{"type":"Feature","geometry":{"type":"Point","coordinates":[27.86871,43.233583]},"properties":{"lines":"14, 41","color":"#0059a9","mode":"bus","arr":["14","41"],"angle":2.8,"extra":1,"ei":0}},{"type":"Feature","geometry":{"type":"Point","coordinates":[27.863802,43.233336]},"properties":{"lines":"14, 41, 118","color":"#0059a9","mode":"bus","arr":["14","41","118"],"angle":0.9,"mi":1}},{"type":"Feature","geometry":{"type":"Point","coordinates":[27.847805,43.246358]},"properties":{"lines":"14, 82, 88","color":"#0059a9","mode":"bus","arr":["14","82","88"],"tLines":"82, 88","ntLines":"14","angle":88.6}},{"type":"Feature","geometry":{"type":"Point","coordinates":[27.907011,43.154575]},"properties":{"lines":"17, 46 Б","color":"#0059a9","mode":"bus","arr":["17","46 Б"],"angle":5.6}},{"type":"Feature","geometry":{"type":"Point","coordinates":[27.883206,43.152274]},"properties":{"lines":"17, 46 Б","color":"#0059a9","mode":"bus","arr":["17","46 Б"],"angle":25.9,"extra":1,"ei":0}},{"type":"Feature","geometry":{"type":"Point","coordinates":[27.885582,43.151534]},"properties":{"lines":"17, 46 Б","color":"#0059a9","mode":"bus","arr":["17","46 Б"],"angle":11,"extra":1,"ei":1}},{"type":"Feature","geometry":{"type":"Point","coordinates":[27.888126,43.151774]},"properties":{"lines":"17, 46 Б","color":"#0059a9","mode":"bus","arr":["17","46 Б"],"angle":-14.2,"extra":1,"ei":2}},{"type":"Feature","geometry":{"type":"Point","coordinates":[27.890633,43.152253]},"properties":{"lines":"17, 46 Б","color":"#0059a9","mode":"bus","arr":["17","46 Б"],"angle":-12.6,"extra":1,"ei":3}},{"type":"Feature","geometry":{"type":"Point","coordinates":[27.893172,43.152633]},"properties":{"lines":"17, 46 Б","color":"#0059a9","mode":"bus","arr":["17","46 Б"],"angle":-13.6,"extra":1,"ei":4}},{"type":"Feature","geometry":{"type":"Point","coordinates":[27.895495,43.153451]},"properties":{"lines":"17, 46 Б","color":"#0059a9","mode":"bus","arr":["17","46 Б"],"angle":-25.2,"extra":1,"ei":5}},{"type":"Feature","geometry":{"type":"Point","coordinates":[27.89802,43.153837]},"properties":{"lines":"17, 46 Б","color":"#0059a9","mode":"bus","arr":["17","46 Б"],"angle":-7.7,"extra":1,"ei":6}},{"type":"Feature","geometry":{"type":"Point","coordinates":[27.900577,43.154143]},"properties":{"lines":"17, 46 Б","color":"#0059a9","mode":"bus","arr":["17","46 Б"],"angle":-10.9,"extra":1,"ei":7}},{"type":"Feature","geometry":{"type":"Point","coordinates":[27.903112,43.154536]},"properties":{"lines":"17, 46 Б","color":"#0059a9","mode":"bus","arr":["17","46 Б"],"angle":-12,"extra":1,"ei":8}},{"type":"Feature","geometry":{"type":"Point","coordinates":[27.910846,43.154316]},"properties":{"lines":"17, 46 Б","color":"#0059a9","mode":"bus","arr":["17","46 Б"],"angle":5,"extra":1,"ei":9}},{"type":"Feature","geometry":{"type":"Point","coordinates":[27.913425,43.154126]},"properties":{"lines":"17, 46 Б","color":"#0059a9","mode":"bus","arr":["17","46 Б"],"angle":6.4,"extra":1,"ei":10}},{"type":"Feature","geometry":{"type":"Point","coordinates":[27.915998,43.154226]},"properties":{"lines":"17, 46 Б","color":"#0059a9","mode":"bus","arr":["17","46 Б"],"angle":-11.8,"extra":1,"ei":11}},{"type":"Feature","geometry":{"type":"Point","coordinates":[27.918322,43.155012]},"properties":{"lines":"17, 46 Б","color":"#0059a9","mode":"bus","arr":["17","46 Б"],"angle":-35.8,"extra":1,"ei":12}},{"type":"Feature","geometry":{"type":"Point","coordinates":[27.920403,43.156137]},"properties":{"lines":"17, 46 Б","color":"#0059a9","mode":"bus","arr":["17","46 Б"],"angle":-35.1,"extra":1,"ei":13}},{"type":"Feature","geometry":{"type":"Point","coordinates":[27.92258,43.157163]},"properties":{"lines":"17, 46 Б","color":"#0059a9","mode":"bus","arr":["17","46 Б"],"angle":-32.7,"extra":1,"ei":14}},{"type":"Feature","geometry":{"type":"Point","coordinates":[27.924764,43.158179]},"properties":{"lines":"17, 46 Б","color":"#0059a9","mode":"bus","arr":["17","46 Б"],"angle":-31.5,"extra":1,"ei":15}},{"type":"Feature","geometry":{"type":"Point","coordinates":[27.926977,43.159162]},"properties":{"lines":"17, 46 Б","color":"#0059a9","mode":"bus","arr":["17","46 Б"],"angle":-31.4,"extra":1,"ei":16}},{"type":"Feature","geometry":{"type":"Point","coordinates":[27.929207,43.160124]},"properties":{"lines":"17, 46 Б","color":"#0059a9","mode":"bus","arr":["17","46 Б"],"angle":-30.6,"extra":1,"ei":17}},{"type":"Feature","geometry":{"type":"Point","coordinates":[27.933822,43.162596]},"properties":{"lines":"17, 46 Б","color":"#0059a9","mode":"bus","arr":["17","46 Б"],"angle":-32.3,"mi":1}},{"type":"Feature","geometry":{"type":"Point","coordinates":[27.931123,43.161353]},"properties":{"lines":"17, 46 Б","color":"#0059a9","mode":"bus","arr":["17","46 Б"],"angle":-32.3,"extra":1,"ei":0}},{"type":"Feature","geometry":{"type":"Point","coordinates":[27.935576,43.163272]},"properties":{"lines":"17, 46 Б","color":"#0059a9","mode":"bus","arr":["17","46 Б"],"angle":-23.3,"extra":1,"ei":1}},{"type":"Feature","geometry":{"type":"Point","coordinates":[27.935036,43.167005]},"properties":{"lines":"17, 46 Б","color":"#0059a9","mode":"bus","arr":["17","46 Б"],"angle":61.5}},{"type":"Feature","geometry":{"type":"Point","coordinates":[27.937112,43.164732]},"properties":{"lines":"17, 46 Б","color":"#0059a9","mode":"bus","arr":["17","46 Б"],"angle":54.4,"extra":1,"ei":0}},{"type":"Feature","geometry":{"type":"Point","coordinates":[27.931814,43.168519]},"properties":{"lines":"17, 46 Б","color":"#0059a9","mode":"bus","arr":["17","46 Б"],"angle":27.8,"extra":1,"ei":1}},{"type":"Feature","geometry":{"type":"Point","coordinates":[27.921469,43.169052]},"properties":{"lines":"17, 46 Б","color":"#0059a9","mode":"bus","arr":["17","46 Б"],"angle":-49.3}},{"type":"Feature","geometry":{"type":"Point","coordinates":[27.93005,43.169598]},"properties":{"lines":"17, 46 Б","color":"#0059a9","mode":"bus","arr":["17","46 Б"],"angle":47.8,"extra":1,"ei":0}},{"type":"Feature","geometry":{"type":"Point","coordinates":[27.928309,43.170996]},"properties":{"lines":"17, 46 Б","color":"#0059a9","mode":"bus","arr":["17","46 Б"],"angle":47.7,"extra":1,"ei":1}},{"type":"Feature","geometry":{"type":"Point","coordinates":[27.926281,43.172078]},"properties":{"lines":"17, 46 Б","color":"#0059a9","mode":"bus","arr":["17","46 Б"],"angle":4.7,"extra":1,"ei":2}},{"type":"Feature","geometry":{"type":"Point","coordinates":[27.924144,43.17115]},"properties":{"lines":"17, 46 Б","color":"#0059a9","mode":"bus","arr":["17","46 Б"],"angle":-46.2,"extra":1,"ei":3}},{"type":"Feature","geometry":{"type":"Point","coordinates":[27.918381,43.167924]},"properties":{"lines":"17, 46 Б","color":"#0059a9","mode":"bus","arr":["17","46 Б"],"angle":31.2,"extra":1,"ei":4}},{"type":"Feature","geometry":{"type":"Point","coordinates":[27.917521,43.169625]},"properties":{"lines":"17, 46 Б","color":"#0059a9","mode":"bus","arr":["17","46 Б"],"angle":81.9,"extra":1,"ei":5}},{"type":"Feature","geometry":{"type":"Point","coordinates":[27.916418,43.171265]},"properties":{"lines":"17, 46 Б","color":"#0059a9","mode":"bus","arr":["17","46 Б"],"angle":36.5,"extra":1,"ei":6}},{"type":"Feature","geometry":{"type":"Point","coordinates":[27.914227,43.172273]},"properties":{"lines":"17, 46 Б","color":"#0059a9","mode":"bus","arr":["17","46 Б"],"angle":32.1,"extra":1,"ei":7}},{"type":"Feature","geometry":{"type":"Point","coordinates":[27.906263,43.177935]},"properties":{"lines":"17, 46 Б","color":"#0059a9","mode":"bus","arr":["17","46 Б"],"angle":42,"mi":1}},{"type":"Feature","geometry":{"type":"Point","coordinates":[27.912144,43.173483]},"properties":{"lines":"17, 46 Б","color":"#0059a9","mode":"bus","arr":["17","46 Б"],"angle":47.5,"extra":1,"ei":0}},{"type":"Feature","geometry":{"type":"Point","coordinates":[27.910506,43.174944]},"properties":{"lines":"17, 46 Б","color":"#0059a9","mode":"bus","arr":["17","46 Б"],"angle":54.6,"extra":1,"ei":1}},{"type":"Feature","geometry":{"type":"Point","coordinates":[27.908734,43.176316]},"properties":{"lines":"17, 46 Б","color":"#0059a9","mode":"bus","arr":["17","46 Б"],"angle":42.5,"extra":1,"ei":2}},{"type":"Feature","geometry":{"type":"Point","coordinates":[27.90488,43.178842]},"properties":{"lines":"17, 46 Б","color":"#0059a9","mode":"bus","arr":["17","46 Б"],"angle":42,"extra":1,"ei":3}},{"type":"Feature","geometry":{"type":"Point","coordinates":[27.902999,43.180136]},"properties":{"lines":"17, 46 Б","color":"#0059a9","mode":"bus","arr":["17","46 Б"],"angle":52.5,"extra":1,"ei":4}},{"type":"Feature","geometry":{"type":"Point","coordinates":[27.901689,43.181763]},"properties":{"lines":"17, 46 Б","color":"#0059a9","mode":"bus","arr":["17","46 Б"],"angle":64,"extra":1,"ei":5}},{"type":"Feature","geometry":{"type":"Point","coordinates":[27.900447,43.183416]},"properties":{"lines":"17, 46 Б","color":"#0059a9","mode":"bus","arr":["17","46 Б"],"angle":51.3,"extra":1,"ei":6}},{"type":"Feature","geometry":{"type":"Point","coordinates":[27.899627,43.182742]},"properties":{"lines":"17, 46 Б","color":"#0059a9","mode":"bus","arr":["17","46 Б"],"angle":-58.1}},{"type":"Feature","geometry":{"type":"Point","coordinates":[27.898255,43.181141]},"properties":{"lines":"17, 46 Б, 88","color":"#0059a9","mode":"bus","arr":["17","46 Б","88"],"tLines":"88","ntLines":"17, 46 Б","angle":-58.6}},{"type":"Feature","geometry":{"type":"Point","coordinates":[27.912934,43.198689]},"properties":{"lines":"17, 20, 23, 39, 46 Б, 82, 83","color":"#0059a9","mode":"bus","arr":["17","20","23","39","46 Б","82","83"],"tLines":"82, 83","ntLines":"17, 20, 23, 39, 46 Б","angle":4.2,"side":-1}},{"type":"Feature","geometry":{"type":"Point","coordinates":[27.91438,43.198191]},"properties":{"lines":"17, 39","color":"#0059a9","mode":"bus","arr":["17","39"],"angle":48.5,"side":-1}},{"type":"Feature","geometry":{"type":"Point","coordinates":[27.921091,43.200791]},"properties":{"lines":"17, 20, 39","color":"#0059a9","mode":"bus","arr":["17","20","39"],"angle":70.9,"mi":1}},{"type":"Feature","geometry":{"type":"Point","coordinates":[27.915966,43.198006]},"properties":{"lines":"17, 20, 39","color":"#0059a9","mode":"bus","arr":["17","20","39"],"angle":2.1,"extra":1,"ei":0}},{"type":"Feature","geometry":{"type":"Point","coordinates":[27.918555,43.197922]},"properties":{"lines":"17, 20, 39","color":"#0059a9","mode":"bus","arr":["17","20","39"],"angle":7.3,"extra":1,"ei":1}},{"type":"Feature","geometry":{"type":"Point","coordinates":[27.920576,43.198792]},"properties":{"lines":"17, 20, 39","color":"#0059a9","mode":"bus","arr":["17","20","39"],"angle":-57.7,"extra":1,"ei":2}},{"type":"Feature","geometry":{"type":"Point","coordinates":[27.920963,43.202324]},"properties":{"lines":"17, 20, 39","color":"#0059a9","mode":"bus","arr":["17","20","39"],"angle":-66.9,"extra":1,"ei":3}},{"type":"Feature","geometry":{"type":"Point","coordinates":[27.92219,43.203974]},"properties":{"lines":"17, 20, 39","color":"#0059a9","mode":"bus","arr":["17","20","39"],"angle":-48.7,"extra":1,"ei":4}},{"type":"Feature","geometry":{"type":"Point","coordinates":[27.923959,43.205355]},"properties":{"lines":"17, 20, 39","color":"#0059a9","mode":"bus","arr":["17","20","39"],"angle":-46.1,"extra":1,"ei":5}},{"type":"Feature","geometry":{"type":"Point","coordinates":[27.924179,43.20735]},"properties":{"lines":"17, 20, 39","color":"#0059a9","mode":"bus","arr":["17","20","39"],"angle":44.1,"side":-1}},{"type":"Feature","geometry":{"type":"Point","coordinates":[27.912966,43.198759]},"properties":{"lines":"17, 23, 39, 46 Б, 83","color":"#0059a9","mode":"bus","arr":["17","23","39","46 Б","83"],"tLines":"83","ntLines":"17, 23, 39, 46 Б","angle":4.1}},{"type":"Feature","geometry":{"type":"Point","coordinates":[27.894506,43.182841]},"properties":{"lines":"17, 46 Б, 55","color":"#0059a9","mode":"bus","arr":["17","46 Б","55"],"angle":45.6,"side":-1,"mi":1}},{"type":"Feature","geometry":{"type":"Point","coordinates":[27.90476,43.17875]},"properties":{"lines":"17","color":"#0059a9","mode":"bus","arr":["17"],"angle":41.3,"side":-1}},{"type":"Feature","geometry":{"type":"Point","coordinates":[27.900941,43.182638]},"properties":{"lines":"17","color":"#0059a9","mode":"bus","arr":["17"],"angle":62.5,"extra":1,"ei":0,"side":-1}},{"type":"Feature","geometry":{"type":"Point","coordinates":[27.902122,43.180958]},"properties":{"lines":"17","color":"#0059a9","mode":"bus","arr":["17"],"angle":62,"extra":1,"ei":1,"side":-1}},{"type":"Feature","geometry":{"type":"Point","coordinates":[27.90756,43.17696]},"properties":{"lines":"17","color":"#0059a9","mode":"bus","arr":["17"],"angle":40.5,"extra":1,"ei":2,"side":-1}},{"type":"Feature","geometry":{"type":"Point","coordinates":[27.909455,43.175673]},"properties":{"lines":"17","color":"#0059a9","mode":"bus","arr":["17"],"angle":45.2,"extra":1,"ei":3,"side":-1}},{"type":"Feature","geometry":{"type":"Point","coordinates":[27.930227,43.148135]},"properties":{"lines":"17","color":"#0059a9","mode":"bus","arr":["17"],"angle":-2.2}},{"type":"Feature","geometry":{"type":"Point","coordinates":[27.930493,43.159836]},"properties":{"lines":"17","color":"#0059a9","mode":"bus","arr":["17"],"angle":67.6,"extra":1,"ei":0}},{"type":"Feature","geometry":{"type":"Point","coordinates":[27.932043,43.158349]},"properties":{"lines":"17","color":"#0059a9","mode":"bus","arr":["17"],"angle":38.5,"extra":1,"ei":1}},{"type":"Feature","geometry":{"type":"Point","coordinates":[27.934183,43.157284]},"properties":{"lines":"17","color":"#0059a9","mode":"bus","arr":["17"],"angle":34.1,"extra":1,"ei":2}},{"type":"Feature","geometry":{"type":"Point","coordinates":[27.936037,43.155991]},"properties":{"lines":"17","color":"#0059a9","mode":"bus","arr":["17"],"angle":61.1,"extra":1,"ei":3}},{"type":"Feature","geometry":{"type":"Point","coordinates":[27.936605,43.154174]},"properties":{"lines":"17","color":"#0059a9","mode":"bus","arr":["17"],"angle":-85.9,"extra":1,"ei":4}},{"type":"Feature","geometry":{"type":"Point","coordinates":[27.936128,43.152319]},"properties":{"lines":"17","color":"#0059a9","mode":"bus","arr":["17"],"angle":-79.5,"extra":1,"ei":5}},{"type":"Feature","geometry":{"type":"Point","coordinates":[27.9356,43.15047]},"properties":{"lines":"17","color":"#0059a9","mode":"bus","arr":["17"],"angle":-73.3,"extra":1,"ei":6}},{"type":"Feature","geometry":{"type":"Point","coordinates":[27.9342,43.14891]},"properties":{"lines":"17","color":"#0059a9","mode":"bus","arr":["17"],"angle":-38.7,"extra":1,"ei":7}},{"type":"Feature","geometry":{"type":"Point","coordinates":[27.931839,43.148197]},"properties":{"lines":"17","color":"#0059a9","mode":"bus","arr":["17"],"angle":-6.6,"extra":1,"ei":8}},{"type":"Feature","geometry":{"type":"Point","coordinates":[27.92666,43.148071]},"properties":{"lines":"17","color":"#0059a9","mode":"bus","arr":["17"],"angle":-2.6,"extra":1,"ei":9}},{"type":"Feature","geometry":{"type":"Point","coordinates":[27.924322,43.147401]},"properties":{"lines":"17","color":"#0059a9","mode":"bus","arr":["17"],"angle":-46.1,"extra":1,"ei":10}},{"type":"Feature","geometry":{"type":"Point","coordinates":[27.923618,43.145657]},"properties":{"lines":"17","color":"#0059a9","mode":"bus","arr":["17"],"angle":80.2,"extra":1,"ei":11}},{"type":"Feature","geometry":{"type":"Point","coordinates":[27.925068,43.144161]},"properties":{"lines":"17","color":"#0059a9","mode":"bus","arr":["17"],"angle":34.8,"extra":1,"ei":12}},{"type":"Feature","geometry":{"type":"Point","coordinates":[27.927232,43.143121]},"properties":{"lines":"17","color":"#0059a9","mode":"bus","arr":["17"],"angle":33.4,"extra":1,"ei":13}},{"type":"Feature","geometry":{"type":"Point","coordinates":[27.929394,43.14208]},"properties":{"lines":"17","color":"#0059a9","mode":"bus","arr":["17"],"angle":33.6,"extra":1,"ei":14}},{"type":"Feature","geometry":{"type":"Point","coordinates":[27.931447,43.140932]},"properties":{"lines":"17","color":"#0059a9","mode":"bus","arr":["17"],"angle":46.4,"extra":1,"ei":15}},{"type":"Feature","geometry":{"type":"Point","coordinates":[27.932741,43.139323]},"properties":{"lines":"17","color":"#0059a9","mode":"bus","arr":["17"],"angle":72.6,"extra":1,"ei":16}},{"type":"Feature","geometry":{"type":"Point","coordinates":[27.921017,43.129536]},"properties":{"lines":"17","color":"#0059a9","mode":"bus","arr":["17"],"angle":9}},{"type":"Feature","geometry":{"type":"Point","coordinates":[27.9295,43.129862]},"properties":{"lines":"17","color":"#0059a9","mode":"bus","arr":["17"],"angle":-71.1,"mi":1}},{"type":"Feature","geometry":{"type":"Point","coordinates":[27.932821,43.137003]},"properties":{"lines":"17","color":"#0059a9","mode":"bus","arr":["17"],"angle":-76.7,"extra":1,"ei":0}},{"type":"Feature","geometry":{"type":"Point","coordinates":[27.932,43.135212]},"properties":{"lines":"17","color":"#0059a9","mode":"bus","arr":["17"],"angle":-70.1,"extra":1,"ei":1}},{"type":"Feature","geometry":{"type":"Point","coordinates":[27.931157,43.133427]},"properties":{"lines":"17","color":"#0059a9","mode":"bus","arr":["17"],"angle":-71.8,"extra":1,"ei":2}},{"type":"Feature","geometry":{"type":"Point","coordinates":[27.930318,43.13164]},"properties":{"lines":"17","color":"#0059a9","mode":"bus","arr":["17"],"angle":-70.8,"extra":1,"ei":3}},{"type":"Feature","geometry":{"type":"Point","coordinates":[27.928651,43.128064]},"properties":{"lines":"17","color":"#0059a9","mode":"bus","arr":["17"],"angle":-69,"extra":1,"ei":4}},{"type":"Feature","geometry":{"type":"Point","coordinates":[27.926996,43.126711]},"properties":{"lines":"17","color":"#0059a9","mode":"bus","arr":["17"],"angle":-18.7,"extra":1,"ei":5}},{"type":"Feature","geometry":{"type":"Point","coordinates":[27.924566,43.127075]},"properties":{"lines":"17","color":"#0059a9","mode":"bus","arr":["17"],"angle":41.8,"extra":1,"ei":6}},{"type":"Feature","geometry":{"type":"Point","coordinates":[27.922892,43.128514]},"properties":{"lines":"17","color":"#0059a9","mode":"bus","arr":["17"],"angle":51.2,"extra":1,"ei":7}},{"type":"Feature","geometry":{"type":"Point","coordinates":[27.881167,43.1636]},"properties":{"lines":"17, 46 Б, 55","color":"#0059a9","mode":"bus","arr":["17","46 Б","55"],"angle":-70}},{"type":"Feature","geometry":{"type":"Point","coordinates":[27.886623,43.173653]},"properties":{"lines":"17, 46 Б, 55","color":"#0059a9","mode":"bus","arr":["17","46 Б","55"],"angle":-57.7,"extra":1,"ei":0}},{"type":"Feature","geometry":{"type":"Point","coordinates":[27.885246,43.172053]},"properties":{"lines":"17, 46 Б, 55","color":"#0059a9","mode":"bus","arr":["17","46 Б","55"],"angle":-63.8,"extra":1,"ei":1}},{"type":"Feature","geometry":{"type":"Point","coordinates":[27.884582,43.17023]},"properties":{"lines":"17, 46 Б, 55","color":"#0059a9","mode":"bus","arr":["17","46 Б","55"],"angle":-76.8,"extra":1,"ei":2}},{"type":"Feature","geometry":{"type":"Point","coordinates":[27.883792,43.168437]},"properties":{"lines":"17, 46 Б, 55","color":"#0059a9","mode":"bus","arr":["17","46 Б","55"],"angle":-68.1,"extra":1,"ei":3}},{"type":"Feature","geometry":{"type":"Point","coordinates":[27.882826,43.166685]},"properties":{"lines":"17, 46 Б, 55","color":"#0059a9","mode":"bus","arr":["17","46 Б","55"],"angle":-68.1,"extra":1,"ei":4}},{"type":"Feature","geometry":{"type":"Point","coordinates":[27.881859,43.164933]},"properties":{"lines":"17, 46 Б, 55","color":"#0059a9","mode":"bus","arr":["17","46 Б","55"],"angle":-68.1,"extra":1,"ei":5}},{"type":"Feature","geometry":{"type":"Point","coordinates":[27.879989,43.161411]},"properties":{"lines":"17, 46 Б, 55","color":"#0059a9","mode":"bus","arr":["17","46 Б","55"],"angle":-68.4,"extra":1,"ei":6}},{"type":"Feature","geometry":{"type":"Point","coordinates":[27.87903,43.159656]},"properties":{"lines":"17, 46 Б, 55","color":"#0059a9","mode":"bus","arr":["17","46 Б","55"],"angle":-69.7,"extra":1,"ei":7}},{"type":"Feature","geometry":{"type":"Point","coordinates":[27.878846,43.157798]},"properties":{"lines":"17, 46 Б, 55","color":"#0059a9","mode":"bus","arr":["17","46 Б","55"],"angle":78.7,"extra":1,"ei":8}},{"type":"Feature","geometry":{"type":"Point","coordinates":[27.879828,43.156057]},"properties":{"lines":"17, 46 Б, 55","color":"#0059a9","mode":"bus","arr":["17","46 Б","55"],"angle":63.2,"extra":1,"ei":9}},{"type":"Feature","geometry":{"type":"Point","coordinates":[27.881149,43.154435]},"properties":{"lines":"17, 46 Б, 55","color":"#0059a9","mode":"bus","arr":["17","46 Б","55"],"angle":56.9,"extra":1,"ei":10}},{"type":"Feature","geometry":{"type":"Point","coordinates":[27.882037,43.152703]},"properties":{"lines":"17, 46 Б, 55","color":"#0059a9","mode":"bus","arr":["17","46 Б","55"],"angle":83,"extra":1,"ei":11}},{"type":"Feature","geometry":{"type":"Point","coordinates":[27.824116,43.229357]},"properties":{"lines":"18, 118","color":"#0059a9","mode":"bus","arr":["18","118"],"angle":-0.2,"mi":8}},{"type":"Feature","geometry":{"type":"Point","coordinates":[27.81181,43.224297]},"properties":{"lines":"18, 118","color":"#0059a9","mode":"bus","arr":["18","118"],"angle":1.8,"mi":4}},{"type":"Feature","geometry":{"type":"Point","coordinates":[27.80771,43.224393]},"properties":{"lines":"18, 118","color":"#0059a9","mode":"bus","arr":["18","118"],"angle":1.8,"extra":1,"ei":0}},{"type":"Feature","geometry":{"type":"Point","coordinates":[27.814255,43.223253]},"properties":{"lines":"18, 118","color":"#0059a9","mode":"bus","arr":["18","118"],"angle":84.8,"extra":1,"ei":1}},{"type":"Feature","geometry":{"type":"Point","coordinates":[27.815214,43.206618]},"properties":{"lines":"18, 118","color":"#0059a9","mode":"bus","arr":["18","118"],"angle":-61.6,"mi":3}},{"type":"Feature","geometry":{"type":"Point","coordinates":[27.818523,43.211118]},"properties":{"lines":"18, 118","color":"#0059a9","mode":"bus","arr":["18","118"],"angle":-61.9,"extra":1,"ei":0}},{"type":"Feature","geometry":{"type":"Point","coordinates":[27.81731,43.209449]},"properties":{"lines":"18, 118","color":"#0059a9","mode":"bus","arr":["18","118"],"angle":-62.2,"extra":1,"ei":1}},{"type":"Feature","geometry":{"type":"Point","coordinates":[27.816083,43.207786]},"properties":{"lines":"18, 118","color":"#0059a9","mode":"bus","arr":["18","118"],"angle":-61.6,"extra":1,"ei":2}},{"type":"Feature","geometry":{"type":"Point","coordinates":[27.813616,43.204464]},"properties":{"lines":"18, 118","color":"#0059a9","mode":"bus","arr":["18","118"],"angle":-62,"extra":1,"ei":3}},{"type":"Feature","geometry":{"type":"Point","coordinates":[27.812378,43.202805]},"properties":{"lines":"18, 118","color":"#0059a9","mode":"bus","arr":["18","118"],"angle":-62.9,"extra":1,"ei":4}},{"type":"Feature","geometry":{"type":"Point","coordinates":[27.811363,43.201142]},"properties":{"lines":"18, 118","color":"#0059a9","mode":"bus","arr":["18","118"],"angle":43.7,"mi":7}},{"type":"Feature","geometry":{"type":"Point","coordinates":[27.819553,43.212254]},"properties":{"lines":"18, 118","color":"#0059a9","mode":"bus","arr":["18","118"],"angle":68}},{"type":"Feature","geometry":{"type":"Point","coordinates":[27.823644,43.229038]},"properties":{"lines":"18, 118","color":"#0059a9","mode":"bus","arr":["18","118"],"angle":-1.1,"mi":6}},{"type":"Feature","geometry":{"type":"Point","coordinates":[27.824381,43.229322]},"properties":{"lines":"18","color":"#0059a9","mode":"bus","arr":["18"],"angle":0.5,"side":-1,"mi":3}},{"type":"Feature","geometry":{"type":"Point","coordinates":[27.805634,43.22996]},"properties":{"lines":"18","color":"#0059a9","mode":"bus","arr":["18"],"angle":-20.9,"mi":1}},{"type":"Feature","geometry":{"type":"Point","coordinates":[27.805094,43.227279]},"properties":{"lines":"18","color":"#0059a9","mode":"bus","arr":["18"],"angle":-73.1,"mi":2}},{"type":"Feature","geometry":{"type":"Point","coordinates":[27.805119,43.224438]},"properties":{"lines":"18","color":"#0059a9","mode":"bus","arr":["18"],"angle":2.7,"extra":1,"ei":0}},{"type":"Feature","geometry":{"type":"Point","coordinates":[27.804864,43.226003]},"properties":{"lines":"18","color":"#0059a9","mode":"bus","arr":["18"],"angle":-87.5,"extra":1,"ei":1}},{"type":"Feature","geometry":{"type":"Point","coordinates":[27.805515,43.229731]},"properties":{"lines":"18","color":"#0059a9","mode":"bus","arr":["18"],"angle":-61,"extra":1,"ei":2}},{"type":"Feature","geometry":{"type":"Point","coordinates":[27.815455,43.229641]},"properties":{"lines":"18","color":"#0059a9","mode":"bus","arr":["18"],"angle":2.9}},{"type":"Feature","geometry":{"type":"Point","coordinates":[27.807633,43.22992]},"properties":{"lines":"18","color":"#0059a9","mode":"bus","arr":["18"],"angle":3.2,"extra":1,"ei":0}},{"type":"Feature","geometry":{"type":"Point","coordinates":[27.810222,43.229837]},"properties":{"lines":"18","color":"#0059a9","mode":"bus","arr":["18"],"angle":2.7,"extra":1,"ei":1}},{"type":"Feature","geometry":{"type":"Point","coordinates":[27.812811,43.22974]},"properties":{"lines":"18","color":"#0059a9","mode":"bus","arr":["18"],"angle":2.9,"extra":1,"ei":2}},{"type":"Feature","geometry":{"type":"Point","coordinates":[27.817988,43.229558]},"properties":{"lines":"18","color":"#0059a9","mode":"bus","arr":["18"],"angle":2.4,"extra":1,"ei":3}},{"type":"Feature","geometry":{"type":"Point","coordinates":[27.820578,43.22948]},"properties":{"lines":"18","color":"#0059a9","mode":"bus","arr":["18"],"angle":2.4,"extra":1,"ei":4}},{"type":"Feature","geometry":{"type":"Point","coordinates":[27.823168,43.229414]},"properties":{"lines":"18","color":"#0059a9","mode":"bus","arr":["18"],"angle":1.9,"extra":1,"ei":5}},{"type":"Feature","geometry":{"type":"Point","coordinates":[27.816615,43.219259]},"properties":{"lines":"18, 118","color":"#0059a9","mode":"bus","arr":["18","118"],"angle":6.4,"mi":2}},{"type":"Feature","geometry":{"type":"Point","coordinates":[27.814804,43.221094]},"properties":{"lines":"18, 118","color":"#0059a9","mode":"bus","arr":["18","118"],"angle":-89.8,"extra":1,"ei":0}},{"type":"Feature","geometry":{"type":"Point","coordinates":[27.814889,43.219383]},"properties":{"lines":"18, 118","color":"#0059a9","mode":"bus","arr":["18","118"],"angle":14.1,"extra":1,"ei":1}},{"type":"Feature","geometry":{"type":"Point","coordinates":[27.820048,43.219022]},"properties":{"lines":"18, 118","color":"#0059a9","mode":"bus","arr":["18","118"],"angle":6,"extra":1,"ei":2}},{"type":"Feature","geometry":{"type":"Point","coordinates":[27.820718,43.217385]},"properties":{"lines":"18, 118","color":"#0059a9","mode":"bus","arr":["18","118"],"angle":-77.4,"mi":1}},{"type":"Feature","geometry":{"type":"Point","coordinates":[27.819705,43.212797]},"properties":{"lines":"18, 118","color":"#0059a9","mode":"bus","arr":["18","118"],"angle":-64.4,"extra":1,"ei":0}},{"type":"Feature","geometry":{"type":"Point","coordinates":[27.820531,43.214581]},"properties":{"lines":"18, 118","color":"#0059a9","mode":"bus","arr":["18","118"],"angle":-84.5,"extra":1,"ei":1}},{"type":"Feature","geometry":{"type":"Point","coordinates":[27.823138,43.219555]},"properties":{"lines":"18, 118","color":"#0059a9","mode":"bus","arr":["18","118"],"angle":-47.7,"extra":1,"ei":2}},{"type":"Feature","geometry":{"type":"Point","coordinates":[27.823619,43.221333]},"properties":{"lines":"18, 118","color":"#0059a9","mode":"bus","arr":["18","118"],"angle":89.1,"extra":1,"ei":3}},{"type":"Feature","geometry":{"type":"Point","coordinates":[27.814941,43.200024]},"properties":{"lines":"18, 118","color":"#0059a9","mode":"bus","arr":["18","118"],"angle":10,"mi":9}},{"type":"Feature","geometry":{"type":"Point","coordinates":[27.812332,43.200644]},"properties":{"lines":"18, 118","color":"#0059a9","mode":"bus","arr":["18","118"],"angle":23.2,"extra":1,"ei":0}},{"type":"Feature","geometry":{"type":"Point","coordinates":[27.817361,43.19994]},"properties":{"lines":"18, 118","color":"#0059a9","mode":"bus","arr":["18","118"],"angle":-4.4,"extra":1,"ei":1}},{"type":"Feature","geometry":{"type":"Point","coordinates":[27.819059,43.1996]},"properties":{"lines":"18, 118","color":"#0059a9","mode":"bus","arr":["18","118"],"angle":82.2,"mi":10}},{"type":"Feature","geometry":{"type":"Point","coordinates":[27.823594,43.225651]},"properties":{"lines":"18, 118","color":"#0059a9","mode":"bus","arr":["18","118"],"angle":-89.9,"mi":5}},{"type":"Feature","geometry":{"type":"Point","coordinates":[27.823614,43.223209]},"properties":{"lines":"18, 118","color":"#0059a9","mode":"bus","arr":["18","118"],"angle":89.8,"extra":1,"ei":0}},{"type":"Feature","geometry":{"type":"Point","coordinates":[27.82362,43.226986]},"properties":{"lines":"18, 118","color":"#0059a9","mode":"bus","arr":["18","118"],"angle":-89,"extra":1,"ei":1}},{"type":"Feature","geometry":{"type":"Point","coordinates":[27.823643,43.228875]},"properties":{"lines":"18, 118","color":"#0059a9","mode":"bus","arr":["18","118"],"angle":-89.8,"extra":1,"ei":2}},{"type":"Feature","geometry":{"type":"Point","coordinates":[27.819494,43.211704]},"properties":{"lines":"118","color":"#0059a9","mode":"bus","arr":["118"],"angle":-15.3,"mi":1}},{"type":"Feature","geometry":{"type":"Point","coordinates":[27.848069,43.246059]},"properties":{"lines":"118","color":"#0059a9","mode":"bus","arr":["118"],"angle":-35.7,"side":-1,"mi":8}},{"type":"Feature","geometry":{"type":"Point","coordinates":[27.84846,43.239849]},"properties":{"lines":"118","color":"#0059a9","mode":"bus","arr":["118"],"angle":-62.7,"mi":6}},{"type":"Feature","geometry":{"type":"Point","coordinates":[27.922187,43.208923]},"properties":{"lines":"20","color":"#0059a9","mode":"bus","arr":["20"],"angle":44.4}},{"type":"Feature","geometry":{"type":"Point","coordinates":[27.892762,43.232521]},"properties":{"lines":"20","color":"#0059a9","mode":"bus","arr":["20"],"angle":22.6,"mi":2}},{"type":"Feature","geometry":{"type":"Point","coordinates":[27.920802,43.209893]},"properties":{"lines":"20","color":"#0059a9","mode":"bus","arr":["20"],"angle":42.2,"extra":1,"ei":0}},{"type":"Feature","geometry":{"type":"Point","coordinates":[27.919931,43.210496]},"properties":{"lines":"20, 118","color":"#0059a9","mode":"bus","arr":["20","118"],"angle":44}},{"type":"Feature","geometry":{"type":"Point","coordinates":[27.898642,43.230122]},"properties":{"lines":"20, 209, 209 Б","color":"#0059a9","mode":"bus","arr":["20","209","209 Б"],"angle":30.8}},{"type":"Feature","geometry":{"type":"Point","coordinates":[27.905436,43.222398]},"properties":{"lines":"20, 209, 209 Б","color":"#0059a9","mode":"bus","arr":["20","209","209 Б"],"angle":81.9,"extra":1,"ei":0}},{"type":"Feature","geometry":{"type":"Point","coordinates":[27.904956,43.224253]},"properties":{"lines":"20, 209, 209 Б","color":"#0059a9","mode":"bus","arr":["20","209","209 Б"],"angle":76,"extra":1,"ei":1}},{"type":"Feature","geometry":{"type":"Point","coordinates":[27.904124,43.226038]},"properties":{"lines":"20, 209, 209 Б","color":"#0059a9","mode":"bus","arr":["20","209","209 Б"],"angle":64.2,"extra":1,"ei":2}},{"type":"Feature","geometry":{"type":"Point","coordinates":[27.902919,43.227705]},"properties":{"lines":"20, 209, 209 Б","color":"#0059a9","mode":"bus","arr":["20","209","209 Б"],"angle":54.5,"extra":1,"ei":3}},{"type":"Feature","geometry":{"type":"Point","coordinates":[27.901077,43.229018]},"properties":{"lines":"20, 209, 209 Б","color":"#0059a9","mode":"bus","arr":["20","209","209 Б"],"angle":33.5,"extra":1,"ei":4}},{"type":"Feature","geometry":{"type":"Point","coordinates":[27.891591,43.232672]},"properties":{"lines":"20, 209, 209 Б","color":"#0059a9","mode":"bus","arr":["20","209","209 Б"],"angle":5.7,"extra":1,"ei":0,"side":-1}},{"type":"Feature","geometry":{"type":"Point","coordinates":[27.894,43.232018]},"properties":{"lines":"20, 209, 209 Б","color":"#0059a9","mode":"bus","arr":["20","209","209 Б"],"angle":24.8,"extra":1,"ei":1,"side":-1}},{"type":"Feature","geometry":{"type":"Point","coordinates":[27.89627,43.23111]},"properties":{"lines":"20, 209, 209 Б","color":"#0059a9","mode":"bus","arr":["20","209","209 Б"],"angle":29.3,"extra":1,"ei":2}},{"type":"Feature","geometry":{"type":"Point","coordinates":[27.890516,43.232908]},"properties":{"lines":"20","color":"#0059a9","mode":"bus","arr":["20"],"angle":42.2}},{"type":"Feature","geometry":{"type":"Point","coordinates":[27.890531,43.233875]},"properties":{"lines":"20","color":"#0059a9","mode":"bus","arr":["20"],"angle":-82.1,"side":-1,"mi":1}},{"type":"Feature","geometry":{"type":"Point","coordinates":[27.881852,43.239668]},"properties":{"lines":"20, 83, 88","color":"#0059a9","mode":"bus","arr":["20","83","88"],"tLines":"83, 88","ntLines":"20","angle":12.1,"side":-1,"mi":2}},{"type":"Feature","geometry":{"type":"Point","coordinates":[27.890368,43.233735]},"properties":{"lines":"20, 83, 88","color":"#0059a9","mode":"bus","arr":["20","83","88"],"tLines":"83, 88","ntLines":"20","angle":-81.8,"mi":1}},{"type":"Feature","geometry":{"type":"Point","coordinates":[27.890795,43.235243]},"properties":{"lines":"20, 83, 88","color":"#0059a9","mode":"bus","arr":["20","83","88"],"tLines":"83, 88","ntLines":"20","angle":-80.3}},{"type":"Feature","geometry":{"type":"Point","coordinates":[27.890159,43.236564]},"properties":{"lines":"20, 83, 88","color":"#0059a9","mode":"bus","arr":["20","83","88"],"tLines":"83, 88","ntLines":"20","angle":29.1,"extra":1,"ei":0}},{"type":"Feature","geometry":{"type":"Point","coordinates":[27.887924,43.23752]},"properties":{"lines":"20, 83, 88","color":"#0059a9","mode":"bus","arr":["20","83","88"],"tLines":"83, 88","ntLines":"20","angle":31.4,"extra":1,"ei":1}},{"type":"Feature","geometry":{"type":"Point","coordinates":[27.885658,43.238435]},"properties":{"lines":"20, 83, 88","color":"#0059a9","mode":"bus","arr":["20","83","88"],"tLines":"83, 88","ntLines":"20","angle":28.3,"extra":1,"ei":2}},{"type":"Feature","geometry":{"type":"Point","coordinates":[27.878287,43.239721]},"properties":{"lines":"20, 83, 88","color":"#0059a9","mode":"bus","arr":["20","83","88"],"tLines":"83, 88","ntLines":"20","angle":-8.1,"extra":1,"ei":3,"side":-1}},{"type":"Feature","geometry":{"type":"Point","coordinates":[27.875721,43.239456]},"properties":{"lines":"20, 83, 88","color":"#0059a9","mode":"bus","arr":["20","83","88"],"tLines":"83, 88","ntLines":"20","angle":-8.1,"extra":1,"ei":4,"side":-1}},{"type":"Feature","geometry":{"type":"Point","coordinates":[27.873148,43.239245]},"properties":{"lines":"20, 83, 88","color":"#0059a9","mode":"bus","arr":["20","83","88"],"tLines":"83, 88","ntLines":"20","angle":-0.5,"extra":1,"ei":5,"side":-1}},{"type":"Feature","geometry":{"type":"Point","coordinates":[27.862374,43.241565]},"properties":{"lines":"20, 22, 82, 83, 88, 118, 122, 148, 209, 209 Б","color":"#0059a9","mode":"bus","arr":["20","22","82","83","88","118","122","148","209","209 Б"],"tLines":"82, 83, 88","ntLines":"20, 22, 118, 122, 148, 209, 209 Б","angle":0.2,"mi":1}},{"type":"Feature","geometry":{"type":"Point","coordinates":[27.870959,43.239552]},"properties":{"lines":"20, 22, 82, 83, 88, 118, 122, 148, 209, 209 Б","color":"#0059a9","mode":"bus","arr":["20","22","82","83","88","118","122","148","209","209 Б"],"tLines":"82, 83, 88","ntLines":"20, 22, 118, 122, 148, 209, 209 Б","angle":16.3}},{"type":"Feature","geometry":{"type":"Point","coordinates":[27.865758,43.241188]},"properties":{"lines":"20, 22, 82, 83, 88, 118, 122, 148, 209, 209 Б","color":"#0059a9","mode":"bus","arr":["20","22","82","83","88","118","122","148","209","209 Б"],"tLines":"82, 83, 88","ntLines":"20, 22, 118, 122, 148, 209, 209 Б","angle":21.8,"extra":1,"ei":0}},{"type":"Feature","geometry":{"type":"Point","coordinates":[27.860648,43.241568]},"properties":{"lines":"20, 22, 82, 83, 88, 118, 122, 148, 209, 209 Б","color":"#0059a9","mode":"bus","arr":["20","22","82","83","88","118","122","148","209","209 Б"],"tLines":"82, 83, 88","ntLines":"20, 22, 118, 122, 148, 209, 209 Б","angle":0.1,"extra":1,"ei":1}},{"type":"Feature","geometry":{"type":"Point","coordinates":[27.858056,43.241578]},"properties":{"lines":"20, 22, 82, 83, 88, 118, 122, 148, 209, 209 Б","color":"#0059a9","mode":"bus","arr":["20","22","82","83","88","118","122","148","209","209 Б"],"tLines":"82, 83, 88","ntLines":"20, 22, 118, 122, 148, 209, 209 Б","angle":0.4,"extra":1,"ei":2}},{"type":"Feature","geometry":{"type":"Point","coordinates":[27.86405,43.241427]},"properties":{"lines":"20, 22, 82, 83, 88, 118, 122, 148, 209, 209 Б","color":"#0059a9","mode":"bus","arr":["20","22","82","83","88","118","122","148","209","209 Б"],"tLines":"82, 83, 88","ntLines":"20, 22, 118, 122, 148, 209, 209 Б","angle":6.8,"extra":1,"ei":0,"side":-1}},{"type":"Feature","geometry":{"type":"Point","coordinates":[27.868718,43.240234]},"properties":{"lines":"20, 22, 82, 88, 118, 122, 148, 209, 209 Б","color":"#0059a9","mode":"bus","arr":["20","22","82","88","118","122","148","209","209 Б"],"tLines":"82, 88","ntLines":"20, 22, 118, 122, 148, 209, 209 Б","angle":23.8}},{"type":"Feature","geometry":{"type":"Point","coordinates":[27.857753,43.243301]},"properties":{"lines":"20, 22, 118, 122, 148, 209, 209 Б","color":"#0059a9","mode":"bus","arr":["20","22","118","122","148","209","209 Б"],"angle":-88,"mi":1}},{"type":"Feature","geometry":{"type":"Point","coordinates":[27.85297,43.245951]},"properties":{"lines":"20, 22, 118, 122, 148, 209, 209 Б","color":"#0059a9","mode":"bus","arr":["20","22","118","122","148","209","209 Б"],"angle":3.6}},{"type":"Feature","geometry":{"type":"Point","coordinates":[27.856877,43.245515]},"properties":{"lines":"20, 22, 118, 122, 148, 209, 209 Б","color":"#0059a9","mode":"bus","arr":["20","22","118","122","148","209","209 Б"],"angle":23.2,"extra":1,"ei":0}},{"type":"Feature","geometry":{"type":"Point","coordinates":[27.849107,43.246115]},"properties":{"lines":"20, 22, 118, 122, 148, 209, 209 Б","color":"#0059a9","mode":"bus","arr":["20","22","118","122","148","209","209 Б"],"angle":3.2,"extra":1,"ei":0}},{"type":"Feature","geometry":{"type":"Point","coordinates":[27.848015,43.246267]},"properties":{"lines":"20, 22, 122, 148, 209, 209 Б","color":"#0059a9","mode":"bus","arr":["20","22","122","148","209","209 Б"],"angle":40.9}},{"type":"Feature","geometry":{"type":"Point","coordinates":[27.869826,43.231585]},"properties":{"lines":"22, 82, 118, 122","color":"#0059a9","mode":"bus","arr":["22","82","118","122"],"tLines":"82","ntLines":"22, 118, 122","angle":-83.4,"side":-1}},{"type":"Feature","geometry":{"type":"Point","coordinates":[27.869398,43.230048]},"properties":{"lines":"22, 82, 118, 122","color":"#0059a9","mode":"bus","arr":["22","82","118","122"],"tLines":"82","ntLines":"22, 118, 122","angle":-72.4,"extra":1,"ei":0,"side":-1}},{"type":"Feature","geometry":{"type":"Point","coordinates":[27.870176,43.233772]},"properties":{"lines":"22, 82, 118, 122","color":"#0059a9","mode":"bus","arr":["22","82","118","122"],"tLines":"82","ntLines":"22, 118, 122","angle":-80.6,"extra":1,"ei":1,"side":-1}},{"type":"Feature","geometry":{"type":"Point","coordinates":[27.868527,43.226341]},"properties":{"lines":"22, 122","color":"#0059a9","mode":"bus","arr":["22","122"],"angle":-89.7,"side":-1,"mi":1}},{"type":"Feature","geometry":{"type":"Point","coordinates":[27.868443,43.228174]},"properties":{"lines":"22, 122","color":"#0059a9","mode":"bus","arr":["22","122"],"angle":-85.1,"extra":1,"ei":0}},{"type":"Feature","geometry":{"type":"Point","coordinates":[27.868441,43.224405]},"properties":{"lines":"22, 122","color":"#0059a9","mode":"bus","arr":["22","122"],"angle":-64.7,"extra":1,"ei":1}},{"type":"Feature","geometry":{"type":"Point","coordinates":[27.867775,43.223347]},"properties":{"lines":"22, 122","color":"#0059a9","mode":"bus","arr":["22","122"],"angle":0.2}},{"type":"Feature","geometry":{"type":"Point","coordinates":[27.869397,43.22287]},"properties":{"lines":"22, 122, 409","color":"#0059a9","mode":"bus","arr":["22","122","409"],"angle":26.8}},{"type":"Feature","geometry":{"type":"Point","coordinates":[27.870869,43.236768]},"properties":{"lines":"22, 82, 118, 122, 148, 209, 209 Б","color":"#0059a9","mode":"bus","arr":["22","82","118","122","148","209","209 Б"],"tLines":"82","ntLines":"22, 118, 122, 148, 209, 209 Б","angle":-80.8,"side":-1}},{"type":"Feature","geometry":{"type":"Point","coordinates":[27.870464,43.235016]},"properties":{"lines":"22, 82, 118, 122, 148, 209, 209 Б","color":"#0059a9","mode":"bus","arr":["22","82","118","122","148","209","209 Б"],"tLines":"82","ntLines":"22, 118, 122, 148, 209, 209 Б","angle":-80.2,"extra":1,"ei":0,"side":-1}},{"type":"Feature","geometry":{"type":"Point","coordinates":[27.87129,43.238744]},"properties":{"lines":"22, 82, 118, 122, 148, 209, 209 Б","color":"#0059a9","mode":"bus","arr":["22","82","118","122","148","209","209 Б"],"tLines":"82","ntLines":"22, 118, 122, 148, 209, 209 Б","angle":-83.2,"extra":1,"ei":1}},{"type":"Feature","geometry":{"type":"Point","coordinates":[27.914815,43.245325]},"properties":{"lines":"23","color":"#0059a9","mode":"bus","arr":["23"],"angle":-31.5,"mi":5}},{"type":"Feature","geometry":{"type":"Point","coordinates":[27.909595,43.247686]},"properties":{"lines":"23","color":"#0059a9","mode":"bus","arr":["23"],"angle":26.7,"mi":2}},{"type":"Feature","geometry":{"type":"Point","coordinates":[27.914061,43.246448]},"properties":{"lines":"23","color":"#0059a9","mode":"bus","arr":["23"],"angle":19.4,"extra":1,"ei":0}},{"type":"Feature","geometry":{"type":"Point","coordinates":[27.911643,43.247127]},"properties":{"lines":"23","color":"#0059a9","mode":"bus","arr":["23"],"angle":20.5,"extra":1,"ei":1}},{"type":"Feature","geometry":{"type":"Point","coordinates":[27.907119,43.248704]},"properties":{"lines":"23","color":"#0059a9","mode":"bus","arr":["23"],"angle":11,"extra":1,"ei":2}},{"type":"Feature","geometry":{"type":"Point","coordinates":[27.905385,43.249776]},"properties":{"lines":"23","color":"#0059a9","mode":"bus","arr":["23"],"angle":72.1,"extra":1,"ei":3}},{"type":"Feature","geometry":{"type":"Point","coordinates":[27.905125,43.250341]},"properties":{"lines":"23","color":"#0059a9","mode":"bus","arr":["23"],"angle":63.7}},{"type":"Feature","geometry":{"type":"Point","coordinates":[27.906417,43.204529]},"properties":{"lines":"23","color":"#0059a9","mode":"bus","arr":["23"],"angle":-25,"mi":5}},{"type":"Feature","geometry":{"type":"Point","coordinates":[27.898062,43.202996]},"properties":{"lines":"23","color":"#0059a9","mode":"bus","arr":["23"],"angle":-6.9}},{"type":"Feature","geometry":{"type":"Point","coordinates":[27.895659,43.203407]},"properties":{"lines":"23","color":"#0059a9","mode":"bus","arr":["23"],"angle":-59.1,"mi":4}},{"type":"Feature","geometry":{"type":"Point","coordinates":[27.891926,43.250096]},"properties":{"lines":"23","color":"#0059a9","mode":"bus","arr":["23"],"angle":-71.7,"side":-1,"mi":4}},{"type":"Feature","geometry":{"type":"Point","coordinates":[27.898395,43.249449]},"properties":{"lines":"23","color":"#0059a9","mode":"bus","arr":["23"],"angle":8.7,"mi":1}},{"type":"Feature","geometry":{"type":"Point","coordinates":[27.903734,43.25021]},"properties":{"lines":"23","color":"#0059a9","mode":"bus","arr":["23"],"angle":-20.8,"extra":1,"ei":0}},{"type":"Feature","geometry":{"type":"Point","coordinates":[27.901311,43.249539]},"properties":{"lines":"23","color":"#0059a9","mode":"bus","arr":["23"],"angle":-20.8,"extra":1,"ei":1}},{"type":"Feature","geometry":{"type":"Point","coordinates":[27.896238,43.249695]},"properties":{"lines":"23","color":"#0059a9","mode":"bus","arr":["23"],"angle":9.1,"extra":1,"ei":2}},{"type":"Feature","geometry":{"type":"Point","coordinates":[27.893679,43.249994]},"properties":{"lines":"23","color":"#0059a9","mode":"bus","arr":["23"],"angle":13.5,"extra":1,"ei":3}},{"type":"Feature","geometry":{"type":"Point","coordinates":[27.896978,43.242548]},"properties":{"lines":"23","color":"#0059a9","mode":"bus","arr":["23"],"angle":32.2,"mi":3}},{"type":"Feature","geometry":{"type":"Point","coordinates":[27.892333,43.249346]},"properties":{"lines":"23","color":"#0059a9","mode":"bus","arr":["23"],"angle":65.7,"extra":1,"ei":0}},{"type":"Feature","geometry":{"type":"Point","coordinates":[27.892827,43.247499]},"properties":{"lines":"23","color":"#0059a9","mode":"bus","arr":["23"],"angle":74.5,"extra":1,"ei":1}},{"type":"Feature","geometry":{"type":"Point","coordinates":[27.893924,43.245791]},"properties":{"lines":"23","color":"#0059a9","mode":"bus","arr":["23"],"angle":62.8,"extra":1,"ei":2}},{"type":"Feature","geometry":{"type":"Point","coordinates":[27.895178,43.244139]},"properties":{"lines":"23","color":"#0059a9","mode":"bus","arr":["23"],"angle":58,"extra":1,"ei":3}},{"type":"Feature","geometry":{"type":"Point","coordinates":[27.899071,43.241835]},"properties":{"lines":"23","color":"#0059a9","mode":"bus","arr":["23"],"angle":50,"extra":1,"ei":4}},{"type":"Feature","geometry":{"type":"Point","coordinates":[27.89935,43.24]},"properties":{"lines":"23","color":"#0059a9","mode":"bus","arr":["23"],"angle":-88.4,"extra":1,"ei":5}},{"type":"Feature","geometry":{"type":"Point","coordinates":[27.900663,43.238623]},"properties":{"lines":"23","color":"#0059a9","mode":"bus","arr":["23"],"angle":8.7,"extra":1,"ei":6}},{"type":"Feature","geometry":{"type":"Point","coordinates":[27.903049,43.239226]},"properties":{"lines":"23","color":"#0059a9","mode":"bus","arr":["23"],"angle":-0.6,"extra":1,"ei":7}},{"type":"Feature","geometry":{"type":"Point","coordinates":[27.905583,43.231873]},"properties":{"lines":"23","color":"#0059a9","mode":"bus","arr":["23"],"angle":-54.3}},{"type":"Feature","geometry":{"type":"Point","coordinates":[27.904566,43.237639]},"properties":{"lines":"23","color":"#0059a9","mode":"bus","arr":["23"],"angle":-83.8,"extra":1,"ei":0}},{"type":"Feature","geometry":{"type":"Point","coordinates":[27.904966,43.235828]},"properties":{"lines":"23","color":"#0059a9","mode":"bus","arr":["23"],"angle":62.3,"extra":1,"ei":1}},{"type":"Feature","geometry":{"type":"Point","coordinates":[27.906175,43.234158]},"properties":{"lines":"23","color":"#0059a9","mode":"bus","arr":["23"],"angle":65.4,"extra":1,"ei":2}},{"type":"Feature","geometry":{"type":"Point","coordinates":[27.905083,43.230662]},"properties":{"lines":"23","color":"#0059a9","mode":"bus","arr":["23"],"angle":85.2,"extra":1,"ei":3}},{"type":"Feature","geometry":{"type":"Point","coordinates":[27.906055,43.228925]},"properties":{"lines":"23","color":"#0059a9","mode":"bus","arr":["23"],"angle":62.7,"extra":1,"ei":4}},{"type":"Feature","geometry":{"type":"Point","coordinates":[27.907189,43.227228]},"properties":{"lines":"23","color":"#0059a9","mode":"bus","arr":["23"],"angle":67.1,"extra":1,"ei":5}},{"type":"Feature","geometry":{"type":"Point","coordinates":[27.908062,43.22545]},"properties":{"lines":"23","color":"#0059a9","mode":"bus","arr":["23"],"angle":71.7,"extra":1,"ei":6}},{"type":"Feature","geometry":{"type":"Point","coordinates":[27.906789,43.205]},"properties":{"lines":"23","color":"#0059a9","mode":"bus","arr":["23"],"angle":79.6,"side":-1,"mi":8}},{"type":"Feature","geometry":{"type":"Point","coordinates":[27.89662,43.203313]},"properties":{"lines":"23","color":"#0059a9","mode":"bus","arr":["23"],"angle":35.7,"mi":3}},{"type":"Feature","geometry":{"type":"Point","coordinates":[27.904012,43.204214]},"properties":{"lines":"23, 39","color":"#0059a9","mode":"bus","arr":["23","39"],"angle":39.7}},{"type":"Feature","geometry":{"type":"Point","coordinates":[27.900405,43.206933]},"properties":{"lines":"23","color":"#0059a9","mode":"bus","arr":["23"],"angle":55.8,"mi":1}},{"type":"Feature","geometry":{"type":"Point","coordinates":[27.902061,43.20841]},"properties":{"lines":"23","color":"#0059a9","mode":"bus","arr":["23"],"angle":-24.7,"mi":7}},{"type":"Feature","geometry":{"type":"Point","coordinates":[27.999434,43.260338]},"properties":{"lines":"29","color":"#0059a9","mode":"bus","arr":["29"],"angle":-43.6}},{"type":"Feature","geometry":{"type":"Point","coordinates":[28.016789,43.276758]},"properties":{"lines":"29","color":"#0059a9","mode":"bus","arr":["29"],"angle":-47.4,"extra":1,"ei":0}},{"type":"Feature","geometry":{"type":"Point","coordinates":[28.015024,43.275422]},"properties":{"lines":"29","color":"#0059a9","mode":"bus","arr":["29"],"angle":-57.1,"extra":1,"ei":1}},{"type":"Feature","geometry":{"type":"Point","coordinates":[28.013284,43.274042]},"properties":{"lines":"29","color":"#0059a9","mode":"bus","arr":["29"],"angle":-53.3,"extra":1,"ei":2}},{"type":"Feature","geometry":{"type":"Point","coordinates":[28.0113,43.272855]},"properties":{"lines":"29","color":"#0059a9","mode":"bus","arr":["29"],"angle":-60.5,"extra":1,"ei":3}},{"type":"Feature","geometry":{"type":"Point","coordinates":[28.010224,43.271235]},"properties":{"lines":"29","color":"#0059a9","mode":"bus","arr":["29"],"angle":85,"extra":1,"ei":4}},{"type":"Feature","geometry":{"type":"Point","coordinates":[28.010314,43.269359]},"properties":{"lines":"29","color":"#0059a9","mode":"bus","arr":["29"],"angle":82.9,"extra":1,"ei":5}},{"type":"Feature","geometry":{"type":"Point","coordinates":[28.010871,43.267524]},"properties":{"lines":"29","color":"#0059a9","mode":"bus","arr":["29"],"angle":84.1,"extra":1,"ei":6}},{"type":"Feature","geometry":{"type":"Point","coordinates":[28.009333,43.266075]},"properties":{"lines":"29","color":"#0059a9","mode":"bus","arr":["29"],"angle":-48.2,"extra":1,"ei":7}},{"type":"Feature","geometry":{"type":"Point","coordinates":[28.007486,43.26478]},"properties":{"lines":"29","color":"#0059a9","mode":"bus","arr":["29"],"angle":-38.3,"extra":1,"ei":8}},{"type":"Feature","geometry":{"type":"Point","coordinates":[28.005712,43.263405]},"properties":{"lines":"29","color":"#0059a9","mode":"bus","arr":["29"],"angle":-46.6,"extra":1,"ei":9}},{"type":"Feature","geometry":{"type":"Point","coordinates":[28.003814,43.26212]},"properties":{"lines":"29","color":"#0059a9","mode":"bus","arr":["29"],"angle":-41.1,"extra":1,"ei":10}},{"type":"Feature","geometry":{"type":"Point","coordinates":[28.001532,43.261244]},"properties":{"lines":"29","color":"#0059a9","mode":"bus","arr":["29"],"angle":-28.4,"extra":1,"ei":11}},{"type":"Feature","geometry":{"type":"Point","coordinates":[27.998111,43.258617]},"properties":{"lines":"29","color":"#0059a9","mode":"bus","arr":["29"],"angle":-73.9,"extra":1,"ei":12}},{"type":"Feature","geometry":{"type":"Point","coordinates":[27.998246,43.256762]},"properties":{"lines":"29","color":"#0059a9","mode":"bus","arr":["29"],"angle":73.1,"extra":1,"ei":13}},{"type":"Feature","geometry":{"type":"Point","coordinates":[27.997781,43.255164]},"properties":{"lines":"29","color":"#0059a9","mode":"bus","arr":["29"],"angle":-49.3,"extra":1,"ei":14}},{"type":"Feature","geometry":{"type":"Point","coordinates":[27.998711,43.253618]},"properties":{"lines":"29","color":"#0059a9","mode":"bus","arr":["29"],"angle":44.9,"extra":1,"ei":15}},{"type":"Feature","geometry":{"type":"Point","coordinates":[28.000176,43.252095]},"properties":{"lines":"29","color":"#0059a9","mode":"bus","arr":["29"],"angle":83.9,"extra":1,"ei":16}},{"type":"Feature","geometry":{"type":"Point","coordinates":[28.000668,43.250317]},"properties":{"lines":"29","color":"#0059a9","mode":"bus","arr":["29"],"angle":58.8,"extra":1,"ei":17}},{"type":"Feature","geometry":{"type":"Point","coordinates":[27.997374,43.250607]},"properties":{"lines":"29","color":"#0059a9","mode":"bus","arr":["29"],"angle":36.5,"extra":1,"ei":18}},{"type":"Feature","geometry":{"type":"Point","coordinates":[27.995436,43.251838]},"properties":{"lines":"29","color":"#0059a9","mode":"bus","arr":["29"],"angle":30.9,"extra":1,"ei":19}},{"type":"Feature","geometry":{"type":"Point","coordinates":[27.992915,43.25219]},"properties":{"lines":"29","color":"#0059a9","mode":"bus","arr":["29"],"angle":-6.3,"extra":1,"ei":20}},{"type":"Feature","geometry":{"type":"Point","coordinates":[27.990484,43.251547]},"properties":{"lines":"29","color":"#0059a9","mode":"bus","arr":["29"],"angle":-23.6,"extra":1,"ei":21}},{"type":"Feature","geometry":{"type":"Point","coordinates":[27.988402,43.25046]},"properties":{"lines":"29","color":"#0059a9","mode":"bus","arr":["29"],"angle":-48.3,"extra":1,"ei":22}},{"type":"Feature","geometry":{"type":"Point","coordinates":[27.983403,43.247773]},"properties":{"lines":"29, 31, 31A","color":"#0059a9","mode":"bus","arr":["29","31","31A"],"angle":-42.4}},{"type":"Feature","geometry":{"type":"Point","coordinates":[27.986814,43.24926]},"properties":{"lines":"29, 31, 31A","color":"#0059a9","mode":"bus","arr":["29","31","31A"],"angle":-30.2,"extra":1,"ei":0}},{"type":"Feature","geometry":{"type":"Point","coordinates":[27.981271,43.245513]},"properties":{"lines":"29, 31, 31A","color":"#0059a9","mode":"bus","arr":["29","31","31A"],"angle":-54.1,"extra":1,"ei":1}},{"type":"Feature","geometry":{"type":"Point","coordinates":[27.970376,43.238224]},"properties":{"lines":"29, 31","color":"#0059a9","mode":"bus","arr":["29","31"],"angle":-27.1}},{"type":"Feature","geometry":{"type":"Point","coordinates":[27.979548,43.243892]},"properties":{"lines":"29, 31","color":"#0059a9","mode":"bus","arr":["29","31"],"angle":-53.9,"extra":1,"ei":0}},{"type":"Feature","geometry":{"type":"Point","coordinates":[27.977907,43.242433]},"properties":{"lines":"29, 31","color":"#0059a9","mode":"bus","arr":["29","31"],"angle":-53.1,"extra":1,"ei":1}},{"type":"Feature","geometry":{"type":"Point","coordinates":[27.976326,43.240937]},"properties":{"lines":"29, 31","color":"#0059a9","mode":"bus","arr":["29","31"],"angle":-52,"extra":1,"ei":2}},{"type":"Feature","geometry":{"type":"Point","coordinates":[27.974213,43.239927]},"properties":{"lines":"29, 31","color":"#0059a9","mode":"bus","arr":["29","31"],"angle":-19,"extra":1,"ei":3}},{"type":"Feature","geometry":{"type":"Point","coordinates":[27.972034,43.238927]},"properties":{"lines":"29, 31","color":"#0059a9","mode":"bus","arr":["29","31"],"angle":-33.8,"extra":1,"ei":4}},{"type":"Feature","geometry":{"type":"Point","coordinates":[27.968331,43.23656]},"properties":{"lines":"29, 31","color":"#0059a9","mode":"bus","arr":["29","31"],"angle":-86.4,"extra":1,"ei":5}},{"type":"Feature","geometry":{"type":"Point","coordinates":[27.968205,43.234674]},"properties":{"lines":"29, 31","color":"#0059a9","mode":"bus","arr":["29","31"],"angle":-86.7,"extra":1,"ei":6}},{"type":"Feature","geometry":{"type":"Point","coordinates":[27.968026,43.23279]},"properties":{"lines":"29, 31","color":"#0059a9","mode":"bus","arr":["29","31"],"angle":-85.1,"extra":1,"ei":7}},{"type":"Feature","geometry":{"type":"Point","coordinates":[27.967795,43.230909]},"properties":{"lines":"29, 31","color":"#0059a9","mode":"bus","arr":["29","31"],"angle":-85.3,"extra":1,"ei":8}},{"type":"Feature","geometry":{"type":"Point","coordinates":[27.955712,43.226987]},"properties":{"lines":"29, 30, 31","color":"#0059a9","mode":"bus","arr":["29","30","31"],"angle":-36.7}},{"type":"Feature","geometry":{"type":"Point","coordinates":[27.9419,43.224764]},"properties":{"lines":"29, 30, 31","color":"#0059a9","mode":"bus","arr":["29","30","31"],"angle":-49.3,"mi":1}},{"type":"Feature","geometry":{"type":"Point","coordinates":[27.93676,43.219677]},"properties":{"lines":"29, 30, 31","color":"#0059a9","mode":"bus","arr":["29","30","31"],"angle":-36.4}},{"type":"Feature","geometry":{"type":"Point","coordinates":[27.965949,43.228549]},"properties":{"lines":"29, 30, 31","color":"#0059a9","mode":"bus","arr":["29","30","31"],"angle":-71.7,"extra":1,"ei":0,"side":-1}},{"type":"Feature","geometry":{"type":"Point","coordinates":[27.964494,43.22703]},"properties":{"lines":"29, 30, 31","color":"#0059a9","mode":"bus","arr":["29","30","31"],"angle":-32.8,"extra":1,"ei":1}},{"type":"Feature","geometry":{"type":"Point","coordinates":[27.962065,43.226465]},"properties":{"lines":"29, 30, 31","color":"#0059a9","mode":"bus","arr":["29","30","31"],"angle":-4.9,"extra":1,"ei":2}},{"type":"Feature","geometry":{"type":"Point","coordinates":[27.959948,43.225552]},"properties":{"lines":"29, 30, 31","color":"#0059a9","mode":"bus","arr":["29","30","31"],"angle":1.6,"extra":1,"ei":3,"side":-1}},{"type":"Feature","geometry":{"type":"Point","coordinates":[27.958011,43.22674]},"properties":{"lines":"29, 30, 31","color":"#0059a9","mode":"bus","arr":["29","30","31"],"angle":35.9,"extra":1,"ei":4}},{"type":"Feature","geometry":{"type":"Point","coordinates":[27.953295,43.226457]},"properties":{"lines":"29, 30, 31","color":"#0059a9","mode":"bus","arr":["29","30","31"],"angle":-3.7,"extra":1,"ei":5}},{"type":"Feature","geometry":{"type":"Point","coordinates":[27.950706,43.226365]},"properties":{"lines":"29, 30, 31","color":"#0059a9","mode":"bus","arr":["29","30","31"],"angle":-2.8,"extra":1,"ei":6}},{"type":"Feature","geometry":{"type":"Point","coordinates":[27.948117,43.226279]},"properties":{"lines":"29, 30, 31","color":"#0059a9","mode":"bus","arr":["29","30","31"],"angle":-2.8,"extra":1,"ei":7}},{"type":"Feature","geometry":{"type":"Point","coordinates":[27.945529,43.22618]},"properties":{"lines":"29, 30, 31","color":"#0059a9","mode":"bus","arr":["29","30","31"],"angle":-3.9,"extra":1,"ei":8}},{"type":"Feature","geometry":{"type":"Point","coordinates":[27.943143,43.225535]},"properties":{"lines":"29, 30, 31","color":"#0059a9","mode":"bus","arr":["29","30","31"],"angle":-35,"extra":1,"ei":9}},{"type":"Feature","geometry":{"type":"Point","coordinates":[27.940365,43.223517]},"properties":{"lines":"29, 30, 31","color":"#0059a9","mode":"bus","arr":["29","30","31"],"angle":-53,"extra":1,"ei":0,"side":-1}},{"type":"Feature","geometry":{"type":"Point","coordinates":[27.938032,43.221329]},"properties":{"lines":"29, 30, 31, 209","color":"#0059a9","mode":"bus","arr":["29","30","31","209"],"angle":-52.3}},{"type":"Feature","geometry":{"type":"Point","coordinates":[27.934429,43.218998]},"properties":{"lines":"29, 31, 31A, 118, 148","color":"#0059a9","mode":"bus","arr":["29","31","31A","118","148"],"angle":-50.3}},{"type":"Feature","geometry":{"type":"Point","coordinates":[27.937403,43.220234]},"properties":{"lines":"29, 31","color":"#0059a9","mode":"bus","arr":["29","31"],"angle":-59.7}},{"type":"Feature","geometry":{"type":"Point","coordinates":[27.96639,43.229233]},"properties":{"lines":"29, 31","color":"#0059a9","mode":"bus","arr":["29","31"],"angle":-47.5,"side":-1}},{"type":"Feature","geometry":{"type":"Point","coordinates":[27.961794,43.251717]},"properties":{"lines":"30","color":"#0059a9","mode":"bus","arr":["30"],"angle":25.8,"mi":1}},{"type":"Feature","geometry":{"type":"Point","coordinates":[27.957399,43.245347]},"properties":{"lines":"30","color":"#0059a9","mode":"bus","arr":["30"],"angle":-77.7}},{"type":"Feature","geometry":{"type":"Point","coordinates":[27.959185,43.251407]},"properties":{"lines":"30","color":"#0059a9","mode":"bus","arr":["30"],"angle":-78.2,"extra":1,"ei":0}},{"type":"Feature","geometry":{"type":"Point","coordinates":[27.958654,43.249558]},"properties":{"lines":"30","color":"#0059a9","mode":"bus","arr":["30"],"angle":-79.8,"extra":1,"ei":1}},{"type":"Feature","geometry":{"type":"Point","coordinates":[27.958107,43.247713]},"properties":{"lines":"30","color":"#0059a9","mode":"bus","arr":["30"],"angle":-77.5,"extra":1,"ei":2}},{"type":"Feature","geometry":{"type":"Point","coordinates":[27.957073,43.244014]},"properties":{"lines":"30","color":"#0059a9","mode":"bus","arr":["30"],"angle":-85.4,"extra":1,"ei":3}},{"type":"Feature","geometry":{"type":"Point","coordinates":[27.957557,43.24218]},"properties":{"lines":"30","color":"#0059a9","mode":"bus","arr":["30"],"angle":66.6,"extra":1,"ei":4}},{"type":"Feature","geometry":{"type":"Point","coordinates":[27.958588,43.240447]},"properties":{"lines":"30","color":"#0059a9","mode":"bus","arr":["30"],"angle":67.7,"extra":1,"ei":5}},{"type":"Feature","geometry":{"type":"Point","coordinates":[27.959543,43.238691]},"properties":{"lines":"30","color":"#0059a9","mode":"bus","arr":["30"],"angle":70.2,"extra":1,"ei":6}},{"type":"Feature","geometry":{"type":"Point","coordinates":[27.961062,43.23384]},"properties":{"lines":"30","color":"#0059a9","mode":"bus","arr":["30"],"angle":-71.7}},{"type":"Feature","geometry":{"type":"Point","coordinates":[27.959807,43.237646]},"properties":{"lines":"30","color":"#0059a9","mode":"bus","arr":["30"],"angle":88,"extra":1,"ei":0}},{"type":"Feature","geometry":{"type":"Point","coordinates":[27.959554,43.235768]},"properties":{"lines":"30","color":"#0059a9","mode":"bus","arr":["30"],"angle":-83.1,"extra":1,"ei":1}},{"type":"Feature","geometry":{"type":"Point","coordinates":[27.959241,43.233894]},"properties":{"lines":"30","color":"#0059a9","mode":"bus","arr":["30"],"angle":-83.1,"extra":1,"ei":2}},{"type":"Feature","geometry":{"type":"Point","coordinates":[27.95981,43.23232]},"properties":{"lines":"30","color":"#0059a9","mode":"bus","arr":["30"],"angle":0.1,"extra":1,"ei":3}},{"type":"Feature","geometry":{"type":"Point","coordinates":[27.962733,43.235026]},"properties":{"lines":"30","color":"#0059a9","mode":"bus","arr":["30"],"angle":3.3,"extra":1,"ei":4}},{"type":"Feature","geometry":{"type":"Point","coordinates":[27.964272,43.233686]},"properties":{"lines":"30","color":"#0059a9","mode":"bus","arr":["30"],"angle":71.4,"extra":1,"ei":5}},{"type":"Feature","geometry":{"type":"Point","coordinates":[27.965376,43.231995]},"properties":{"lines":"30","color":"#0059a9","mode":"bus","arr":["30"],"angle":49.3,"extra":1,"ei":6}},{"type":"Feature","geometry":{"type":"Point","coordinates":[27.966726,43.230459]},"properties":{"lines":"30","color":"#0059a9","mode":"bus","arr":["30"],"angle":-85.1,"extra":1,"ei":7}},{"type":"Feature","geometry":{"type":"Point","coordinates":[27.937536,43.22017]},"properties":{"lines":"30, 209","color":"#0059a9","mode":"bus","arr":["30","209"],"angle":72.1}},{"type":"Feature","geometry":{"type":"Point","coordinates":[27.934995,43.219134]},"properties":{"lines":"30, 209","color":"#0059a9","mode":"bus","arr":["30","209"],"angle":48.1,"mi":1}},{"type":"Feature","geometry":{"type":"Point","coordinates":[27.950823,43.215703]},"properties":{"lines":"30, 118, 148, 209","color":"#0059a9","mode":"bus","arr":["30","118","148","209"],"angle":0.4}},{"type":"Feature","geometry":{"type":"Point","coordinates":[27.965532,43.228174]},"properties":{"lines":"31","color":"#0059a9","mode":"bus","arr":["31"],"angle":-65.4}},{"type":"Feature","geometry":{"type":"Point","coordinates":[27.982979,43.242767]},"properties":{"lines":"31A","color":"#0059a9","mode":"bus","arr":["31A"],"angle":44.5}},{"type":"Feature","geometry":{"type":"Point","coordinates":[27.981233,43.244018]},"properties":{"lines":"31A","color":"#0059a9","mode":"bus","arr":["31A"],"angle":43.8,"extra":1,"ei":0}},{"type":"Feature","geometry":{"type":"Point","coordinates":[27.984891,43.241342]},"properties":{"lines":"31A","color":"#0059a9","mode":"bus","arr":["31A"],"angle":48,"extra":1,"ei":1}},{"type":"Feature","geometry":{"type":"Point","coordinates":[27.99299,43.234742]},"properties":{"lines":"31A","color":"#0059a9","mode":"bus","arr":["31A"],"angle":42.7,"mi":7}},{"type":"Feature","geometry":{"type":"Point","coordinates":[27.986494,43.240153]},"properties":{"lines":"31A","color":"#0059a9","mode":"bus","arr":["31A"],"angle":30.9,"extra":1,"ei":0}},{"type":"Feature","geometry":{"type":"Point","coordinates":[27.988589,43.239057]},"properties":{"lines":"31A","color":"#0059a9","mode":"bus","arr":["31A"],"angle":40.7,"extra":1,"ei":1}},{"type":"Feature","geometry":{"type":"Point","coordinates":[27.990372,43.237714]},"properties":{"lines":"31A","color":"#0059a9","mode":"bus","arr":["31A"],"angle":64.8,"extra":1,"ei":2}},{"type":"Feature","geometry":{"type":"Point","coordinates":[27.991318,43.235966]},"properties":{"lines":"31A","color":"#0059a9","mode":"bus","arr":["31A"],"angle":54.7,"extra":1,"ei":3}},{"type":"Feature","geometry":{"type":"Point","coordinates":[27.995536,43.234024]},"properties":{"lines":"31A","color":"#0059a9","mode":"bus","arr":["31A"],"angle":8.9,"extra":1,"ei":4}},{"type":"Feature","geometry":{"type":"Point","coordinates":[27.99792,43.233312]},"properties":{"lines":"31A","color":"#0059a9","mode":"bus","arr":["31A"],"angle":27.4,"extra":1,"ei":5}},{"type":"Feature","geometry":{"type":"Point","coordinates":[28.000336,43.232769]},"properties":{"lines":"31A","color":"#0059a9","mode":"bus","arr":["31A"],"angle":-11.1,"extra":1,"ei":6}},{"type":"Feature","geometry":{"type":"Point","coordinates":[28.002763,43.233067]},"properties":{"lines":"31A","color":"#0059a9","mode":"bus","arr":["31A"],"angle":25.4,"extra":1,"ei":7}},{"type":"Feature","geometry":{"type":"Point","coordinates":[28.003964,43.232591]},"properties":{"lines":"31A","color":"#0059a9","mode":"bus","arr":["31A"],"angle":28.4,"side":-1,"mi":1}},{"type":"Feature","geometry":{"type":"Point","coordinates":[28.005594,43.23191]},"properties":{"lines":"31A","color":"#0059a9","mode":"bus","arr":["31A"],"angle":29.5,"mi":2}},{"type":"Feature","geometry":{"type":"Point","coordinates":[28.007448,43.231363]},"properties":{"lines":"31A","color":"#0059a9","mode":"bus","arr":["31A"],"angle":-14.8,"mi":4}},{"type":"Feature","geometry":{"type":"Point","coordinates":[28.01088,43.232524]},"properties":{"lines":"31A","color":"#0059a9","mode":"bus","arr":["31A"],"angle":-71.1,"side":-1,"mi":6}},{"type":"Feature","geometry":{"type":"Point","coordinates":[28.009113,43.231412]},"properties":{"lines":"31A","color":"#0059a9","mode":"bus","arr":["31A"],"angle":-3.3,"mi":5}},{"type":"Feature","geometry":{"type":"Point","coordinates":[28.010601,43.231998]},"properties":{"lines":"31A","color":"#0059a9","mode":"bus","arr":["31A"],"angle":-64.6,"extra":1,"ei":0}},{"type":"Feature","geometry":{"type":"Point","coordinates":[28.004621,43.232979]},"properties":{"lines":"31A","color":"#0059a9","mode":"bus","arr":["31A"],"angle":1.8}},{"type":"Feature","geometry":{"type":"Point","coordinates":[28.003977,43.23139]},"properties":{"lines":"31A","color":"#0059a9","mode":"bus","arr":["31A"],"angle":-51.4,"side":-1,"mi":3}},{"type":"Feature","geometry":{"type":"Point","coordinates":[27.953002,43.215113]},"properties":{"lines":"31A, 209 Б","color":"#0059a9","mode":"bus","arr":["31A","209 Б"],"angle":-30,"side":-1,"mi":1}},{"type":"Feature","geometry":{"type":"Point","coordinates":[27.951,43.215421]},"properties":{"lines":"31A, 209 Б","color":"#0059a9","mode":"bus","arr":["31A","209 Б"],"angle":25.5}},{"type":"Feature","geometry":{"type":"Point","coordinates":[27.882234,43.184453]},"properties":{"lines":"36, 37","color":"#0059a9","mode":"bus","arr":["36","37"],"angle":78.6,"side":-1,"mi":2}},{"type":"Feature","geometry":{"type":"Point","coordinates":[27.882976,43.184314]},"properties":{"lines":"36, 37","color":"#0059a9","mode":"bus","arr":["36","37"],"angle":-15.4,"mi":3}},{"type":"Feature","geometry":{"type":"Point","coordinates":[27.879531,43.187641]},"properties":{"lines":"36, 37","color":"#0059a9","mode":"bus","arr":["36","37"],"angle":33}},{"type":"Feature","geometry":{"type":"Point","coordinates":[27.880589,43.185629]},"properties":{"lines":"36, 37","color":"#0059a9","mode":"bus","arr":["36","37"],"angle":47.9,"extra":1,"ei":0}},{"type":"Feature","geometry":{"type":"Point","coordinates":[27.877427,43.187801]},"properties":{"lines":"36, 37","color":"#0059a9","mode":"bus","arr":["36","37"],"angle":1.6,"extra":1,"ei":1}},{"type":"Feature","geometry":{"type":"Point","coordinates":[27.851302,43.163271]},"properties":{"lines":"36, 37","color":"#0059a9","mode":"bus","arr":["36","37"],"angle":88}},{"type":"Feature","geometry":{"type":"Point","coordinates":[27.838685,43.156302]},"properties":{"lines":"36, 37","color":"#0059a9","mode":"bus","arr":["36","37"],"angle":-20.9,"extra":1,"ei":0}},{"type":"Feature","geometry":{"type":"Point","coordinates":[27.841129,43.156867]},"properties":{"lines":"36, 37","color":"#0059a9","mode":"bus","arr":["36","37"],"angle":-4.4,"extra":1,"ei":1}},{"type":"Feature","geometry":{"type":"Point","coordinates":[27.843424,43.15725]},"properties":{"lines":"36, 37","color":"#0059a9","mode":"bus","arr":["36","37"],"angle":-64.5,"extra":1,"ei":2}},{"type":"Feature","geometry":{"type":"Point","coordinates":[27.84457,43.158942]},"properties":{"lines":"36, 37","color":"#0059a9","mode":"bus","arr":["36","37"],"angle":-53.1,"extra":1,"ei":3}},{"type":"Feature","geometry":{"type":"Point","coordinates":[27.846302,43.160327]},"properties":{"lines":"36, 37","color":"#0059a9","mode":"bus","arr":["36","37"],"angle":-63.5,"extra":1,"ei":4}},{"type":"Feature","geometry":{"type":"Point","coordinates":[27.847361,43.16205]},"properties":{"lines":"36, 37","color":"#0059a9","mode":"bus","arr":["36","37"],"angle":-61.6,"extra":1,"ei":5}},{"type":"Feature","geometry":{"type":"Point","coordinates":[27.849434,43.162117]},"properties":{"lines":"36, 37","color":"#0059a9","mode":"bus","arr":["36","37"],"angle":43.3,"extra":1,"ei":6}},{"type":"Feature","geometry":{"type":"Point","coordinates":[27.849656,43.160458]},"properties":{"lines":"36, 37","color":"#0059a9","mode":"bus","arr":["36","37"],"angle":-84.6,"extra":1,"ei":7}},{"type":"Feature","geometry":{"type":"Point","coordinates":[27.850651,43.158734]},"properties":{"lines":"36, 37","color":"#0059a9","mode":"bus","arr":["36","37"],"angle":36.7,"extra":1,"ei":8}},{"type":"Feature","geometry":{"type":"Point","coordinates":[27.851386,43.162076]},"properties":{"lines":"36, 37","color":"#0059a9","mode":"bus","arr":["36","37"],"angle":-85.6,"extra":1,"ei":9}},{"type":"Feature","geometry":{"type":"Point","coordinates":[27.85161,43.165838]},"properties":{"lines":"36, 37","color":"#0059a9","mode":"bus","arr":["36","37"],"angle":-84,"extra":1,"ei":10}},{"type":"Feature","geometry":{"type":"Point","coordinates":[27.851869,43.167716]},"properties":{"lines":"36, 37","color":"#0059a9","mode":"bus","arr":["36","37"],"angle":-86.6,"extra":1,"ei":11}},{"type":"Feature","geometry":{"type":"Point","coordinates":[27.851929,43.169603]},"properties":{"lines":"36, 37","color":"#0059a9","mode":"bus","arr":["36","37"],"angle":85.9,"extra":1,"ei":12}},{"type":"Feature","geometry":{"type":"Point","coordinates":[27.851685,43.171483]},"properties":{"lines":"36, 37","color":"#0059a9","mode":"bus","arr":["36","37"],"angle":81.1,"extra":1,"ei":13}},{"type":"Feature","geometry":{"type":"Point","coordinates":[27.851243,43.173342]},"properties":{"lines":"36, 37","color":"#0059a9","mode":"bus","arr":["36","37"],"angle":83.4,"extra":1,"ei":14}},{"type":"Feature","geometry":{"type":"Point","coordinates":[27.850952,43.175219]},"properties":{"lines":"36, 37","color":"#0059a9","mode":"bus","arr":["36","37"],"angle":83.7,"extra":1,"ei":15}},{"type":"Feature","geometry":{"type":"Point","coordinates":[27.850659,43.177095]},"properties":{"lines":"36, 37","color":"#0059a9","mode":"bus","arr":["36","37"],"angle":83,"extra":1,"ei":16}},{"type":"Feature","geometry":{"type":"Point","coordinates":[27.850344,43.17897]},"properties":{"lines":"36, 37","color":"#0059a9","mode":"bus","arr":["36","37"],"angle":83,"extra":1,"ei":17}},{"type":"Feature","geometry":{"type":"Point","coordinates":[27.850099,43.18085]},"properties":{"lines":"36, 37","color":"#0059a9","mode":"bus","arr":["36","37"],"angle":85.7,"extra":1,"ei":18}},{"type":"Feature","geometry":{"type":"Point","coordinates":[27.849475,43.182652]},"properties":{"lines":"36, 37","color":"#0059a9","mode":"bus","arr":["36","37"],"angle":59.2,"extra":1,"ei":19}},{"type":"Feature","geometry":{"type":"Point","coordinates":[27.848465,43.183923]},"properties":{"lines":"36, 37","color":"#0059a9","mode":"bus","arr":["36","37"],"angle":-44.9}},{"type":"Feature","geometry":{"type":"Point","coordinates":[27.864734,43.185671]},"properties":{"lines":"36, 37","color":"#0059a9","mode":"bus","arr":["36","37"],"angle":-41.1,"mi":4}},{"type":"Feature","geometry":{"type":"Point","coordinates":[27.872882,43.188056]},"properties":{"lines":"36, 37","color":"#0059a9","mode":"bus","arr":["36","37"],"angle":7.3,"mi":1}},{"type":"Feature","geometry":{"type":"Point","coordinates":[27.849315,43.184667]},"properties":{"lines":"36, 37","color":"#0059a9","mode":"bus","arr":["36","37"],"angle":-22.7,"extra":1,"ei":0}},{"type":"Feature","geometry":{"type":"Point","coordinates":[27.851777,43.184985]},"properties":{"lines":"36, 37","color":"#0059a9","mode":"bus","arr":["36","37"],"angle":24.1,"extra":1,"ei":1}},{"type":"Feature","geometry":{"type":"Point","coordinates":[27.854168,43.184373]},"properties":{"lines":"36, 37","color":"#0059a9","mode":"bus","arr":["36","37"],"angle":-1.8,"extra":1,"ei":2}},{"type":"Feature","geometry":{"type":"Point","coordinates":[27.856758,43.184453]},"properties":{"lines":"36, 37","color":"#0059a9","mode":"bus","arr":["36","37"],"angle":-2.4,"extra":1,"ei":3}},{"type":"Feature","geometry":{"type":"Point","coordinates":[27.859347,43.184532]},"properties":{"lines":"36, 37","color":"#0059a9","mode":"bus","arr":["36","37"],"angle":-2.4,"extra":1,"ei":4}},{"type":"Feature","geometry":{"type":"Point","coordinates":[27.861937,43.184612]},"properties":{"lines":"36, 37","color":"#0059a9","mode":"bus","arr":["36","37"],"angle":-2.4,"extra":1,"ei":5}},{"type":"Feature","geometry":{"type":"Point","coordinates":[27.866273,43.186445]},"properties":{"lines":"36, 37","color":"#0059a9","mode":"bus","arr":["36","37"],"angle":-33.4,"extra":1,"ei":6}},{"type":"Feature","geometry":{"type":"Point","coordinates":[27.868478,43.187431]},"properties":{"lines":"36, 37","color":"#0059a9","mode":"bus","arr":["36","37"],"angle":-22.9,"extra":1,"ei":7}},{"type":"Feature","geometry":{"type":"Point","coordinates":[27.870939,43.188009]},"properties":{"lines":"36, 37","color":"#0059a9","mode":"bus","arr":["36","37"],"angle":-7.9,"extra":1,"ei":8,"side":-1}},{"type":"Feature","geometry":{"type":"Point","coordinates":[27.875872,43.186993]},"properties":{"lines":"36, 37","color":"#0059a9","mode":"bus","arr":["36","37"],"angle":24.3,"extra":1,"ei":9}},{"type":"Feature","geometry":{"type":"Point","coordinates":[27.87701,43.185453]},"properties":{"lines":"36, 37","color":"#0059a9","mode":"bus","arr":["36","37"],"angle":59.4,"extra":1,"ei":10,"side":-1}},{"type":"Feature","geometry":{"type":"Point","coordinates":[27.879253,43.184814]},"properties":{"lines":"36, 37","color":"#0059a9","mode":"bus","arr":["36","37"],"angle":-13.2,"extra":1,"ei":11,"side":-1}},{"type":"Feature","geometry":{"type":"Point","coordinates":[27.834181,43.155337]},"properties":{"lines":"36","color":"#0059a9","mode":"bus","arr":["36"],"angle":-78,"mi":1}},{"type":"Feature","geometry":{"type":"Point","coordinates":[27.833732,43.153645]},"properties":{"lines":"36","color":"#0059a9","mode":"bus","arr":["36"],"angle":78.3,"extra":1,"ei":0}},{"type":"Feature","geometry":{"type":"Point","coordinates":[27.836547,43.155982]},"properties":{"lines":"36","color":"#0059a9","mode":"bus","arr":["36"],"angle":-12.3,"extra":1,"ei":1}},{"type":"Feature","geometry":{"type":"Point","coordinates":[27.839254,43.154304]},"properties":{"lines":"36","color":"#0059a9","mode":"bus","arr":["36"],"angle":-23.3}},{"type":"Feature","geometry":{"type":"Point","coordinates":[27.835236,43.153085]},"properties":{"lines":"36","color":"#0059a9","mode":"bus","arr":["36"],"angle":-22.3,"extra":1,"ei":0}},{"type":"Feature","geometry":{"type":"Point","coordinates":[27.837634,43.153802]},"properties":{"lines":"36","color":"#0059a9","mode":"bus","arr":["36"],"angle":-22.3,"extra":1,"ei":1}},{"type":"Feature","geometry":{"type":"Point","coordinates":[27.842246,43.15546]},"properties":{"lines":"36","color":"#0059a9","mode":"bus","arr":["36"],"angle":-53.1,"extra":1,"ei":2}},{"type":"Feature","geometry":{"type":"Point","coordinates":[27.805172,43.182055]},"properties":{"lines":"37","color":"#0059a9","mode":"bus","arr":["37"],"angle":4.2}},{"type":"Feature","geometry":{"type":"Point","coordinates":[27.846844,43.184254]},"properties":{"lines":"37","color":"#0059a9","mode":"bus","arr":["37"],"angle":5.7,"extra":1,"ei":0}},{"type":"Feature","geometry":{"type":"Point","coordinates":[27.844284,43.184212]},"properties":{"lines":"37","color":"#0059a9","mode":"bus","arr":["37"],"angle":-15,"extra":1,"ei":1}},{"type":"Feature","geometry":{"type":"Point","coordinates":[27.841774,43.184104]},"properties":{"lines":"37","color":"#0059a9","mode":"bus","arr":["37"],"angle":18.9,"extra":1,"ei":2}},{"type":"Feature","geometry":{"type":"Point","coordinates":[27.8393,43.18466]},"properties":{"lines":"37","color":"#0059a9","mode":"bus","arr":["37"],"angle":10.5,"extra":1,"ei":3}},{"type":"Feature","geometry":{"type":"Point","coordinates":[27.836739,43.184953]},"properties":{"lines":"37","color":"#0059a9","mode":"bus","arr":["37"],"angle":6.5,"extra":1,"ei":4}},{"type":"Feature","geometry":{"type":"Point","coordinates":[27.834165,43.184795]},"properties":{"lines":"37","color":"#0059a9","mode":"bus","arr":["37"],"angle":-7.1,"extra":1,"ei":5}},{"type":"Feature","geometry":{"type":"Point","coordinates":[27.831593,43.184561]},"properties":{"lines":"37","color":"#0059a9","mode":"bus","arr":["37"],"angle":-7.1,"extra":1,"ei":6}},{"type":"Feature","geometry":{"type":"Point","coordinates":[27.829021,43.184327]},"properties":{"lines":"37","color":"#0059a9","mode":"bus","arr":["37"],"angle":-7.1,"extra":1,"ei":7}},{"type":"Feature","geometry":{"type":"Point","coordinates":[27.826535,43.183821]},"properties":{"lines":"37","color":"#0059a9","mode":"bus","arr":["37"],"angle":-19.4,"extra":1,"ei":8}},{"type":"Feature","geometry":{"type":"Point","coordinates":[27.824091,43.183192]},"properties":{"lines":"37","color":"#0059a9","mode":"bus","arr":["37"],"angle":-19.4,"extra":1,"ei":9}},{"type":"Feature","geometry":{"type":"Point","coordinates":[27.821648,43.182563]},"properties":{"lines":"37","color":"#0059a9","mode":"bus","arr":["37"],"angle":-15.9,"extra":1,"ei":10}},{"type":"Feature","geometry":{"type":"Point","coordinates":[27.819094,43.182574]},"properties":{"lines":"37","color":"#0059a9","mode":"bus","arr":["37"],"angle":-23.3,"extra":1,"ei":11}},{"type":"Feature","geometry":{"type":"Point","coordinates":[27.817153,43.181352]},"properties":{"lines":"37","color":"#0059a9","mode":"bus","arr":["37"],"angle":-24.1,"extra":1,"ei":12}},{"type":"Feature","geometry":{"type":"Point","coordinates":[27.814714,43.180712]},"properties":{"lines":"37","color":"#0059a9","mode":"bus","arr":["37"],"angle":-19.7,"extra":1,"ei":13}},{"type":"Feature","geometry":{"type":"Point","coordinates":[27.812186,43.180409]},"properties":{"lines":"37","color":"#0059a9","mode":"bus","arr":["37"],"angle":0.4,"extra":1,"ei":14}},{"type":"Feature","geometry":{"type":"Point","coordinates":[27.809677,43.180719]},"properties":{"lines":"37","color":"#0059a9","mode":"bus","arr":["37"],"angle":29.1,"extra":1,"ei":15}},{"type":"Feature","geometry":{"type":"Point","coordinates":[27.807436,43.181668]},"properties":{"lines":"37","color":"#0059a9","mode":"bus","arr":["37"],"angle":30.2,"extra":1,"ei":16}},{"type":"Feature","geometry":{"type":"Point","coordinates":[27.802389,43.182359]},"properties":{"lines":"37","color":"#0059a9","mode":"bus","arr":["37"],"angle":13.4,"extra":1,"ei":17}},{"type":"Feature","geometry":{"type":"Point","coordinates":[27.799916,43.182923]},"properties":{"lines":"37","color":"#0059a9","mode":"bus","arr":["37"],"angle":17.5,"extra":1,"ei":18}},{"type":"Feature","geometry":{"type":"Point","coordinates":[27.797433,43.182754]},"properties":{"lines":"37","color":"#0059a9","mode":"bus","arr":["37"],"angle":-23.2,"extra":1,"ei":19}},{"type":"Feature","geometry":{"type":"Point","coordinates":[27.794993,43.182132]},"properties":{"lines":"37","color":"#0059a9","mode":"bus","arr":["37"],"angle":-14,"extra":1,"ei":20}},{"type":"Feature","geometry":{"type":"Point","coordinates":[27.79295,43.181058]},"properties":{"lines":"37","color":"#0059a9","mode":"bus","arr":["37"],"angle":-51.1,"extra":1,"ei":21}},{"type":"Feature","geometry":{"type":"Point","coordinates":[27.791672,43.179452]},"properties":{"lines":"37","color":"#0059a9","mode":"bus","arr":["37"],"angle":-79.2,"extra":1,"ei":22}},{"type":"Feature","geometry":{"type":"Point","coordinates":[27.791198,43.177595]},"properties":{"lines":"37","color":"#0059a9","mode":"bus","arr":["37"],"angle":-79.5,"extra":1,"ei":23}},{"type":"Feature","geometry":{"type":"Point","coordinates":[27.790723,43.175739]},"properties":{"lines":"37","color":"#0059a9","mode":"bus","arr":["37"],"angle":-79.5,"extra":1,"ei":24}},{"type":"Feature","geometry":{"type":"Point","coordinates":[27.789409,43.174295]},"properties":{"lines":"37","color":"#0059a9","mode":"bus","arr":["37"],"angle":-25.3,"extra":1,"ei":25}},{"type":"Feature","geometry":{"type":"Point","coordinates":[27.788427,43.172765]},"properties":{"lines":"37","color":"#0059a9","mode":"bus","arr":["37"],"angle":85.9,"extra":1,"ei":26}},{"type":"Feature","geometry":{"type":"Point","coordinates":[27.78804,43.17094]},"properties":{"lines":"37","color":"#0059a9","mode":"bus","arr":["37"],"angle":87.5,"extra":1,"ei":27}},{"type":"Feature","geometry":{"type":"Point","coordinates":[27.787927,43.169095]},"properties":{"lines":"37","color":"#0059a9","mode":"bus","arr":["37"],"angle":-69.6,"extra":1,"ei":28}},{"type":"Feature","geometry":{"type":"Point","coordinates":[27.786071,43.167897]},"properties":{"lines":"37","color":"#0059a9","mode":"bus","arr":["37"],"angle":-11.6,"extra":1,"ei":29}},{"type":"Feature","geometry":{"type":"Point","coordinates":[27.783489,43.167748]},"properties":{"lines":"37","color":"#0059a9","mode":"bus","arr":["37"],"angle":-4.1,"extra":1,"ei":30}},{"type":"Feature","geometry":{"type":"Point","coordinates":[27.78093,43.167467]},"properties":{"lines":"37","color":"#0059a9","mode":"bus","arr":["37"],"angle":-14.1,"extra":1,"ei":31}},{"type":"Feature","geometry":{"type":"Point","coordinates":[27.77842,43.167225]},"properties":{"lines":"37","color":"#0059a9","mode":"bus","arr":["37"],"angle":28.7,"extra":1,"ei":32}},{"type":"Feature","geometry":{"type":"Point","coordinates":[27.776779,43.168673]},"properties":{"lines":"37","color":"#0059a9","mode":"bus","arr":["37"],"angle":50.9,"extra":1,"ei":33}},{"type":"Feature","geometry":{"type":"Point","coordinates":[27.776833,43.166317]},"properties":{"lines":"37","color":"#0059a9","mode":"bus","arr":["37"],"angle":68.5,"mi":1}},{"type":"Feature","geometry":{"type":"Point","coordinates":[27.776083,43.168084]},"properties":{"lines":"37","color":"#0059a9","mode":"bus","arr":["37"],"angle":87.6,"extra":1,"ei":0}},{"type":"Feature","geometry":{"type":"Point","coordinates":[27.777743,43.164526]},"properties":{"lines":"37","color":"#0059a9","mode":"bus","arr":["37"],"angle":74.9,"extra":1,"ei":1}},{"type":"Feature","geometry":{"type":"Point","coordinates":[27.779196,43.16509]},"properties":{"lines":"37","color":"#0059a9","mode":"bus","arr":["37"],"angle":-59.8}},{"type":"Feature","geometry":{"type":"Point","coordinates":[27.780903,43.16567]},"properties":{"lines":"37","color":"#0059a9","mode":"bus","arr":["37"],"angle":-11.1,"extra":1,"ei":0}},{"type":"Feature","geometry":{"type":"Point","coordinates":[27.778955,43.162849]},"properties":{"lines":"37","color":"#0059a9","mode":"bus","arr":["37"],"angle":-82.1,"extra":1,"ei":1,"side":-1}},{"type":"Feature","geometry":{"type":"Point","coordinates":[27.777529,43.162436]},"properties":{"lines":"37","color":"#0059a9","mode":"bus","arr":["37"],"angle":-4.9,"mi":2}},{"type":"Feature","geometry":{"type":"Point","coordinates":[27.868789,43.215994]},"properties":{"lines":"39","color":"#0059a9","mode":"bus","arr":["39"],"angle":-42.6}},{"type":"Feature","geometry":{"type":"Point","coordinates":[27.86324,43.213326]},"properties":{"lines":"39","color":"#0059a9","mode":"bus","arr":["39"],"angle":59.4,"extra":1,"ei":0}},{"type":"Feature","geometry":{"type":"Point","coordinates":[27.865078,43.214336]},"properties":{"lines":"39","color":"#0059a9","mode":"bus","arr":["39"],"angle":-24.5,"extra":1,"ei":1}},{"type":"Feature","geometry":{"type":"Point","coordinates":[27.867413,43.21515]},"properties":{"lines":"39","color":"#0059a9","mode":"bus","arr":["39"],"angle":-33.3,"extra":1,"ei":2}},{"type":"Feature","geometry":{"type":"Point","coordinates":[27.871745,43.217106]},"properties":{"lines":"39","color":"#0059a9","mode":"bus","arr":["39"],"angle":-16.8,"extra":1,"ei":3}},{"type":"Feature","geometry":{"type":"Point","coordinates":[27.874154,43.217748]},"properties":{"lines":"39","color":"#0059a9","mode":"bus","arr":["39"],"angle":-58.2,"extra":1,"ei":4}},{"type":"Feature","geometry":{"type":"Point","coordinates":[27.8828,43.21138]},"properties":{"lines":"39","color":"#0059a9","mode":"bus","arr":["39"],"angle":27,"mi":2}},{"type":"Feature","geometry":{"type":"Point","coordinates":[27.884661,43.210758]},"properties":{"lines":"39","color":"#0059a9","mode":"bus","arr":["39"],"angle":13.2,"extra":1,"ei":0}},{"type":"Feature","geometry":{"type":"Point","coordinates":[27.880332,43.212756]},"properties":{"lines":"39","color":"#0059a9","mode":"bus","arr":["39"],"angle":33.8,"extra":1,"ei":1}},{"type":"Feature","geometry":{"type":"Point","coordinates":[27.895891,43.207208]},"properties":{"lines":"39","color":"#0059a9","mode":"bus","arr":["39"],"angle":13,"mi":3}},{"type":"Feature","geometry":{"type":"Point","coordinates":[27.887716,43.210375]},"properties":{"lines":"39","color":"#0059a9","mode":"bus","arr":["39"],"angle":68,"mi":1}},{"type":"Feature","geometry":{"type":"Point","coordinates":[27.899875,43.206622]},"properties":{"lines":"39","color":"#0059a9","mode":"bus","arr":["39"],"angle":19.5,"extra":1,"ei":0}},{"type":"Feature","geometry":{"type":"Point","coordinates":[27.892307,43.207892]},"properties":{"lines":"39","color":"#0059a9","mode":"bus","arr":["39"],"angle":14.5,"extra":1,"ei":1}},{"type":"Feature","geometry":{"type":"Point","coordinates":[27.88932,43.208947]},"properties":{"lines":"39","color":"#0059a9","mode":"bus","arr":["39"],"angle":41}},{"type":"Feature","geometry":{"type":"Point","coordinates":[27.851052,43.252658]},"properties":{"lines":"41, 83","color":"#0059a9","mode":"bus","arr":["41","83"],"tLines":"83","ntLines":"41","angle":-28.8,"side":-1}},{"type":"Feature","geometry":{"type":"Point","coordinates":[27.843066,43.25298]},"properties":{"lines":"41, 83","color":"#0059a9","mode":"bus","arr":["41","83"],"tLines":"83","ntLines":"41","angle":-41.6,"mi":1}},{"type":"Feature","geometry":{"type":"Point","coordinates":[27.840679,43.24787]},"properties":{"lines":"41, 83","color":"#0059a9","mode":"bus","arr":["41","83"],"tLines":"83","ntLines":"41","angle":-87.2,"extra":1,"ei":0}},{"type":"Feature","geometry":{"type":"Point","coordinates":[27.840958,43.249746]},"properties":{"lines":"41, 83","color":"#0059a9","mode":"bus","arr":["41","83"],"tLines":"83","ntLines":"41","angle":-80.6,"extra":1,"ei":1}},{"type":"Feature","geometry":{"type":"Point","coordinates":[27.84158,43.251575]},"properties":{"lines":"41, 83","color":"#0059a9","mode":"bus","arr":["41","83"],"tLines":"83","ntLines":"41","angle":-65.2,"extra":1,"ei":2}},{"type":"Feature","geometry":{"type":"Point","coordinates":[27.845456,43.253907]},"properties":{"lines":"41, 83","color":"#0059a9","mode":"bus","arr":["41","83"],"tLines":"83","ntLines":"41","angle":-15.8,"extra":1,"ei":3}},{"type":"Feature","geometry":{"type":"Point","coordinates":[27.848018,43.253997]},"properties":{"lines":"41, 83","color":"#0059a9","mode":"bus","arr":["41","83"],"tLines":"83","ntLines":"41","angle":9.8,"extra":1,"ei":4}},{"type":"Feature","geometry":{"type":"Point","coordinates":[27.850337,43.253194]},"properties":{"lines":"41, 83","color":"#0059a9","mode":"bus","arr":["41","83"],"tLines":"83","ntLines":"41","angle":34.5,"extra":1,"ei":5}},{"type":"Feature","geometry":{"type":"Point","coordinates":[27.843054,43.241594]},"properties":{"lines":"41, 118","color":"#0059a9","mode":"bus","arr":["41","118"],"angle":46.3,"mi":1}},{"type":"Feature","geometry":{"type":"Point","coordinates":[27.840744,43.245982]},"properties":{"lines":"41, 118","color":"#0059a9","mode":"bus","arr":["41","118"],"angle":87.8,"extra":1,"ei":0}},{"type":"Feature","geometry":{"type":"Point","coordinates":[27.841181,43.244127]},"properties":{"lines":"41, 118","color":"#0059a9","mode":"bus","arr":["41","118"],"angle":75.6,"extra":1,"ei":1}},{"type":"Feature","geometry":{"type":"Point","coordinates":[27.846202,43.240097]},"properties":{"lines":"41, 118","color":"#0059a9","mode":"bus","arr":["41","118"],"angle":27.6,"extra":1,"ei":2}},{"type":"Feature","geometry":{"type":"Point","coordinates":[27.848623,43.239456]},"properties":{"lines":"41, 118","color":"#0059a9","mode":"bus","arr":["41","118"],"angle":6.2,"extra":1,"ei":3}},{"type":"Feature","geometry":{"type":"Point","coordinates":[27.876089,43.231365]},"properties":{"lines":"41","color":"#0059a9","mode":"bus","arr":["41"],"angle":84.3}},{"type":"Feature","geometry":{"type":"Point","coordinates":[27.876424,43.233494]},"properties":{"lines":"41","color":"#0059a9","mode":"bus","arr":["41"],"angle":-80.5,"extra":1,"ei":0}},{"type":"Feature","geometry":{"type":"Point","coordinates":[27.876017,43.229754]},"properties":{"lines":"41","color":"#0059a9","mode":"bus","arr":["41"],"angle":-81,"extra":1,"ei":1}},{"type":"Feature","geometry":{"type":"Point","coordinates":[27.876849,43.228146]},"properties":{"lines":"41, 118","color":"#0059a9","mode":"bus","arr":["41","118"],"angle":10.2}},{"type":"Feature","geometry":{"type":"Point","coordinates":[27.877437,43.227472]},"properties":{"lines":"41","color":"#0059a9","mode":"bus","arr":["41"],"angle":-50.7,"side":-1,"mi":1}},{"type":"Feature","geometry":{"type":"Point","coordinates":[27.850063,43.239879]},"properties":{"lines":"41, 118","color":"#0059a9","mode":"bus","arr":["41","118"],"angle":80.4,"side":-1}},{"type":"Feature","geometry":{"type":"Point","coordinates":[27.930671,43.160733]},"properties":{"lines":"46 Б","color":"#0059a9","mode":"bus","arr":["46 Б"],"angle":-33.9}},{"type":"Feature","geometry":{"type":"Point","coordinates":[27.868043,43.1448]},"properties":{"lines":"55","color":"#0059a9","mode":"bus","arr":["55"],"angle":-67.7}},{"type":"Feature","geometry":{"type":"Point","coordinates":[27.882198,43.15175]},"properties":{"lines":"55","color":"#0059a9","mode":"bus","arr":["55"],"angle":83,"extra":1,"ei":0}},{"type":"Feature","geometry":{"type":"Point","coordinates":[27.882326,43.14988]},"properties":{"lines":"55","color":"#0059a9","mode":"bus","arr":["55"],"angle":-69.5,"extra":1,"ei":1}},{"type":"Feature","geometry":{"type":"Point","coordinates":[27.880339,43.148723]},"properties":{"lines":"55","color":"#0059a9","mode":"bus","arr":["55"],"angle":-29.4,"extra":1,"ei":2}},{"type":"Feature","geometry":{"type":"Point","coordinates":[27.877909,43.148177]},"properties":{"lines":"55","color":"#0059a9","mode":"bus","arr":["55"],"angle":-1,"extra":1,"ei":3}},{"type":"Feature","geometry":{"type":"Point","coordinates":[27.875318,43.148208]},"properties":{"lines":"55","color":"#0059a9","mode":"bus","arr":["55"],"angle":1,"extra":1,"ei":4}},{"type":"Feature","geometry":{"type":"Point","coordinates":[27.872785,43.147887]},"properties":{"lines":"55","color":"#0059a9","mode":"bus","arr":["55"],"angle":-17,"extra":1,"ei":5}},{"type":"Feature","geometry":{"type":"Point","coordinates":[27.87032,43.147308]},"properties":{"lines":"55","color":"#0059a9","mode":"bus","arr":["55"],"angle":-24.6,"extra":1,"ei":6}},{"type":"Feature","geometry":{"type":"Point","coordinates":[27.868676,43.145924]},"properties":{"lines":"55","color":"#0059a9","mode":"bus","arr":["55"],"angle":-67.7,"extra":1,"ei":7}},{"type":"Feature","geometry":{"type":"Point","coordinates":[27.865694,43.143022]},"properties":{"lines":"55","color":"#0059a9","mode":"bus","arr":["55"],"angle":-27.9,"extra":1,"ei":8}},{"type":"Feature","geometry":{"type":"Point","coordinates":[27.863352,43.142213]},"properties":{"lines":"55","color":"#0059a9","mode":"bus","arr":["55"],"angle":-24.9,"extra":1,"ei":9}},{"type":"Feature","geometry":{"type":"Point","coordinates":[27.860999,43.141421]},"properties":{"lines":"55","color":"#0059a9","mode":"bus","arr":["55"],"angle":-24,"extra":1,"ei":10}},{"type":"Feature","geometry":{"type":"Point","coordinates":[27.85863,43.140655]},"properties":{"lines":"55","color":"#0059a9","mode":"bus","arr":["55"],"angle":-23.9,"extra":1,"ei":11}},{"type":"Feature","geometry":{"type":"Point","coordinates":[27.856156,43.140175]},"properties":{"lines":"55","color":"#0059a9","mode":"bus","arr":["55"],"angle":-2,"extra":1,"ei":12}},{"type":"Feature","geometry":{"type":"Point","coordinates":[27.853566,43.140109]},"properties":{"lines":"55","color":"#0059a9","mode":"bus","arr":["55"],"angle":-2,"extra":1,"ei":13}},{"type":"Feature","geometry":{"type":"Point","coordinates":[27.850976,43.140043]},"properties":{"lines":"55","color":"#0059a9","mode":"bus","arr":["55"],"angle":-2,"extra":1,"ei":14}},{"type":"Feature","geometry":{"type":"Point","coordinates":[27.880879,43.143982]},"properties":{"lines":"55","color":"#0059a9","mode":"bus","arr":["55"],"angle":75.8}},{"type":"Feature","geometry":{"type":"Point","coordinates":[27.88093,43.148213]},"properties":{"lines":"55","color":"#0059a9","mode":"bus","arr":["55"],"angle":-72.8,"extra":1,"ei":0}},{"type":"Feature","geometry":{"type":"Point","coordinates":[27.880045,43.14644]},"properties":{"lines":"55","color":"#0059a9","mode":"bus","arr":["55"],"angle":-74.8,"extra":1,"ei":1}},{"type":"Feature","geometry":{"type":"Point","coordinates":[27.881357,43.142835]},"properties":{"lines":"55","color":"#0059a9","mode":"bus","arr":["55"],"angle":50.2,"extra":1,"ei":2}},{"type":"Feature","geometry":{"type":"Point","coordinates":[27.88253,43.141568]},"properties":{"lines":"55","color":"#0059a9","mode":"bus","arr":["55"],"angle":-41,"extra":1,"ei":3}},{"type":"Feature","geometry":{"type":"Point","coordinates":[27.881836,43.13996]},"properties":{"lines":"55","color":"#0059a9","mode":"bus","arr":["55"],"angle":77.6,"extra":1,"ei":4}},{"type":"Feature","geometry":{"type":"Point","coordinates":[27.849652,43.135182]},"properties":{"lines":"55","color":"#0059a9","mode":"bus","arr":["55"],"angle":-63.4}},{"type":"Feature","geometry":{"type":"Point","coordinates":[27.84898,43.139041]},"properties":{"lines":"55","color":"#0059a9","mode":"bus","arr":["55"],"angle":87.8,"extra":1,"ei":0}},{"type":"Feature","geometry":{"type":"Point","coordinates":[27.849049,43.137154]},"properties":{"lines":"55","color":"#0059a9","mode":"bus","arr":["55"],"angle":87.5,"extra":1,"ei":1}},{"type":"Feature","geometry":{"type":"Point","coordinates":[27.847403,43.135162]},"properties":{"lines":"55","color":"#0059a9","mode":"bus","arr":["55"],"angle":-3.9,"extra":1,"ei":2}},{"type":"Feature","geometry":{"type":"Point","coordinates":[27.844956,43.135621]},"properties":{"lines":"55","color":"#0059a9","mode":"bus","arr":["55"],"angle":19.9,"extra":1,"ei":3}},{"type":"Feature","geometry":{"type":"Point","coordinates":[27.873366,43.228516]},"properties":{"lines":"82, 118","color":"#0059a9","mode":"bus","arr":["82","118"],"tLines":"82","ntLines":"118","angle":9.7,"side":-1}},{"type":"Feature","geometry":{"type":"Point","coordinates":[27.869964,43.229015]},"properties":{"lines":"82, 118","color":"#0059a9","mode":"bus","arr":["82","118"],"tLines":"82","ntLines":"118","angle":8.9,"mi":1}},{"type":"Feature","geometry":{"type":"Point","coordinates":[27.876712,43.228088]},"properties":{"lines":"82","color":"#149a3f","mode":"bus","arr":["82"],"angle":11.3,"side":-1}},{"type":"Feature","geometry":{"type":"Point","coordinates":[27.909475,43.212345]},"properties":{"lines":"82, 83, 88","color":"#149a3f","mode":"bus","arr":["82","83","88"],"angle":43.7,"side":-1,"mi":1}},{"type":"Feature","geometry":{"type":"Point","coordinates":[27.907354,43.213826]},"properties":{"lines":"82, 83, 88","color":"#149a3f","mode":"bus","arr":["82","83","88"],"angle":44,"extra":1,"ei":0,"side":-1}},{"type":"Feature","geometry":{"type":"Point","coordinates":[27.911097,43.211213]},"properties":{"lines":"82, 83, 88","color":"#149a3f","mode":"bus","arr":["82","83","88"],"angle":47.6,"extra":1,"ei":1,"side":-1}},{"type":"Feature","geometry":{"type":"Point","coordinates":[27.91273,43.208916]},"properties":{"lines":"82, 83, 88","color":"#149a3f","mode":"bus","arr":["82","83","88"],"angle":67.2,"side":-1}},{"type":"Feature","geometry":{"type":"Point","coordinates":[27.88964,43.229706]},"properties":{"lines":"83, 88, 148","color":"#0059a9","mode":"bus","arr":["83","88","148"],"tLines":"83, 88","ntLines":"148","angle":-81.5}},{"type":"Feature","geometry":{"type":"Point","coordinates":[27.890076,43.231834]},"properties":{"lines":"83, 88, 148","color":"#0059a9","mode":"bus","arr":["83","88","148"],"tLines":"83, 88","ntLines":"148","angle":-82.3,"extra":1,"ei":0}},{"type":"Feature","geometry":{"type":"Point","coordinates":[27.889321,43.228098]},"properties":{"lines":"83, 88, 148","color":"#0059a9","mode":"bus","arr":["83","88","148"],"tLines":"83, 88","ntLines":"148","angle":-81.3,"extra":1,"ei":1}},{"type":"Feature","geometry":{"type":"Point","coordinates":[27.890961,43.236142]},"properties":{"lines":"83","color":"#149a3f","mode":"bus","arr":["83"],"angle":81.9}},{"type":"Feature","geometry":{"type":"Point","coordinates":[27.844237,43.246163]},"properties":{"lines":"83, 118","color":"#0059a9","mode":"bus","arr":["83","118"],"tLines":"83","ntLines":"118","angle":-9.1}},{"type":"Feature","geometry":{"type":"Point","coordinates":[27.846243,43.246316]},"properties":{"lines":"83, 118","color":"#0059a9","mode":"bus","arr":["83","118"],"tLines":"83","ntLines":"118","angle":3.6,"extra":1,"ei":0}},{"type":"Feature","geometry":{"type":"Point","coordinates":[27.841253,43.246727]},"properties":{"lines":"83, 118","color":"#0059a9","mode":"bus","arr":["83","118"],"tLines":"83","ntLines":"118","angle":25.9,"extra":1,"ei":1}},{"type":"Feature","geometry":{"type":"Point","coordinates":[27.889137,43.226602]},"properties":{"lines":"88, 148","color":"#0059a9","mode":"bus","arr":["88","148"],"tLines":"88","ntLines":"148","angle":52.1}},{"type":"Feature","geometry":{"type":"Point","coordinates":[27.897369,43.181967]},"properties":{"lines":"88","color":"#149a3f","mode":"bus","arr":["88"],"angle":-0.2}},{"type":"Feature","geometry":{"type":"Point","coordinates":[28.017184,43.244752]},"properties":{"lines":"109, 409","color":"#0059a9","mode":"bus","arr":["109","409"],"angle":-22.6}},{"type":"Feature","geometry":{"type":"Point","coordinates":[28.016017,43.242993]},"properties":{"lines":"109, 409","color":"#0059a9","mode":"bus","arr":["109","409"],"angle":-70.9,"extra":1,"ei":0,"side":-1}},{"type":"Feature","geometry":{"type":"Point","coordinates":[28.017792,43.258238]},"properties":{"lines":"109, 409","color":"#0059a9","mode":"bus","arr":["109","409"],"angle":44.5}},{"type":"Feature","geometry":{"type":"Point","coordinates":[28.015735,43.256387]},"properties":{"lines":"109, 409","color":"#0059a9","mode":"bus","arr":["109","409"],"angle":-20.9,"mi":3}},{"type":"Feature","geometry":{"type":"Point","coordinates":[28.027421,43.250771]},"properties":{"lines":"109, 409","color":"#0059a9","mode":"bus","arr":["109","409"],"angle":80}},{"type":"Feature","geometry":{"type":"Point","coordinates":[28.018183,43.245592]},"properties":{"lines":"109, 409","color":"#0059a9","mode":"bus","arr":["109","409"],"angle":-62.9,"extra":1,"ei":0}},{"type":"Feature","geometry":{"type":"Point","coordinates":[28.020426,43.246308]},"properties":{"lines":"109, 409","color":"#0059a9","mode":"bus","arr":["109","409"],"angle":4.4,"extra":1,"ei":1}},{"type":"Feature","geometry":{"type":"Point","coordinates":[28.02299,43.24615]},"properties":{"lines":"109, 409","color":"#0059a9","mode":"bus","arr":["109","409"],"angle":-1.5,"extra":1,"ei":2}},{"type":"Feature","geometry":{"type":"Point","coordinates":[28.02549,43.246536]},"properties":{"lines":"109, 409","color":"#0059a9","mode":"bus","arr":["109","409"],"angle":-35.6,"extra":1,"ei":3}},{"type":"Feature","geometry":{"type":"Point","coordinates":[28.027175,43.247965]},"properties":{"lines":"109, 409","color":"#0059a9","mode":"bus","arr":["109","409"],"angle":-50.6,"extra":1,"ei":4}},{"type":"Feature","geometry":{"type":"Point","coordinates":[28.028327,43.253345]},"properties":{"lines":"109, 409","color":"#0059a9","mode":"bus","arr":["109","409"],"angle":-74,"extra":1,"ei":5}},{"type":"Feature","geometry":{"type":"Point","coordinates":[28.028863,43.255189]},"properties":{"lines":"109, 409","color":"#0059a9","mode":"bus","arr":["109","409"],"angle":-81.1,"extra":1,"ei":6}},{"type":"Feature","geometry":{"type":"Point","coordinates":[28.03011,43.256807]},"properties":{"lines":"109, 409","color":"#0059a9","mode":"bus","arr":["109","409"],"angle":-64.9,"extra":1,"ei":7}},{"type":"Feature","geometry":{"type":"Point","coordinates":[28.030403,43.258657]},"properties":{"lines":"109, 409","color":"#0059a9","mode":"bus","arr":["109","409"],"angle":-71.3,"extra":1,"ei":8}},{"type":"Feature","geometry":{"type":"Point","coordinates":[28.031556,43.260341]},"properties":{"lines":"109, 409","color":"#0059a9","mode":"bus","arr":["109","409"],"angle":-52.6,"extra":1,"ei":9}},{"type":"Feature","geometry":{"type":"Point","coordinates":[28.030518,43.262094]},"properties":{"lines":"109, 409","color":"#0059a9","mode":"bus","arr":["109","409"],"angle":50,"mi":4}},{"type":"Feature","geometry":{"type":"Point","coordinates":[28.025148,43.259773]},"properties":{"lines":"109, 409","color":"#0059a9","mode":"bus","arr":["109","409"],"angle":-25.7,"mi":1}},{"type":"Feature","geometry":{"type":"Point","coordinates":[28.028229,43.262139]},"properties":{"lines":"109, 409","color":"#0059a9","mode":"bus","arr":["109","409"],"angle":-80.9,"extra":1,"ei":0}},{"type":"Feature","geometry":{"type":"Point","coordinates":[28.026946,43.26052]},"properties":{"lines":"109, 409","color":"#0059a9","mode":"bus","arr":["109","409"],"angle":-47,"extra":1,"ei":1}},{"type":"Feature","geometry":{"type":"Point","coordinates":[28.022379,43.258763]},"properties":{"lines":"109, 409","color":"#0059a9","mode":"bus","arr":["109","409"],"angle":-25.7,"extra":1,"ei":2}},{"type":"Feature","geometry":{"type":"Point","coordinates":[28.020003,43.258018]},"properties":{"lines":"109, 409","color":"#0059a9","mode":"bus","arr":["109","409"],"angle":-16.2,"extra":1,"ei":3}},{"type":"Feature","geometry":{"type":"Point","coordinates":[28.016984,43.257507]},"properties":{"lines":"109, 409","color":"#0059a9","mode":"bus","arr":["109","409"],"angle":-13.6,"mi":2}},{"type":"Feature","geometry":{"type":"Point","coordinates":[28.043795,43.297701]},"properties":{"lines":"109, 209 Б","color":"#0059a9","mode":"bus","arr":["109","209 Б"],"angle":-71.1}},{"type":"Feature","geometry":{"type":"Point","coordinates":[28.038017,43.288682]},"properties":{"lines":"109, 209 Б","color":"#0059a9","mode":"bus","arr":["109","209 Б"],"angle":-58.8,"extra":1,"ei":0}},{"type":"Feature","geometry":{"type":"Point","coordinates":[28.038672,43.290498]},"properties":{"lines":"109, 209 Б","color":"#0059a9","mode":"bus","arr":["109","209 Б"],"angle":-72.6,"extra":1,"ei":1}},{"type":"Feature","geometry":{"type":"Point","coordinates":[28.040672,43.291539]},"properties":{"lines":"109, 209 Б","color":"#0059a9","mode":"bus","arr":["109","209 Б"],"angle":-16.3,"extra":1,"ei":2}},{"type":"Feature","geometry":{"type":"Point","coordinates":[28.042506,43.292761]},"properties":{"lines":"109, 209 Б","color":"#0059a9","mode":"bus","arr":["109","209 Б"],"angle":-54.8,"extra":1,"ei":3}},{"type":"Feature","geometry":{"type":"Point","coordinates":[28.042942,43.294544]},"properties":{"lines":"109, 209 Б","color":"#0059a9","mode":"bus","arr":["109","209 Б"],"angle":-89.9,"extra":1,"ei":4}},{"type":"Feature","geometry":{"type":"Point","coordinates":[28.043392,43.296398]},"properties":{"lines":"109, 209 Б","color":"#0059a9","mode":"bus","arr":["109","209 Б"],"angle":-79.5,"extra":1,"ei":5}},{"type":"Feature","geometry":{"type":"Point","coordinates":[28.046049,43.299402]},"properties":{"lines":"109, 209 Б","color":"#0059a9","mode":"bus","arr":["109","209 Б"],"angle":-34.5,"extra":1,"ei":6}},{"type":"Feature","geometry":{"type":"Point","coordinates":[28.047407,43.300938]},"properties":{"lines":"109, 209 Б","color":"#0059a9","mode":"bus","arr":["109","209 Б"],"angle":-68.2,"extra":1,"ei":7}},{"type":"Feature","geometry":{"type":"Point","coordinates":[28.048737,43.302554]},"properties":{"lines":"109, 209 Б","color":"#0059a9","mode":"bus","arr":["109","209 Б"],"angle":-59.1,"extra":1,"ei":8}},{"type":"Feature","geometry":{"type":"Point","coordinates":[28.049995,43.304205]},"properties":{"lines":"109, 209 Б","color":"#0059a9","mode":"bus","arr":["109","209 Б"],"angle":-65.4,"extra":1,"ei":9}},{"type":"Feature","geometry":{"type":"Point","coordinates":[28.050859,43.30598]},"properties":{"lines":"109, 209 Б","color":"#0059a9","mode":"bus","arr":["109","209 Б"],"angle":-65.2,"extra":1,"ei":10}},{"type":"Feature","geometry":{"type":"Point","coordinates":[27.860576,43.22811]},"properties":{"lines":"118","color":"#0059a9","mode":"bus","arr":["118"],"angle":-59.9,"mi":4}},{"type":"Feature","geometry":{"type":"Point","coordinates":[27.863627,43.231846]},"properties":{"lines":"118","color":"#0059a9","mode":"bus","arr":["118"],"angle":-61.7,"side":-1,"mi":2}},{"type":"Feature","geometry":{"type":"Point","coordinates":[27.859724,43.226794]},"properties":{"lines":"118","color":"#0059a9","mode":"bus","arr":["118"],"angle":-62.3,"extra":1,"ei":0,"side":-1}},{"type":"Feature","geometry":{"type":"Point","coordinates":[27.862285,43.230078]},"properties":{"lines":"118","color":"#0059a9","mode":"bus","arr":["118"],"angle":-53.6,"extra":1,"ei":1,"side":-1}},{"type":"Feature","geometry":{"type":"Point","coordinates":[27.873381,43.228586]},"properties":{"lines":"118","color":"#0059a9","mode":"bus","arr":["118"],"angle":9.3,"mi":7}},{"type":"Feature","geometry":{"type":"Point","coordinates":[27.869936,43.228939]},"properties":{"lines":"118","color":"#0059a9","mode":"bus","arr":["118"],"angle":8.8,"side":-1,"mi":5}},{"type":"Feature","geometry":{"type":"Point","coordinates":[27.820817,43.218499]},"properties":{"lines":"118","color":"#0059a9","mode":"bus","arr":["118"],"angle":-88.3}},{"type":"Feature","geometry":{"type":"Point","coordinates":[27.856279,43.235479]},"properties":{"lines":"118","color":"#0059a9","mode":"bus","arr":["118"],"angle":-57.7,"mi":3}},{"type":"Feature","geometry":{"type":"Point","coordinates":[27.859707,43.234204]},"properties":{"lines":"118","color":"#0059a9","mode":"bus","arr":["118"],"angle":19.2}},{"type":"Feature","geometry":{"type":"Point","coordinates":[27.857242,43.234861]},"properties":{"lines":"118","color":"#0059a9","mode":"bus","arr":["118"],"angle":20.2,"extra":1,"ei":0}},{"type":"Feature","geometry":{"type":"Point","coordinates":[27.862119,43.23358]},"properties":{"lines":"118","color":"#0059a9","mode":"bus","arr":["118"],"angle":19.4,"extra":1,"ei":1}},{"type":"Feature","geometry":{"type":"Point","coordinates":[27.86391,43.233169]},"properties":{"lines":"118","color":"#0059a9","mode":"bus","arr":["118"],"angle":59.1,"side":-1,"mi":1}},{"type":"Feature","geometry":{"type":"Point","coordinates":[27.884546,43.233592]},"properties":{"lines":"148, 209, 209 Б","color":"#0059a9","mode":"bus","arr":["148","209","209 Б"],"angle":11.2}},{"type":"Feature","geometry":{"type":"Point","coordinates":[27.888947,43.23299]},"properties":{"lines":"148, 209, 209 Б","color":"#0059a9","mode":"bus","arr":["148","209","209 Б"],"angle":0.1,"mi":1}},{"type":"Feature","geometry":{"type":"Point","coordinates":[27.88158,43.233993]},"properties":{"lines":"148, 209, 209 Б","color":"#0059a9","mode":"bus","arr":["148","209","209 Б"],"angle":10.6,"extra":1,"ei":0}},{"type":"Feature","geometry":{"type":"Point","coordinates":[27.886675,43.233299]},"properties":{"lines":"148, 209, 209 Б","color":"#0059a9","mode":"bus","arr":["148","209","209 Б"],"angle":10.6,"extra":1,"ei":1}},{"type":"Feature","geometry":{"type":"Point","coordinates":[27.890078,43.232677]},"properties":{"lines":"148","color":"#0059a9","mode":"bus","arr":["148"],"angle":53.1,"side":-1,"mi":1}},{"type":"Feature","geometry":{"type":"Point","coordinates":[27.889087,43.227629]},"properties":{"lines":"148","color":"#0059a9","mode":"bus","arr":["148"],"angle":-81.3}},{"type":"Feature","geometry":{"type":"Point","coordinates":[27.890119,43.22196]},"properties":{"lines":"148","color":"#0059a9","mode":"bus","arr":["148"],"angle":-65,"side":-1,"mi":2}},{"type":"Feature","geometry":{"type":"Point","coordinates":[27.891518,43.223488]},"properties":{"lines":"148","color":"#0059a9","mode":"bus","arr":["148"],"angle":-39.7,"extra":1,"ei":0}},{"type":"Feature","geometry":{"type":"Point","coordinates":[27.888776,43.220344]},"properties":{"lines":"148","color":"#0059a9","mode":"bus","arr":["148"],"angle":-59,"extra":1,"ei":1}},{"type":"Feature","geometry":{"type":"Point","coordinates":[27.870293,43.233855]},"properties":{"lines":"148, 209, 209 Б","color":"#0059a9","mode":"bus","arr":["148","209","209 Б"],"angle":56.4}},{"type":"Feature","geometry":{"type":"Point","coordinates":[27.94009,43.223493]},"properties":{"lines":"209","color":"#0059a9","mode":"bus","arr":["209"],"angle":-75.4}},{"type":"Feature","geometry":{"type":"Point","coordinates":[27.941715,43.223553]},"properties":{"lines":"209","color":"#0059a9","mode":"bus","arr":["209"],"angle":-51.2,"extra":1,"ei":0}},{"type":"Feature","geometry":{"type":"Point","coordinates":[27.92534,43.225668]},"properties":{"lines":"209","color":"#0059a9","mode":"bus","arr":["209"],"angle":-80.9,"mi":2}},{"type":"Feature","geometry":{"type":"Point","coordinates":[27.926683,43.221036]},"properties":{"lines":"209","color":"#0059a9","mode":"bus","arr":["209"],"angle":-14.7}},{"type":"Feature","geometry":{"type":"Point","coordinates":[27.925831,43.22058]},"properties":{"lines":"209","color":"#0059a9","mode":"bus","arr":["209"],"angle":-1.8,"side":-1,"mi":1}},{"type":"Feature","geometry":{"type":"Point","coordinates":[27.909659,43.218722]},"properties":{"lines":"209 Б","color":"#0059a9","mode":"bus","arr":["209 Б"],"angle":-20.7,"mi":1}},{"type":"Feature","geometry":{"type":"Point","coordinates":[27.91887,43.220253]},"properties":{"lines":"209 Б","color":"#0059a9","mode":"bus","arr":["209 Б"],"angle":11.5,"side":-1,"mi":3}},{"type":"Feature","geometry":{"type":"Point","coordinates":[27.90905,43.219062]},"properties":{"lines":"209 Б","color":"#0059a9","mode":"bus","arr":["209 Б"],"angle":-4.7,"mi":2}},{"type":"Feature","geometry":{"type":"Point","coordinates":[27.851138,43.251116]},"properties":{"lines":"209 Б","color":"#0059a9","mode":"bus","arr":["209 Б"],"angle":19.8}},{"type":"Feature","geometry":{"type":"Point","coordinates":[27.912357,43.219992]},"properties":{"lines":"209 Б","color":"#0059a9","mode":"bus","arr":["209 Б"],"angle":-28.9}},{"type":"Feature","geometry":{"type":"Point","coordinates":[27.934562,43.219004]},"properties":{"lines":"209 Б","color":"#0059a9","mode":"bus","arr":["209 Б"],"angle":8.2}},{"type":"Feature","geometry":{"type":"Point","coordinates":[27.910696,43.219328]},"properties":{"lines":"209 Б","color":"#0059a9","mode":"bus","arr":["209 Б"],"angle":-26.7,"extra":1,"ei":0}},{"type":"Feature","geometry":{"type":"Point","coordinates":[27.976361,43.221529]},"properties":{"lines":"209 Б, 409","color":"#0059a9","mode":"bus","arr":["209 Б","409"],"angle":-49,"side":-1}},{"type":"Feature","geometry":{"type":"Point","coordinates":[27.82032,43.253522]},"properties":{"lines":"409","color":"#0059a9","mode":"bus","arr":["409"],"angle":72.5}},{"type":"Feature","geometry":{"type":"Point","coordinates":[27.814095,43.262462]},"properties":{"lines":"409","color":"#0059a9","mode":"bus","arr":["409"],"angle":48,"extra":1,"ei":0}},{"type":"Feature","geometry":{"type":"Point","coordinates":[27.815675,43.260966]},"properties":{"lines":"409","color":"#0059a9","mode":"bus","arr":["409"],"angle":53.9,"extra":1,"ei":1}},{"type":"Feature","geometry":{"type":"Point","coordinates":[27.817193,43.259435]},"properties":{"lines":"409","color":"#0059a9","mode":"bus","arr":["409"],"angle":53.9,"extra":1,"ei":2}},{"type":"Feature","geometry":{"type":"Point","coordinates":[27.818328,43.257766]},"properties":{"lines":"409","color":"#0059a9","mode":"bus","arr":["409"],"angle":76.7,"extra":1,"ei":3}},{"type":"Feature","geometry":{"type":"Point","coordinates":[27.819129,43.255985]},"properties":{"lines":"409","color":"#0059a9","mode":"bus","arr":["409"],"angle":60.3,"extra":1,"ei":4}},{"type":"Feature","geometry":{"type":"Point","coordinates":[27.82197,43.250725]},"properties":{"lines":"409","color":"#0059a9","mode":"bus","arr":["409"],"angle":66.1,"extra":1,"ei":5}},{"type":"Feature","geometry":{"type":"Point","coordinates":[27.823156,43.249061]},"properties":{"lines":"409","color":"#0059a9","mode":"bus","arr":["409"],"angle":45.4,"extra":1,"ei":6}},{"type":"Feature","geometry":{"type":"Point","coordinates":[27.825092,43.247805]},"properties":{"lines":"409","color":"#0059a9","mode":"bus","arr":["409"],"angle":42.1,"extra":1,"ei":7}},{"type":"Feature","geometry":{"type":"Point","coordinates":[27.827022,43.246544]},"properties":{"lines":"409","color":"#0059a9","mode":"bus","arr":["409"],"angle":42.2,"extra":1,"ei":8}},{"type":"Feature","geometry":{"type":"Point","coordinates":[27.829072,43.245433]},"properties":{"lines":"409","color":"#0059a9","mode":"bus","arr":["409"],"angle":8.7,"extra":1,"ei":9}},{"type":"Feature","geometry":{"type":"Point","coordinates":[27.834017,43.241434]},"properties":{"lines":"409","color":"#0059a9","mode":"bus","arr":["409"],"angle":-26.8}},{"type":"Feature","geometry":{"type":"Point","coordinates":[27.836122,43.239895]},"properties":{"lines":"409","color":"#0059a9","mode":"bus","arr":["409"],"angle":-65.7,"mi":3}},{"type":"Feature","geometry":{"type":"Point","coordinates":[27.830884,43.244692]},"properties":{"lines":"409","color":"#0059a9","mode":"bus","arr":["409"],"angle":53,"mi":4}},{"type":"Feature","geometry":{"type":"Point","coordinates":[27.832977,43.240222]},"properties":{"lines":"409","color":"#0059a9","mode":"bus","arr":["409"],"angle":89.5,"mi":1}},{"type":"Feature","geometry":{"type":"Point","coordinates":[27.832541,43.243111]},"properties":{"lines":"409","color":"#0059a9","mode":"bus","arr":["409"],"angle":50.6,"extra":1,"ei":0}},{"type":"Feature","geometry":{"type":"Point","coordinates":[27.855139,43.230446]},"properties":{"lines":"409","color":"#0059a9","mode":"bus","arr":["409"],"angle":31.7}},{"type":"Feature","geometry":{"type":"Point","coordinates":[27.840122,43.237141]},"properties":{"lines":"409","color":"#0059a9","mode":"bus","arr":["409"],"angle":32.5,"extra":1,"ei":0,"side":-1}},{"type":"Feature","geometry":{"type":"Point","coordinates":[27.842326,43.236148]},"properties":{"lines":"409","color":"#0059a9","mode":"bus","arr":["409"],"angle":31.9,"extra":1,"ei":1,"side":-1}},{"type":"Feature","geometry":{"type":"Point","coordinates":[27.844526,43.23515]},"properties":{"lines":"409","color":"#0059a9","mode":"bus","arr":["409"],"angle":31.9,"extra":1,"ei":2,"side":-1}},{"type":"Feature","geometry":{"type":"Point","coordinates":[27.846727,43.234151]},"properties":{"lines":"409","color":"#0059a9","mode":"bus","arr":["409"],"angle":31.9,"extra":1,"ei":3,"side":-1}},{"type":"Feature","geometry":{"type":"Point","coordinates":[27.848927,43.233153]},"properties":{"lines":"409","color":"#0059a9","mode":"bus","arr":["409"],"angle":31.9,"extra":1,"ei":4,"side":-1}},{"type":"Feature","geometry":{"type":"Point","coordinates":[27.851125,43.232152]},"properties":{"lines":"409","color":"#0059a9","mode":"bus","arr":["409"],"angle":32.7,"extra":1,"ei":5,"side":-1}},{"type":"Feature","geometry":{"type":"Point","coordinates":[27.853312,43.231139]},"properties":{"lines":"409","color":"#0059a9","mode":"bus","arr":["409"],"angle":33.4,"extra":1,"ei":6,"side":-1}},{"type":"Feature","geometry":{"type":"Point","coordinates":[27.858971,43.228549]},"properties":{"lines":"409","color":"#0059a9","mode":"bus","arr":["409"],"angle":32.6,"extra":1,"ei":0,"side":-1}},{"type":"Feature","geometry":{"type":"Point","coordinates":[27.861136,43.227512]},"properties":{"lines":"409","color":"#0059a9","mode":"bus","arr":["409"],"angle":34.8,"extra":1,"ei":1,"side":-1}},{"type":"Feature","geometry":{"type":"Point","coordinates":[27.863231,43.2264]},"properties":{"lines":"409","color":"#0059a9","mode":"bus","arr":["409"],"angle":37.4,"extra":1,"ei":2,"side":-1}},{"type":"Feature","geometry":{"type":"Point","coordinates":[27.865259,43.225225]},"properties":{"lines":"409","color":"#0059a9","mode":"bus","arr":["409"],"angle":39.6,"extra":1,"ei":3,"side":-1}},{"type":"Feature","geometry":{"type":"Point","coordinates":[27.867243,43.224009]},"properties":{"lines":"409","color":"#0059a9","mode":"bus","arr":["409"],"angle":40.5,"extra":1,"ei":4}},{"type":"Feature","geometry":{"type":"Point","coordinates":[27.868854,43.223233]},"properties":{"lines":"409","color":"#0059a9","mode":"bus","arr":["409"],"angle":32.4,"extra":1,"ei":0}},{"type":"Feature","geometry":{"type":"Point","coordinates":[27.836398,43.240764]},"properties":{"lines":"409","color":"#0059a9","mode":"bus","arr":["409"],"angle":38.2,"mi":2}}]}