{"type":"FeatureCollection","features":[{"type":"Feature","properties":{"lines":"1, 7, 118","arr":["1","7","118"],"mode":"bus","angle":-71.2,"l0":"1, ","c0":"#ab0377","l1":"7, ","c1":"#1777eb","l2":"118","c2":"#6b5806"},"geometry":{"type":"Point","coordinates":[27.856888,43.226909]}},{"type":"Feature","properties":{"lines":"7","arr":["7"],"mode":"bus","angle":-88.2,"l0":"7","c0":"#1777eb"},"geometry":{"type":"Point","coordinates":[27.856093,43.226915]}},{"type":"Feature","properties":{"lines":"7","arr":["7"],"mode":"bus","angle":66.3,"side":-1,"l0":"7","c0":"#1777eb"},"geometry":{"type":"Point","coordinates":[27.905395,43.221743]}},{"type":"Feature","properties":{"lines":"7","arr":["7"],"mode":"bus","angle":81.6,"side":-1,"l0":"7","c0":"#1777eb"},"geometry":{"type":"Point","coordinates":[27.934069,43.218885]}},{"type":"Feature","properties":{"lines":"7","arr":["7"],"mode":"bus","angle":73.8,"side":-1,"mi":1,"l0":"7","c0":"#1777eb"},"geometry":{"type":"Point","coordinates":[27.936765,43.219868]}},{"type":"Feature","properties":{"lines":"7","arr":["7"],"mode":"bus","angle":28.6,"mi":1,"l0":"7","c0":"#1777eb"},"geometry":{"type":"Point","coordinates":[27.859596,43.219108]}},{"type":"Feature","properties":{"lines":"7","arr":["7"],"mode":"bus","angle":21.8,"l0":"7","c0":"#1777eb"},"geometry":{"type":"Point","coordinates":[27.950898,43.215571]}},{"type":"Feature","properties":{"lines":"7","arr":["7"],"mode":"bus","angle":73.8,"mi":8,"l0":"7","c0":"#1777eb"},"geometry":{"type":"Point","coordinates":[27.874105,43.211341]}},{"type":"Feature","properties":{"lines":"7","arr":["7"],"mode":"bus","angle":-52.3,"mi":2,"l0":"7","c0":"#1777eb"},"geometry":{"type":"Point","coordinates":[27.8744,43.22211]}},{"type":"Feature","properties":{"lines":"18, 118","arr":["18","118"],"mode":"bus","angle":5.6,"l0":"18, ","c0":"#79a620","l1":"118","c1":"#6b5806"},"geometry":{"type":"Point","coordinates":[27.840749,43.228407]}},{"type":"Feature","properties":{"lines":"18, 118","arr":["18","118"],"mode":"bus","angle":21.1,"extra":1,"ei":0,"l0":"18, ","c0":"#79a620","l1":"118","c1":"#6b5806"},"geometry":{"type":"Point","coordinates":[27.855436,43.226723]}},{"type":"Feature","properties":{"lines":"18, 118","arr":["18","118"],"mode":"bus","angle":16.7,"extra":1,"ei":1,"l0":"18, ","c0":"#79a620","l1":"118","c1":"#6b5806"},"geometry":{"type":"Point","coordinates":[27.853003,43.227371]}},{"type":"Feature","properties":{"lines":"18, 118","arr":["18","118"],"mode":"bus","angle":6.8,"extra":1,"ei":2,"l0":"18, ","c0":"#79a620","l1":"118","c1":"#6b5806"},"geometry":{"type":"Point","coordinates":[27.85045,43.227676]}},{"type":"Feature","properties":{"lines":"18, 118","arr":["18","118"],"mode":"bus","angle":5.8,"extra":1,"ei":3,"l0":"18, ","c0":"#79a620","l1":"118","c1":"#6b5806"},"geometry":{"type":"Point","coordinates":[27.847873,43.22788]}},{"type":"Feature","properties":{"lines":"18, 118","arr":["18","118"],"mode":"bus","angle":5.9,"extra":1,"ei":4,"l0":"18, ","c0":"#79a620","l1":"118","c1":"#6b5806"},"geometry":{"type":"Point","coordinates":[27.845295,43.228072]}},{"type":"Feature","properties":{"lines":"18, 118","arr":["18","118"],"mode":"bus","angle":5.8,"extra":1,"ei":5,"l0":"18, ","c0":"#79a620","l1":"118","c1":"#6b5806"},"geometry":{"type":"Point","coordinates":[27.842717,43.228265]}},{"type":"Feature","properties":{"lines":"18, 118","arr":["18","118"],"mode":"bus","angle":5.6,"extra":1,"ei":6,"l0":"18, ","c0":"#79a620","l1":"118","c1":"#6b5806"},"geometry":{"type":"Point","coordinates":[27.837558,43.228637]}},{"type":"Feature","properties":{"lines":"18, 118","arr":["18","118"],"mode":"bus","angle":5.6,"extra":1,"ei":7,"l0":"18, ","c0":"#79a620","l1":"118","c1":"#6b5806"},"geometry":{"type":"Point","coordinates":[27.834979,43.228823]}},{"type":"Feature","properties":{"lines":"18, 118","arr":["18","118"],"mode":"bus","angle":5.6,"extra":1,"ei":8,"l0":"18, ","c0":"#79a620","l1":"118","c1":"#6b5806"},"geometry":{"type":"Point","coordinates":[27.8324,43.229008]}},{"type":"Feature","properties":{"lines":"18, 118","arr":["18","118"],"mode":"bus","angle":4.1,"extra":1,"ei":9,"l0":"18, ","c0":"#79a620","l1":"118","c1":"#6b5806"},"geometry":{"type":"Point","coordinates":[27.829818,43.229175]}},{"type":"Feature","properties":{"lines":"18, 118","arr":["18","118"],"mode":"bus","angle":2.5,"extra":1,"ei":10,"l0":"18, ","c0":"#79a620","l1":"118","c1":"#6b5806"},"geometry":{"type":"Point","coordinates":[27.827229,43.229268]}},{"type":"Feature","properties":{"lines":"18, 118","arr":["18","118"],"mode":"bus","angle":4.5,"extra":1,"ei":11,"l0":"18, ","c0":"#79a620","l1":"118","c1":"#6b5806"},"geometry":{"type":"Point","coordinates":[27.824642,43.229369]}},{"type":"Feature","properties":{"lines":"1, 7, 18, 118","arr":["1","7","18","118"],"mode":"bus","angle":-33.1,"l0":"1, ","c0":"#ab0377","l1":"7, ","c1":"#1777eb","l2":"18, ","c2":"#79a620","l3":"118","c3":"#6b5806"},"geometry":{"type":"Point","coordinates":[27.857914,43.226043]}},{"type":"Feature","properties":{"lines":"1, 7","arr":["1","7"],"mode":"bus","angle":88.5,"side":-1,"mi":4,"l0":"1, ","c0":"#ab0377","l1":"7","c1":"#1777eb"},"geometry":{"type":"Point","coordinates":[27.857905,43.222162]}},{"type":"Feature","properties":{"lines":"1, 7","arr":["1","7"],"mode":"bus","angle":68,"side":-1,"mi":1,"l0":"1, ","c0":"#ab0377","l1":"7","c1":"#1777eb"},"geometry":{"type":"Point","coordinates":[27.859797,43.218126]}},{"type":"Feature","properties":{"lines":"1, 7","arr":["1","7"],"mode":"bus","angle":-77.6,"extra":1,"ei":0,"l0":"1, ","c0":"#ab0377","l1":"7","c1":"#1777eb"},"geometry":{"type":"Point","coordinates":[27.858432,43.224609]}},{"type":"Feature","properties":{"lines":"1, 7","arr":["1","7"],"mode":"bus","angle":70.7,"side":-1,"extra":1,"ei":1,"l0":"1, ","c0":"#ab0377","l1":"7","c1":"#1777eb"},"geometry":{"type":"Point","coordinates":[27.85822,43.220896]}},{"type":"Feature","properties":{"lines":"1","arr":["1"],"mode":"bus","angle":66.7,"l0":"1","c0":"#ab0377"},"geometry":{"type":"Point","coordinates":[27.859517,43.218909]}},{"type":"Feature","properties":{"lines":"1, 7","arr":["1","7"],"mode":"bus","angle":-88.4,"mi":2,"l0":"1, ","c0":"#ab0377","l1":"7","c1":"#1777eb"},"geometry":{"type":"Point","coordinates":[27.859658,43.216406]}},{"type":"Feature","properties":{"lines":"1, 7","arr":["1","7"],"mode":"bus","angle":75.6,"l0":"1, ","c0":"#ab0377","l1":"7","c1":"#1777eb"},"geometry":{"type":"Point","coordinates":[27.859947,43.218996]}},{"type":"Feature","properties":{"lines":"1, 7","arr":["1","7"],"mode":"bus","angle":12.5,"side":-1,"mi":6,"l0":"1, ","c0":"#ab0377","l1":"7","c1":"#1777eb"},"geometry":{"type":"Point","coordinates":[27.871949,43.222045]}},{"type":"Feature","properties":{"lines":"1, 7","arr":["1","7"],"mode":"bus","angle":36.7,"mi":5,"l0":"1, ","c0":"#ab0377","l1":"7","c1":"#1777eb"},"geometry":{"type":"Point","coordinates":[27.857305,43.216118]}},{"type":"Feature","properties":{"lines":"1, 7","arr":["1","7"],"mode":"bus","angle":-19.3,"mi":3,"l0":"1, ","c0":"#ab0377","l1":"7","c1":"#1777eb"},"geometry":{"type":"Point","coordinates":[27.86636,43.219065]}},{"type":"Feature","properties":{"lines":"1, 7","arr":["1","7"],"mode":"bus","angle":5.7,"extra":1,"ei":0,"l0":"1, ","c0":"#ab0377","l1":"7","c1":"#1777eb"},"geometry":{"type":"Point","coordinates":[27.861285,43.219001]}},{"type":"Feature","properties":{"lines":"1, 7","arr":["1","7"],"mode":"bus","angle":-1.1,"extra":1,"ei":1,"l0":"1, ","c0":"#ab0377","l1":"7","c1":"#1777eb"},"geometry":{"type":"Point","coordinates":[27.86387,43.218895]}},{"type":"Feature","properties":{"lines":"1, 7","arr":["1","7"],"mode":"bus","angle":-55.4,"extra":1,"ei":2,"l0":"1, ","c0":"#ab0377","l1":"7","c1":"#1777eb"},"geometry":{"type":"Point","coordinates":[27.86862,43.220091]}},{"type":"Feature","properties":{"lines":"1, 7","arr":["1","7"],"mode":"bus","angle":-79,"extra":1,"ei":3,"l0":"1, ","c0":"#ab0377","l1":"7","c1":"#1777eb"},"geometry":{"type":"Point","coordinates":[27.869173,43.221931]}},{"type":"Feature","properties":{"lines":"1, 7, 18","arr":["1","7","18"],"mode":"bus","angle":7.6,"side":-1,"l0":"1, ","c0":"#ab0377","l1":"7, ","c1":"#1777eb","l2":"18","c2":"#79a620"},"geometry":{"type":"Point","coordinates":[27.869688,43.222707]}},{"type":"Feature","properties":{"lines":"1, 7, 18, 22, 122, 409","arr":["1","7","18","22","122","409"],"mode":"bus","angle":13.2,"l0":"1, ","c0":"#ab0377","l1":"7, ","c1":"#1777eb","l2":"18, ","c2":"#79a620","l3":"22, ","c3":"#ff627e","l4":"122, ","c4":"#cf8a11","l5":"409","c5":"#7c5001"},"geometry":{"type":"Point","coordinates":[27.872249,43.22221]}},{"type":"Feature","properties":{"lines":"1, 18, 22, 41, 122, 409","arr":["1","18","22","41","122","409"],"mode":"bus","angle":12.4,"l0":"1, ","c0":"#ab0377","l1":"18, ","c1":"#79a620","l2":"22, ","c2":"#ff627e","l3":"41, ","c3":"#1cab97","l4":"122, ","c4":"#cf8a11","l5":"409","c5":"#7c5001"},"geometry":{"type":"Point","coordinates":[27.881488,43.2208]}},{"type":"Feature","properties":{"lines":"1, 18, 22, 41, 122, 409","arr":["1","18","22","41","122","409"],"mode":"bus","angle":12.5,"side":-1,"extra":1,"ei":0,"l0":"1, ","c0":"#ab0377","l1":"18, ","c1":"#79a620","l2":"22, ","c2":"#ff627e","l3":"41, ","c3":"#1cab97","l4":"122, ","c4":"#cf8a11","l5":"409","c5":"#7c5001"},"geometry":{"type":"Point","coordinates":[27.875947,43.22158]}},{"type":"Feature","properties":{"lines":"1, 18, 22, 41, 122, 409","arr":["1","18","22","41","122","409"],"mode":"bus","angle":12.5,"side":-1,"extra":1,"ei":1,"l0":"1, ","c0":"#ab0377","l1":"18, ","c1":"#79a620","l2":"22, ","c2":"#ff627e","l3":"41, ","c3":"#1cab97","l4":"122, ","c4":"#cf8a11","l5":"409","c5":"#7c5001"},"geometry":{"type":"Point","coordinates":[27.878478,43.221173]}},{"type":"Feature","properties":{"lines":"1, 18, 22, 41, 122, 409","arr":["1","18","22","41","122","409"],"mode":"bus","angle":12.5,"side":-1,"extra":1,"ei":2,"l0":"1, ","c0":"#ab0377","l1":"18, ","c1":"#79a620","l2":"22, ","c2":"#ff627e","l3":"41, ","c3":"#1cab97","l4":"122, ","c4":"#cf8a11","l5":"409","c5":"#7c5001"},"geometry":{"type":"Point","coordinates":[27.88354,43.220358]}},{"type":"Feature","properties":{"lines":"1, 18, 22, 41, 122, 409","arr":["1","18","22","41","122","409"],"mode":"bus","angle":13.6,"side":-1,"extra":1,"ei":3,"l0":"1, ","c0":"#ab0377","l1":"18, ","c1":"#79a620","l2":"22, ","c2":"#ff627e","l3":"41, ","c3":"#1cab97","l4":"122, ","c4":"#cf8a11","l5":"409","c5":"#7c5001"},"geometry":{"type":"Point","coordinates":[27.88607,43.21995]}},{"type":"Feature","properties":{"lines":"1, 18, 22, 41, 122, 148, 409","arr":["1","18","22","41","122","148","409"],"mode":"bus","angle":31.5,"side":-1,"l0":"1, ","c0":"#ab0377","l1":"18, ","c1":"#79a620","l2":"22, ","c2":"#ff627e","l3":"41, ","c3":"#1cab97","l4":"122, ","c4":"#cf8a11","l5":"148, ","c5":"#10a5d2","l6":"409","c6":"#7c5001"},"geometry":{"type":"Point","coordinates":[27.892655,43.217235]}},{"type":"Feature","properties":{"lines":"1, 18, 22, 41, 122, 148, 409","arr":["1","18","22","41","122","148","409"],"mode":"bus","angle":30.2,"side":-1,"mi":1,"l0":"1, ","c0":"#ab0377","l1":"18, ","c1":"#79a620","l2":"22, ","c2":"#ff627e","l3":"41, ","c3":"#1cab97","l4":"122, ","c4":"#cf8a11","l5":"148, ","c5":"#10a5d2","l6":"409","c6":"#7c5001"},"geometry":{"type":"Point","coordinates":[27.900945,43.213592]}},{"type":"Feature","properties":{"lines":"1, 18, 22, 41, 122, 148, 409","arr":["1","18","22","41","122","148","409"],"mode":"bus","angle":31.6,"side":-1,"extra":1,"ei":0,"l0":"1, ","c0":"#ab0377","l1":"18, ","c1":"#79a620","l2":"22, ","c2":"#ff627e","l3":"41, ","c3":"#1cab97","l4":"122, ","c4":"#cf8a11","l5":"148, ","c5":"#10a5d2","l6":"409","c6":"#7c5001"},"geometry":{"type":"Point","coordinates":[27.889036,43.218855]}},{"type":"Feature","properties":{"lines":"1, 18, 22, 41, 122, 148, 409","arr":["1","18","22","41","122","148","409"],"mode":"bus","angle":31.5,"side":-1,"extra":1,"ei":1,"l0":"1, ","c0":"#ab0377","l1":"18, ","c1":"#79a620","l2":"22, ","c2":"#ff627e","l3":"41, ","c3":"#1cab97","l4":"122, ","c4":"#cf8a11","l5":"148, ","c5":"#10a5d2","l6":"409","c6":"#7c5001"},"geometry":{"type":"Point","coordinates":[27.891244,43.217867]}},{"type":"Feature","properties":{"lines":"1, 18, 22, 41, 122, 148, 409","arr":["1","18","22","41","122","148","409"],"mode":"bus","angle":31.2,"side":-1,"extra":1,"ei":2,"l0":"1, ","c0":"#ab0377","l1":"18, ","c1":"#79a620","l2":"22, ","c2":"#ff627e","l3":"41, ","c3":"#1cab97","l4":"122, ","c4":"#cf8a11","l5":"148, ","c5":"#10a5d2","l6":"409","c6":"#7c5001"},"geometry":{"type":"Point","coordinates":[27.895667,43.215896]}},{"type":"Feature","properties":{"lines":"1, 18, 22, 41, 122, 148, 409","arr":["1","18","22","41","122","148","409"],"mode":"bus","angle":31.4,"side":-1,"extra":1,"ei":0,"l0":"1, ","c0":"#ab0377","l1":"18, ","c1":"#79a620","l2":"22, ","c2":"#ff627e","l3":"41, ","c3":"#1cab97","l4":"122, ","c4":"#cf8a11","l5":"148, ","c5":"#10a5d2","l6":"409","c6":"#7c5001"},"geometry":{"type":"Point","coordinates":[27.899156,43.214368]}},{"type":"Feature","properties":{"lines":"1, 18, 22, 41, 122, 148, 409","arr":["1","18","22","41","122","148","409"],"mode":"bus","angle":23.2,"side":-1,"extra":1,"ei":1,"l0":"1, ","c0":"#ab0377","l1":"18, ","c1":"#79a620","l2":"22, ","c2":"#ff627e","l3":"41, ","c3":"#1cab97","l4":"122, ","c4":"#cf8a11","l5":"148, ","c5":"#10a5d2","l6":"409","c6":"#7c5001"},"geometry":{"type":"Point","coordinates":[27.903739,43.212618]}},{"type":"Feature","properties":{"lines":"1, 18, 22, 41, 122, 148, 409","arr":["1","18","22","41","122","148","409"],"mode":"bus","angle":32.1,"extra":1,"ei":0,"l0":"1, ","c0":"#ab0377","l1":"18, ","c1":"#79a620","l2":"22, ","c2":"#ff627e","l3":"41, ","c3":"#1cab97","l4":"122, ","c4":"#cf8a11","l5":"148, ","c5":"#10a5d2","l6":"409","c6":"#7c5001"},"geometry":{"type":"Point","coordinates":[27.894188,43.2167]}},{"type":"Feature","properties":{"lines":"1, 10, 18, 22, 41, 122, 148, 409","arr":["1","10","18","22","41","122","148","409"],"mode":"bus","angle":66.4,"side":-1,"l0":"1, ","c0":"#ab0377","l1":"10, ","c1":"#02af5a","l2":"18, ","c2":"#79a620","l3":"22, ","c3":"#ff627e","l4":"41, ","c4":"#1cab97","l5":"122, ","c5":"#cf8a11","l6":"148, ","c6":"#10a5d2","l7":"409","c7":"#7c5001"},"geometry":{"type":"Point","coordinates":[27.908206,43.210223]}},{"type":"Feature","properties":{"lines":"1, 10, 18, 22, 41, 122, 148, 409","arr":["1","10","18","22","41","122","148","409"],"mode":"bus","angle":23.2,"side":-1,"extra":1,"ei":0,"l0":"1, ","c0":"#ab0377","l1":"10, ","c1":"#02af5a","l2":"18, ","c2":"#79a620","l3":"22, ","c3":"#ff627e","l4":"41, ","c4":"#1cab97","l5":"122, ","c5":"#cf8a11","l6":"148, ","c6":"#10a5d2","l7":"409","c7":"#7c5001"},"geometry":{"type":"Point","coordinates":[27.905184,43.212167]}},{"type":"Feature","properties":{"lines":"1, 10, 18, 22, 41, 122, 148, 409","arr":["1","10","18","22","41","122","148","409"],"mode":"bus","angle":50,"side":-1,"extra":1,"ei":1,"l0":"1, ","c0":"#ab0377","l1":"10, ","c1":"#02af5a","l2":"18, ","c2":"#79a620","l3":"22, ","c3":"#ff627e","l4":"41, ","c4":"#1cab97","l5":"122, ","c5":"#cf8a11","l6":"148, ","c6":"#10a5d2","l7":"409","c7":"#7c5001"},"geometry":{"type":"Point","coordinates":[27.907422,43.211259]}},{"type":"Feature","properties":{"lines":"1, 10, 18, 22, 41, 122, 148, 409","arr":["1","10","18","22","41","122","148","409"],"mode":"bus","angle":67.1,"side":-1,"extra":1,"ei":2,"l0":"1, ","c0":"#ab0377","l1":"10, ","c1":"#02af5a","l2":"18, ","c2":"#79a620","l3":"22, ","c3":"#ff627e","l4":"41, ","c4":"#1cab97","l5":"122, ","c5":"#cf8a11","l6":"148, ","c6":"#10a5d2","l7":"409","c7":"#7c5001"},"geometry":{"type":"Point","coordinates":[27.909607,43.207843]}},{"type":"Feature","properties":{"lines":"1, 10, 13, 18, 22, 41, 122, 148, 409","arr":["1","10","13","18","22","41","122","148","409"],"mode":"bus","angle":83,"side":-1,"mi":1,"l0":"1, ","c0":"#ab0377","l1":"10, ","c1":"#02af5a","l2":"13, ","c2":"#9789ff","l3":"18, ","c3":"#79a620","l4":"22, ","c4":"#ff627e","l5":"41, ","c5":"#1cab97","l6":"122, ","c6":"#cf8a11","l7":"148, ","c7":"#10a5d2","l8":"409","c8":"#7c5001"},"geometry":{"type":"Point","coordinates":[27.910507,43.20571]}},{"type":"Feature","properties":{"lines":"1, 10, 13, 18, 22, 41, 122, 148, 409","arr":["1","10","13","18","22","41","122","148","409"],"mode":"bus","angle":67.2,"l0":"1, ","c0":"#ab0377","l1":"10, ","c1":"#02af5a","l2":"13, ","c2":"#9789ff","l3":"18, ","c3":"#79a620","l4":"22, ","c4":"#ff627e","l5":"41, ","c5":"#1cab97","l6":"122, ","c6":"#cf8a11","l7":"148, ","c7":"#10a5d2","l8":"409","c8":"#7c5001"},"geometry":{"type":"Point","coordinates":[27.910223,43.207064]}},{"type":"Feature","properties":{"lines":"1, 7, 9, 10, 13, 14, 18, 22, 29, 31, 31A, 41, 109, 122","arr":["1","7","9","10","13","14","18","22","29","31","31A","41","109","122"],"mode":"bus","angle":-8.9,"l0":"1, ","c0":"#ab0377","l1":"7, ","c1":"#1777eb","l2":"9, ","c2":"#4d4aba","l3":"10, ","c3":"#02af5a","l4":"13, ","c4":"#9789ff","l5":"14, ","c5":"#e16cd6","l6":"18, ","c6":"#79a620","l7":"22, ","c7":"#ff627e","l8":"29, ","c8":"#f57145","l9":"31, ","c9":"#999f01","l10":"31A, ","c10":"#07ad80","l11":"41, ","c11":"#1cab97","l12":"109, ","c12":"#03636c","l13":"122","c13":"#cf8a11"},"geometry":{"type":"Point","coordinates":[27.909457,43.204746]}},{"type":"Feature","properties":{"lines":"1, 7, 9, 10, 13, 17, 18, 22, 29, 31, 31A, 36, 37, 39, 41, 46 Б, 55, 82, 83, 109","arr":["1","7","9","10","13","17","18","22","29","31","31A","36","37","39","41","46 Б","55","82","83","109"],"mode":"bus","angle":-78.2,"l0":"1, ","c0":"#ab0377","l1":"7, ","c1":"#1777eb","l2":"9, ","c2":"#4d4aba","l3":"10, ","c3":"#02af5a","l4":"13, ","c4":"#9789ff","l5":"17, ","c5":"#f57145","l6":"18, ","c6":"#79a620","l7":"22, ","c7":"#ff627e","l8":"29, ","c8":"#f57145","l9":"31, ","c9":"#999f01","l10":"31A, ","c10":"#07ad80","l11":"36, ","c11":"#7b3aa8","l12":"37, ","c12":"#05617d","l13":"39, ","c13":"#b20b42","l14":"41, ","c14":"#1cab97","l15":"46 Б, ","c15":"#5a5d02","l16":"55, ","c16":"#19a9a8","l17":"82, ","c17":"#05617d","l18":"83, ","c18":"#7b3aa8","l19":"109","c19":"#03636c"},"geometry":{"type":"Point","coordinates":[27.907979,43.203124]}},{"type":"Feature","properties":{"lines":"1, 7, 9, 10, 13, 17, 18, 22, 29, 31, 31A, 36, 37, 39, 41, 46 Б, 55, 82, 83, 109","arr":["1","7","9","10","13","17","18","22","29","31","31A","36","37","39","41","46 Б","55","82","83","109"],"mode":"bus","angle":-83,"extra":1,"ei":0,"l0":"1, ","c0":"#ab0377","l1":"7, ","c1":"#1777eb","l2":"9, ","c2":"#4d4aba","l3":"10, ","c3":"#02af5a","l4":"13, ","c4":"#9789ff","l5":"17, ","c5":"#f57145","l6":"18, ","c6":"#79a620","l7":"22, ","c7":"#ff627e","l8":"29, ","c8":"#f57145","l9":"31, ","c9":"#999f01","l10":"31A, ","c10":"#07ad80","l11":"36, ","c11":"#7b3aa8","l12":"37, ","c12":"#05617d","l13":"39, ","c13":"#b20b42","l14":"41, ","c14":"#1cab97","l15":"46 Б, ","c15":"#5a5d02","l16":"55, ","c16":"#19a9a8","l17":"82, ","c17":"#05617d","l18":"83, ","c18":"#7b3aa8","l19":"109","c19":"#03636c"},"geometry":{"type":"Point","coordinates":[27.907704,43.201821]}},{"type":"Feature","properties":{"lines":"1, 7, 9, 10, 13, 17, 18, 22, 23, 29, 31, 31A, 36, 37, 39, 41, 46 Б, 55, 82, 83, 109","arr":["1","7","9","10","13","17","18","22","23","29","31","31A","36","37","39","41","46 Б","55","82","83","109"],"mode":"bus","angle":22.8,"l0":"1, ","c0":"#ab0377","l1":"7, ","c1":"#1777eb","l2":"9, ","c2":"#4d4aba","l3":"10, ","c3":"#02af5a","l4":"13, ","c4":"#9789ff","l5":"17, ","c5":"#f57145","l6":"18, ","c6":"#79a620","l7":"22, ","c7":"#ff627e","l8":"23, ","c8":"#11a2e3","l9":"29, ","c9":"#f57145","l10":"31, ","c10":"#999f01","l11":"31A, ","c11":"#07ad80","l12":"36, ","c12":"#7b3aa8","l13":"37, ","c13":"#05617d","l14":"39, ","c14":"#b20b42","l15":"41, ","c15":"#1cab97","l16":"46 Б, ","c16":"#5a5d02","l17":"55, ","c17":"#19a9a8","l18":"82, ","c18":"#05617d","l19":"83, ","c19":"#7b3aa8","l20":"109","c20":"#03636c"},"geometry":{"type":"Point","coordinates":[27.90942,43.201276]}},{"type":"Feature","properties":{"lines":"1, 7, 9, 10, 13, 17, 18, 22, 23, 29, 31, 31A, 36, 37, 39, 41, 46 Б, 55, 82, 83, 109","arr":["1","7","9","10","13","17","18","22","23","29","31","31A","36","37","39","41","46 Б","55","82","83","109"],"mode":"bus","angle":80.2,"mi":1,"l0":"1, ","c0":"#ab0377","l1":"7, ","c1":"#1777eb","l2":"9, ","c2":"#4d4aba","l3":"10, ","c3":"#02af5a","l4":"13, ","c4":"#9789ff","l5":"17, ","c5":"#f57145","l6":"18, ","c6":"#79a620","l7":"22, ","c7":"#ff627e","l8":"23, ","c8":"#11a2e3","l9":"29, ","c9":"#f57145","l10":"31, ","c10":"#999f01","l11":"31A, ","c11":"#07ad80","l12":"36, ","c12":"#7b3aa8","l13":"37, ","c13":"#05617d","l14":"39, ","c14":"#b20b42","l15":"41, ","c15":"#1cab97","l16":"46 Б, ","c16":"#5a5d02","l17":"55, ","c17":"#19a9a8","l18":"82, ","c18":"#05617d","l19":"83, ","c19":"#7b3aa8","l20":"109","c20":"#03636c"},"geometry":{"type":"Point","coordinates":[27.911732,43.199875]}},{"type":"Feature","properties":{"lines":"1, 7, 9, 10, 13, 17, 18, 20, 22, 23, 29, 31, 31A, 36, 37, 41, 46 Б, 55, 109","arr":["1","7","9","10","13","17","18","20","22","23","29","31","31A","36","37","41","46 Б","55","109"],"mode":"bus","angle":6.8,"l0":"1, ","c0":"#ab0377","l1":"7, ","c1":"#1777eb","l2":"9, ","c2":"#4d4aba","l3":"10, ","c3":"#02af5a","l4":"13, ","c4":"#9789ff","l5":"17, ","c5":"#f57145","l6":"18, ","c6":"#79a620","l7":"20, ","c7":"#79a620","l8":"22, ","c8":"#ff627e","l9":"23, ","c9":"#11a2e3","l10":"29, ","c10":"#f57145","l11":"31, ","c11":"#999f01","l12":"31A, ","c12":"#07ad80","l13":"36, ","c13":"#7b3aa8","l14":"37, ","c14":"#05617d","l15":"41, ","c15":"#1cab97","l16":"46 Б, ","c16":"#5a5d02","l17":"55, ","c17":"#19a9a8","l18":"109","c18":"#03636c"},"geometry":{"type":"Point","coordinates":[27.908841,43.199194]}},{"type":"Feature","properties":{"lines":"1, 10, 20, 23, 29, 36, 46 Б, 55, 109","arr":["1","10","20","23","29","36","46 Б","55","109"],"mode":"bus","angle":30.1,"l0":"1, ","c0":"#ab0377","l1":"10, ","c1":"#02af5a","l2":"20, ","c2":"#79a620","l3":"23, ","c3":"#11a2e3","l4":"29, ","c4":"#f57145","l5":"36, ","c5":"#7b3aa8","l6":"46 Б, ","c6":"#5a5d02","l7":"55, ","c7":"#19a9a8","l8":"109","c8":"#03636c"},"geometry":{"type":"Point","coordinates":[27.905962,43.200162]}},{"type":"Feature","properties":{"lines":"23","arr":["23"],"mode":"bus","angle":29.9,"side":-1,"mi":6,"l0":"23","c0":"#11a2e3"},"geometry":{"type":"Point","coordinates":[27.904291,43.200746]}},{"type":"Feature","properties":{"lines":"23","arr":["23"],"mode":"bus","angle":34.4,"mi":2,"l0":"23","c0":"#11a2e3"},"geometry":{"type":"Point","coordinates":[27.897819,43.202356]}},{"type":"Feature","properties":{"lines":"23","arr":["23"],"mode":"bus","angle":11.2,"extra":1,"ei":0,"l0":"23","c0":"#11a2e3"},"geometry":{"type":"Point","coordinates":[27.902161,43.201635]}},{"type":"Feature","properties":{"lines":"23","arr":["23"],"mode":"bus","angle":29.9,"side":-1,"extra":1,"ei":0,"l0":"23","c0":"#11a2e3"},"geometry":{"type":"Point","coordinates":[27.906252,43.199917]}},{"type":"Feature","properties":{"lines":"1, 7, 9, 10, 13, 17, 18, 20, 22, 23, 29, 31, 36, 37, 41, 46 Б, 109","arr":["1","7","9","10","13","17","18","20","22","23","29","31","36","37","41","46 Б","109"],"mode":"bus","angle":-76.6,"l0":"1, ","c0":"#ab0377","l1":"7, ","c1":"#1777eb","l2":"9, ","c2":"#4d4aba","l3":"10, ","c3":"#02af5a","l4":"13, ","c4":"#9789ff","l5":"17, ","c5":"#f57145","l6":"18, ","c6":"#79a620","l7":"20, ","c7":"#79a620","l8":"22, ","c8":"#ff627e","l9":"23, ","c9":"#11a2e3","l10":"29, ","c10":"#f57145","l11":"31, ","c11":"#999f01","l12":"36, ","c12":"#7b3aa8","l13":"37, ","c13":"#05617d","l14":"41, ","c14":"#1cab97","l15":"46 Б, ","c15":"#5a5d02","l16":"109","c16":"#03636c"},"geometry":{"type":"Point","coordinates":[27.906574,43.200664]}},{"type":"Feature","properties":{"lines":"1, 7, 9, 10, 13, 17, 18, 20, 22, 23, 29, 31, 31A, 36, 37, 41, 46 Б, 109","arr":["1","7","9","10","13","17","18","20","22","23","29","31","31A","36","37","41","46 Б","109"],"mode":"bus","angle":59.6,"l0":"1, ","c0":"#ab0377","l1":"7, ","c1":"#1777eb","l2":"9, ","c2":"#4d4aba","l3":"10, ","c3":"#02af5a","l4":"13, ","c4":"#9789ff","l5":"17, ","c5":"#f57145","l6":"18, ","c6":"#79a620","l7":"20, ","c7":"#79a620","l8":"22, ","c8":"#ff627e","l9":"23, ","c9":"#11a2e3","l10":"29, ","c10":"#f57145","l11":"31, ","c11":"#999f01","l12":"31A, ","c12":"#07ad80","l13":"36, ","c13":"#7b3aa8","l14":"37, ","c14":"#05617d","l15":"41, ","c15":"#1cab97","l16":"46 Б, ","c16":"#5a5d02","l17":"109","c17":"#03636c"},"geometry":{"type":"Point","coordinates":[27.907805,43.200305]}},{"type":"Feature","properties":{"lines":"1, 7, 9, 10, 13, 18, 22, 23, 29, 31, 31A, 36, 37, 41, 55, 109","arr":["1","7","9","10","13","18","22","23","29","31","31A","36","37","41","55","109"],"mode":"bus","angle":16.3,"side":-1,"l0":"1, ","c0":"#ab0377","l1":"7, ","c1":"#1777eb","l2":"9, ","c2":"#4d4aba","l3":"10, ","c3":"#02af5a","l4":"13, ","c4":"#9789ff","l5":"18, ","c5":"#79a620","l6":"22, ","c6":"#ff627e","l7":"23, ","c7":"#11a2e3","l8":"29, ","c8":"#f57145","l9":"31, ","c9":"#999f01","l10":"31A, ","c10":"#07ad80","l11":"36, ","c11":"#7b3aa8","l12":"37, ","c12":"#05617d","l13":"41, ","c13":"#1cab97","l14":"55, ","c14":"#19a9a8","l15":"109","c15":"#03636c"},"geometry":{"type":"Point","coordinates":[27.911145,43.198709]}},{"type":"Feature","properties":{"lines":"1, 12, 18, 22, 41, 82, 83, 88, 122","arr":["1","12","18","22","41","82","83","88","122"],"mode":"bus","angle":-30,"side":-1,"l0":"1, ","c0":"#ab0377","l1":"12, ","c1":"#dc357c","l2":"18, ","c2":"#79a620","l3":"22, ","c3":"#ff627e","l4":"41, ","c4":"#1cab97","l5":"82, ","c5":"#05617d","l6":"83, ","c6":"#7b3aa8","l7":"88, ","c7":"#a72d06","l8":"122","c8":"#cf8a11"},"geometry":{"type":"Point","coordinates":[27.908825,43.205713]}},{"type":"Feature","properties":{"lines":"7, 18","arr":["7","18"],"mode":"bus","angle":21.5,"mi":2,"l0":"7, ","c0":"#1777eb","l1":"18","c1":"#79a620"},"geometry":{"type":"Point","coordinates":[27.863225,43.224523]}},{"type":"Feature","properties":{"lines":"7, 18","arr":["7","18"],"mode":"bus","angle":24,"l0":"7, ","c0":"#1777eb","l1":"18","c1":"#79a620"},"geometry":{"type":"Point","coordinates":[27.866808,43.223379]}},{"type":"Feature","properties":{"lines":"7, 18","arr":["7","18"],"mode":"bus","angle":41.8,"side":-1,"mi":1,"l0":"7, ","c0":"#1777eb","l1":"18","c1":"#79a620"},"geometry":{"type":"Point","coordinates":[27.868488,43.223949]}},{"type":"Feature","properties":{"lines":"7, 18","arr":["7","18"],"mode":"bus","angle":21,"extra":1,"ei":0,"l0":"7, ","c0":"#1777eb","l1":"18","c1":"#79a620"},"geometry":{"type":"Point","coordinates":[27.861121,43.225124]}},{"type":"Feature","properties":{"lines":"7","arr":["7"],"mode":"bus","angle":-13,"l0":"7","c0":"#1777eb"},"geometry":{"type":"Point","coordinates":[27.874452,43.220338]}},{"type":"Feature","properties":{"lines":"7","arr":["7"],"mode":"bus","angle":61.9,"side":-1,"mi":4,"l0":"7","c0":"#1777eb"},"geometry":{"type":"Point","coordinates":[27.880454,43.212391]}},{"type":"Feature","properties":{"lines":"7","arr":["7"],"mode":"bus","angle":83.4,"mi":1,"l0":"7","c0":"#1777eb"},"geometry":{"type":"Point","coordinates":[27.874685,43.221759]}},{"type":"Feature","properties":{"lines":"7, 41","arr":["7","41"],"mode":"bus","angle":-65.4,"l0":"7, ","c0":"#1777eb","l1":"41","c1":"#1cab97"},"geometry":{"type":"Point","coordinates":[27.875102,43.225198]}},{"type":"Feature","properties":{"lines":"7, 41","arr":["7","41"],"mode":"bus","angle":89.8,"extra":1,"ei":0,"l0":"7, ","c0":"#1777eb","l1":"41","c1":"#1cab97"},"geometry":{"type":"Point","coordinates":[27.874545,43.222839]}},{"type":"Feature","properties":{"lines":"7, 41","arr":["7","41"],"mode":"bus","angle":-53.4,"side":-1,"extra":1,"ei":1,"l0":"7, ","c0":"#1777eb","l1":"41","c1":"#1cab97"},"geometry":{"type":"Point","coordinates":[27.876196,43.226349]}},{"type":"Feature","properties":{"lines":"7, 41","arr":["7","41"],"mode":"bus","angle":-51.6,"extra":1,"ei":0,"l0":"7, ","c0":"#1777eb","l1":"41","c1":"#1cab97"},"geometry":{"type":"Point","coordinates":[27.877672,43.227858]}},{"type":"Feature","properties":{"lines":"7","arr":["7"],"mode":"bus","angle":24,"mi":3,"l0":"7","c0":"#1777eb"},"geometry":{"type":"Point","coordinates":[27.881377,43.225596]}},{"type":"Feature","properties":{"lines":"7","arr":["7"],"mode":"bus","angle":23.3,"extra":1,"ei":0,"l0":"7","c0":"#1777eb"},"geometry":{"type":"Point","coordinates":[27.884729,43.224499]}},{"type":"Feature","properties":{"lines":"7","arr":["7"],"mode":"bus","angle":23.7,"extra":1,"ei":1,"l0":"7","c0":"#1777eb"},"geometry":{"type":"Point","coordinates":[27.877631,43.226811]}},{"type":"Feature","properties":{"lines":"7","arr":["7"],"mode":"bus","angle":-79.2,"mi":6,"l0":"7","c0":"#1777eb"},"geometry":{"type":"Point","coordinates":[27.886717,43.225507]}},{"type":"Feature","properties":{"lines":"7","arr":["7"],"mode":"bus","angle":-48.4,"mi":7,"l0":"7","c0":"#1777eb"},"geometry":{"type":"Point","coordinates":[27.887518,43.225422]}},{"type":"Feature","properties":{"lines":"7, 14, 82, 83, 88, 118, 148","arr":["7","14","82","83","88","118","148"],"mode":"bus","angle":44.3,"side":-1,"l0":"7, ","c0":"#1777eb","l1":"14, ","c1":"#e16cd6","l2":"82, ","c2":"#05617d","l3":"83, ","c3":"#7b3aa8","l4":"88, ","c4":"#a72d06","l5":"118, ","c5":"#6b5806","l6":"148","c6":"#10a5d2"},"geometry":{"type":"Point","coordinates":[27.890821,43.225371]}},{"type":"Feature","properties":{"lines":"7, 14, 82, 83, 88, 118","arr":["7","14","82","83","88","118"],"mode":"bus","angle":39,"side":-1,"l0":"7, ","c0":"#1777eb","l1":"14, ","c1":"#e16cd6","l2":"82, ","c2":"#05617d","l3":"83, ","c3":"#7b3aa8","l4":"88, ","c4":"#a72d06","l5":"118","c5":"#6b5806"},"geometry":{"type":"Point","coordinates":[27.895908,43.222269]}},{"type":"Feature","properties":{"lines":"7, 14, 82, 83, 88, 118","arr":["7","14","82","83","88","118"],"mode":"bus","angle":36.4,"side":-1,"extra":1,"ei":0,"l0":"7, ","c0":"#1777eb","l1":"14, ","c1":"#e16cd6","l2":"82, ","c2":"#05617d","l3":"83, ","c3":"#7b3aa8","l4":"88, ","c4":"#a72d06","l5":"118","c5":"#6b5806"},"geometry":{"type":"Point","coordinates":[27.893491,43.223544]}},{"type":"Feature","properties":{"lines":"7, 14, 82, 83, 88, 118","arr":["7","14","82","83","88","118"],"mode":"bus","angle":47.1,"side":-1,"extra":1,"ei":1,"l0":"7, ","c0":"#1777eb","l1":"14, ","c1":"#e16cd6","l2":"82, ","c2":"#05617d","l3":"83, ","c3":"#7b3aa8","l4":"88, ","c4":"#a72d06","l5":"118","c5":"#6b5806"},"geometry":{"type":"Point","coordinates":[27.89747,43.221142]}},{"type":"Feature","properties":{"lines":"7","arr":["7"],"mode":"bus","angle":-32.8,"mi":1,"l0":"7","c0":"#1777eb"},"geometry":{"type":"Point","coordinates":[27.901788,43.222497]}},{"type":"Feature","properties":{"lines":"7","arr":["7"],"mode":"bus","angle":50.2,"extra":1,"ei":0,"l0":"7","c0":"#1777eb"},"geometry":{"type":"Point","coordinates":[27.90478,43.22279]}},{"type":"Feature","properties":{"lines":"7","arr":["7"],"mode":"bus","angle":-45.2,"extra":1,"ei":1,"l0":"7","c0":"#1777eb"},"geometry":{"type":"Point","coordinates":[27.900363,43.221634]}},{"type":"Feature","properties":{"lines":"7","arr":["7"],"mode":"bus","angle":-70.7,"side":-1,"extra":1,"ei":2,"l0":"7","c0":"#1777eb"},"geometry":{"type":"Point","coordinates":[27.898878,43.220119]}},{"type":"Feature","properties":{"lines":"7, 20, 209, 209 Б","arr":["7","20","209","209 Б"],"mode":"bus","angle":54.8,"side":-1,"l0":"7, ","c0":"#1777eb","l1":"20, ","c1":"#79a620","l2":"209, ","c2":"#076734","l3":"209 Б","c3":"#b0045c"},"geometry":{"type":"Point","coordinates":[27.906318,43.220092]}},{"type":"Feature","properties":{"lines":"7, 20, 209, 209 Б","arr":["7","20","209","209 Б"],"mode":"bus","angle":44.4,"side":-1,"extra":1,"ei":0,"l0":"7, ","c0":"#1777eb","l1":"20, ","c1":"#79a620","l2":"209, ","c2":"#076734","l3":"209 Б","c3":"#b0045c"},"geometry":{"type":"Point","coordinates":[27.907581,43.219281]}},{"type":"Feature","properties":{"lines":"7, 20, 209","arr":["7","20","209"],"mode":"bus","angle":37.1,"side":-1,"mi":1,"l0":"7, ","c0":"#1777eb","l1":"20, ","c1":"#79a620","l2":"209","c2":"#076734"},"geometry":{"type":"Point","coordinates":[27.909115,43.217919]}},{"type":"Feature","properties":{"lines":"7, 20, 209","arr":["7","20","209"],"mode":"bus","angle":41.7,"l0":"7, ","c0":"#1777eb","l1":"20, ","c1":"#79a620","l2":"209","c2":"#076734"},"geometry":{"type":"Point","coordinates":[27.907883,43.2192]}},{"type":"Feature","properties":{"lines":"7, 10, 12, 23, 209","arr":["7","10","12","23","209"],"mode":"bus","angle":-47.2,"l0":"7, ","c0":"#1777eb","l1":"10, ","c1":"#02af5a","l2":"12, ","c2":"#dc357c","l3":"23, ","c3":"#11a2e3","l4":"209","c4":"#076734"},"geometry":{"type":"Point","coordinates":[27.91062,43.21765]}},{"type":"Feature","properties":{"lines":"7, 10, 12, 23, 209","arr":["7","10","12","23","209"],"mode":"bus","angle":62.8,"mi":1,"l0":"7, ","c0":"#1777eb","l1":"10, ","c1":"#02af5a","l2":"12, ","c2":"#dc357c","l3":"23, ","c3":"#11a2e3","l4":"209","c4":"#076734"},"geometry":{"type":"Point","coordinates":[27.910563,43.218618]}},{"type":"Feature","properties":{"lines":"7, 209","arr":["7","209"],"mode":"bus","angle":-33.4,"side":-1,"mi":1,"l0":"7, ","c0":"#1777eb","l1":"209","c1":"#076734"},"geometry":{"type":"Point","coordinates":[27.911503,43.219325]}},{"type":"Feature","properties":{"lines":"7, 209, 209 Б","arr":["7","209","209 Б"],"mode":"bus","angle":3.4,"mi":1,"l0":"7, ","c0":"#1777eb","l1":"209, ","c1":"#076734","l2":"209 Б","c2":"#b0045c"},"geometry":{"type":"Point","coordinates":[27.920843,43.220273]}},{"type":"Feature","properties":{"lines":"7, 209, 209 Б","arr":["7","209","209 Б"],"mode":"bus","angle":-5,"side":-1,"l0":"7, ","c0":"#1777eb","l1":"209, ","c1":"#076734","l2":"209 Б","c2":"#b0045c"},"geometry":{"type":"Point","coordinates":[27.915496,43.220623]}},{"type":"Feature","properties":{"lines":"7, 209, 209 Б","arr":["7","209","209 Б"],"mode":"bus","angle":-20.2,"side":-1,"extra":1,"ei":0,"l0":"7, ","c0":"#1777eb","l1":"209, ","c1":"#076734","l2":"209 Б","c2":"#b0045c"},"geometry":{"type":"Point","coordinates":[27.913677,43.220304]}},{"type":"Feature","properties":{"lines":"7, 209, 209 Б","arr":["7","209","209 Б"],"mode":"bus","angle":-10.8,"side":-1,"extra":1,"ei":0,"l0":"7, ","c0":"#1777eb","l1":"209, ","c1":"#076734","l2":"209 Б","c2":"#b0045c"},"geometry":{"type":"Point","coordinates":[27.923,43.220311]}},{"type":"Feature","properties":{"lines":"7, 209, 209 Б","arr":["7","209","209 Б"],"mode":"bus","angle":11.1,"extra":1,"ei":0,"l0":"7, ","c0":"#1777eb","l1":"209, ","c1":"#076734","l2":"209 Б","c2":"#b0045c"},"geometry":{"type":"Point","coordinates":[27.918911,43.220508]}},{"type":"Feature","properties":{"lines":"7, 209","arr":["7","209"],"mode":"bus","angle":11.5,"l0":"7, ","c0":"#1777eb","l1":"209","c1":"#076734"},"geometry":{"type":"Point","coordinates":[27.918894,43.220321]}},{"type":"Feature","properties":{"lines":"7, 209 Б","arr":["7","209 Б"],"mode":"bus","angle":19.3,"l0":"7, ","c0":"#1777eb","l1":"209 Б","c1":"#b0045c"},"geometry":{"type":"Point","coordinates":[27.930201,43.220217]}},{"type":"Feature","properties":{"lines":"7, 209 Б","arr":["7","209 Б"],"mode":"bus","angle":-9.2,"side":-1,"extra":1,"ei":0,"l0":"7, ","c0":"#1777eb","l1":"209 Б","c1":"#b0045c"},"geometry":{"type":"Point","coordinates":[27.925861,43.220721]}},{"type":"Feature","properties":{"lines":"7, 209 Б","arr":["7","209 Б"],"mode":"bus","angle":17.2,"side":-1,"extra":1,"ei":1,"l0":"7, ","c0":"#1777eb","l1":"209 Б","c1":"#b0045c"},"geometry":{"type":"Point","coordinates":[27.92841,43.220541]}},{"type":"Feature","properties":{"lines":"7, 209 Б","arr":["7","209 Б"],"mode":"bus","angle":19.5,"side":-1,"extra":1,"ei":2,"l0":"7, ","c0":"#1777eb","l1":"209 Б","c1":"#b0045c"},"geometry":{"type":"Point","coordinates":[27.933302,43.219293]}},{"type":"Feature","properties":{"lines":"7, 29, 31, 31A, 118, 148","arr":["7","29","31","31A","118","148"],"mode":"bus","angle":-36.1,"side":-1,"l0":"7, ","c0":"#1777eb","l1":"29, ","c1":"#f57145","l2":"31, ","c2":"#999f01","l3":"31A, ","c3":"#07ad80","l4":"118, ","c4":"#6b5806","l5":"148","c5":"#10a5d2"},"geometry":{"type":"Point","coordinates":[27.927524,43.214868]}},{"type":"Feature","properties":{"lines":"7, 29, 31, 31A, 118, 148","arr":["7","29","31","31A","118","148"],"mode":"bus","angle":-36.6,"extra":1,"ei":0,"l0":"7, ","c0":"#1777eb","l1":"29, ","c1":"#f57145","l2":"31, ","c2":"#999f01","l3":"31A, ","c3":"#07ad80","l4":"118, ","c4":"#6b5806","l5":"148","c5":"#10a5d2"},"geometry":{"type":"Point","coordinates":[27.932874,43.217965]}},{"type":"Feature","properties":{"lines":"7, 29, 31, 31A, 118, 148","arr":["7","29","31","31A","118","148"],"mode":"bus","angle":-37.1,"extra":1,"ei":1,"l0":"7, ","c0":"#1777eb","l1":"29, ","c1":"#f57145","l2":"31, ","c2":"#999f01","l3":"31A, ","c3":"#07ad80","l4":"118, ","c4":"#6b5806","l5":"148","c5":"#10a5d2"},"geometry":{"type":"Point","coordinates":[27.930806,43.216827]}},{"type":"Feature","properties":{"lines":"7, 29, 31, 31A, 118, 148","arr":["7","29","31","31A","118","148"],"mode":"bus","angle":-37.1,"extra":1,"ei":2,"l0":"7, ","c0":"#1777eb","l1":"29, ","c1":"#f57145","l2":"31, ","c2":"#999f01","l3":"31A, ","c3":"#07ad80","l4":"118, ","c4":"#6b5806","l5":"148","c5":"#10a5d2"},"geometry":{"type":"Point","coordinates":[27.928719,43.215708]}},{"type":"Feature","properties":{"lines":"7, 29, 31, 31A, 118, 148","arr":["7","29","31","31A","118","148"],"mode":"bus","angle":-55.5,"extra":1,"ei":3,"l0":"7, ","c0":"#1777eb","l1":"29, ","c1":"#f57145","l2":"31, ","c2":"#999f01","l3":"31A, ","c3":"#07ad80","l4":"118, ","c4":"#6b5806","l5":"148","c5":"#10a5d2"},"geometry":{"type":"Point","coordinates":[27.924866,43.213213]}},{"type":"Feature","properties":{"lines":"7, 29, 31, 31A, 118, 148","arr":["7","29","31","31A","118","148"],"mode":"bus","angle":-46.2,"extra":1,"ei":4,"l0":"7, ","c0":"#1777eb","l1":"29, ","c1":"#f57145","l2":"31, ","c2":"#999f01","l3":"31A, ","c3":"#07ad80","l4":"118, ","c4":"#6b5806","l5":"148","c5":"#10a5d2"},"geometry":{"type":"Point","coordinates":[27.923207,43.211771]}},{"type":"Feature","properties":{"lines":"7, 29, 31, 31A, 118, 148","arr":["7","29","31","31A","118","148"],"mode":"bus","angle":-46.2,"extra":1,"ei":5,"l0":"7, ","c0":"#1777eb","l1":"29, ","c1":"#f57145","l2":"31, ","c2":"#999f01","l3":"31A, ","c3":"#07ad80","l4":"118, ","c4":"#6b5806","l5":"148","c5":"#10a5d2"},"geometry":{"type":"Point","coordinates":[27.921414,43.210407]}},{"type":"Feature","properties":{"lines":"7, 29, 31, 31A, 118, 148","arr":["7","29","31","31A","118","148"],"mode":"bus","angle":-34.8,"side":-1,"extra":1,"ei":0,"l0":"7, ","c0":"#1777eb","l1":"29, ","c1":"#f57145","l2":"31, ","c2":"#999f01","l3":"31A, ","c3":"#07ad80","l4":"118, ","c4":"#6b5806","l5":"148","c5":"#10a5d2"},"geometry":{"type":"Point","coordinates":[27.935322,43.219056]}},{"type":"Feature","properties":{"lines":"7, 29, 31, 31A, 148","arr":["7","29","31","31A","148"],"mode":"bus","angle":-45.7,"side":-1,"l0":"7, ","c0":"#1777eb","l1":"29, ","c1":"#f57145","l2":"31, ","c2":"#999f01","l3":"31A, ","c3":"#07ad80","l4":"148","c4":"#10a5d2"},"geometry":{"type":"Point","coordinates":[27.919121,43.208513]}},{"type":"Feature","properties":{"lines":"7, 12, 29, 31, 31A, 148","arr":["7","12","29","31","31A","148"],"mode":"bus","angle":-45.7,"l0":"7, ","c0":"#1777eb","l1":"12, ","c1":"#dc357c","l2":"29, ","c2":"#f57145","l3":"31, ","c3":"#999f01","l4":"31A, ","c4":"#07ad80","l5":"148","c5":"#10a5d2"},"geometry":{"type":"Point","coordinates":[27.919012,43.208592]}},{"type":"Feature","properties":{"lines":"7, 9, 12, 14, 29, 31, 31A, 109, 148, 409","arr":["7","9","12","14","29","31","31A","109","148","409"],"mode":"bus","angle":-27,"l0":"7, ","c0":"#1777eb","l1":"9, ","c1":"#4d4aba","l2":"12, ","c2":"#dc357c","l3":"14, ","c3":"#e16cd6","l4":"29, ","c4":"#f57145","l5":"31, ","c5":"#999f01","l6":"31A, ","c6":"#07ad80","l7":"109, ","c7":"#03636c","l8":"148, ","c8":"#10a5d2","l9":"409","c9":"#7c5001"},"geometry":{"type":"Point","coordinates":[27.91606,43.206858]}},{"type":"Feature","properties":{"lines":"7, 9, 14, 29, 31, 31A, 109, 148, 409","arr":["7","9","14","29","31","31A","109","148","409"],"mode":"bus","angle":-27.7,"side":-1,"l0":"7, ","c0":"#1777eb","l1":"9, ","c1":"#4d4aba","l2":"14, ","c2":"#e16cd6","l3":"29, ","c3":"#f57145","l4":"31, ","c4":"#999f01","l5":"31A, ","c5":"#07ad80","l6":"109, ","c6":"#03636c","l7":"148, ","c7":"#10a5d2","l8":"409","c8":"#7c5001"},"geometry":{"type":"Point","coordinates":[27.914137,43.206029]}},{"type":"Feature","properties":{"lines":"7, 9, 14, 29, 31, 31A, 109, 148, 409","arr":["7","9","14","29","31","31A","109","148","409"],"mode":"bus","angle":-26.4,"extra":1,"ei":0,"l0":"7, ","c0":"#1777eb","l1":"9, ","c1":"#4d4aba","l2":"14, ","c2":"#e16cd6","l3":"29, ","c3":"#f57145","l4":"31, ","c4":"#999f01","l5":"31A, ","c5":"#07ad80","l6":"109, ","c6":"#03636c","l7":"148, ","c7":"#10a5d2","l8":"409","c8":"#7c5001"},"geometry":{"type":"Point","coordinates":[27.911306,43.205102]}},{"type":"Feature","properties":{"lines":"7, 9, 14, 29, 31, 31A, 109, 148, 409","arr":["7","9","14","29","31","31A","109","148","409"],"mode":"bus","angle":-27,"side":-1,"extra":1,"ei":0,"l0":"7, ","c0":"#1777eb","l1":"9, ","c1":"#4d4aba","l2":"14, ","c2":"#e16cd6","l3":"29, ","c3":"#f57145","l4":"31, ","c4":"#999f01","l5":"31A, ","c5":"#07ad80","l6":"109, ","c6":"#03636c","l7":"148, ","c7":"#10a5d2","l8":"409","c8":"#7c5001"},"geometry":{"type":"Point","coordinates":[27.916592,43.206923]}},{"type":"Feature","properties":{"lines":"7","arr":["7"],"mode":"bus","angle":13.8,"l0":"7","c0":"#1777eb"},"geometry":{"type":"Point","coordinates":[27.907691,43.199923]}},{"type":"Feature","properties":{"lines":"7, 9, 10, 13, 18, 23, 29, 31, 31A, 36, 55, 109","arr":["7","9","10","13","18","23","29","31","31A","36","55","109"],"mode":"bus","angle":56.4,"l0":"7, ","c0":"#1777eb","l1":"9, ","c1":"#4d4aba","l2":"10, ","c2":"#02af5a","l3":"13, ","c3":"#9789ff","l4":"18, ","c4":"#79a620","l5":"23, ","c5":"#11a2e3","l6":"29, ","c6":"#f57145","l7":"31, ","c7":"#999f01","l8":"31A, ","c8":"#07ad80","l9":"36, ","c9":"#7b3aa8","l10":"55, ","c10":"#19a9a8","l11":"109","c11":"#03636c"},"geometry":{"type":"Point","coordinates":[27.906215,43.202015]}},{"type":"Feature","properties":{"lines":"7, 9, 10, 13, 18, 23, 29, 31, 31A, 36, 37, 55, 109","arr":["7","9","10","13","18","23","29","31","31A","36","37","55","109"],"mode":"bus","angle":41.9,"l0":"7, ","c0":"#1777eb","l1":"9, ","c1":"#4d4aba","l2":"10, ","c2":"#02af5a","l3":"13, ","c3":"#9789ff","l4":"18, ","c4":"#79a620","l5":"23, ","c5":"#11a2e3","l6":"29, ","c6":"#f57145","l7":"31, ","c7":"#999f01","l8":"31A, ","c8":"#07ad80","l9":"36, ","c9":"#7b3aa8","l10":"37, ","c10":"#05617d","l11":"55, ","c11":"#19a9a8","l12":"109","c12":"#03636c"},"geometry":{"type":"Point","coordinates":[27.905465,43.20338]}},{"type":"Feature","properties":{"lines":"7, 9, 10, 13, 18, 29, 31, 31A, 109","arr":["7","9","10","13","18","29","31","31A","109"],"mode":"bus","angle":-74.7,"side":-1,"l0":"7, ","c0":"#1777eb","l1":"9, ","c1":"#4d4aba","l2":"10, ","c2":"#02af5a","l3":"13, ","c3":"#9789ff","l4":"18, ","c4":"#79a620","l5":"29, ","c5":"#f57145","l6":"31, ","c6":"#999f01","l7":"31A, ","c7":"#07ad80","l8":"109","c8":"#03636c"},"geometry":{"type":"Point","coordinates":[27.904908,43.203896]}},{"type":"Feature","properties":{"lines":"7, 9, 10, 12, 13, 14, 17, 18, 29, 31, 31A, 36, 37, 39, 46 Б, 55, 88, 109, 122","arr":["7","9","10","12","13","14","17","18","29","31","31A","36","37","39","46 Б","55","88","109","122"],"mode":"bus","angle":-11.7,"side":-1,"l0":"7, ","c0":"#1777eb","l1":"9, ","c1":"#4d4aba","l2":"10, ","c2":"#02af5a","l3":"12, ","c3":"#dc357c","l4":"13, ","c4":"#9789ff","l5":"14, ","c5":"#e16cd6","l6":"17, ","c6":"#f57145","l7":"18, ","c7":"#79a620","l8":"29, ","c8":"#f57145","l9":"31, ","c9":"#999f01","l10":"31A, ","c10":"#07ad80","l11":"36, ","c11":"#7b3aa8","l12":"37, ","c12":"#05617d","l13":"39, ","c13":"#b20b42","l14":"46 Б, ","c14":"#5a5d02","l15":"55, ","c15":"#19a9a8","l16":"88, ","c16":"#a72d06","l17":"109, ","c17":"#03636c","l18":"122","c18":"#cf8a11"},"geometry":{"type":"Point","coordinates":[27.906738,43.204437]}},{"type":"Feature","properties":{"lines":"7, 9, 10, 13, 14, 29, 31, 31A, 109","arr":["7","9","10","13","14","29","31","31A","109"],"mode":"bus","angle":-7.3,"side":-1,"l0":"7, ","c0":"#1777eb","l1":"9, ","c1":"#4d4aba","l2":"10, ","c2":"#02af5a","l3":"13, ","c3":"#9789ff","l4":"14, ","c4":"#e16cd6","l5":"29, ","c5":"#f57145","l6":"31, ","c6":"#999f01","l7":"31A, ","c7":"#07ad80","l8":"109","c8":"#03636c"},"geometry":{"type":"Point","coordinates":[27.909487,43.204656]}},{"type":"Feature","properties":{"lines":"7, 29, 30, 31, 31A, 118, 148, 209, 209 Б","arr":["7","29","30","31","31A","118","148","209","209 Б"],"mode":"bus","angle":-30.5,"l0":"7, ","c0":"#1777eb","l1":"29, ","c1":"#f57145","l2":"30, ","c2":"#7b3aa8","l3":"31, ","c3":"#999f01","l4":"31A, ","c4":"#07ad80","l5":"118, ","c5":"#6b5806","l6":"148, ","c6":"#10a5d2","l7":"209, ","c7":"#076734","l8":"209 Б","c8":"#b0045c"},"geometry":{"type":"Point","coordinates":[27.935756,43.219739]}},{"type":"Feature","properties":{"lines":"7, 10, 209, 209 Б","arr":["7","10","209","209 Б"],"mode":"bus","angle":-7.6,"l0":"7, ","c0":"#1777eb","l1":"10, ","c1":"#02af5a","l2":"209, ","c2":"#076734","l3":"209 Б","c3":"#b0045c"},"geometry":{"type":"Point","coordinates":[27.915273,43.220725]}},{"type":"Feature","properties":{"lines":"7, 10, 209","arr":["7","10","209"],"mode":"bus","angle":-27.3,"l0":"7, ","c0":"#1777eb","l1":"10, ","c1":"#02af5a","l2":"209","c2":"#076734"},"geometry":{"type":"Point","coordinates":[27.912091,43.220031]}},{"type":"Feature","properties":{"lines":"7, 10, 209","arr":["7","10","209"],"mode":"bus","angle":-27.9,"extra":1,"ei":0,"l0":"7, ","c0":"#1777eb","l1":"10, ","c1":"#02af5a","l2":"209","c2":"#076734"},"geometry":{"type":"Point","coordinates":[27.91062,43.219471]}},{"type":"Feature","properties":{"lines":"7, 14, 82, 83, 118","arr":["7","14","82","83","118"],"mode":"bus","angle":29.6,"l0":"7, ","c0":"#1777eb","l1":"14, ","c1":"#e16cd6","l2":"82, ","c2":"#05617d","l3":"83, ","c3":"#7b3aa8","l4":"118","c4":"#6b5806"},"geometry":{"type":"Point","coordinates":[27.889183,43.226515]}},{"type":"Feature","properties":{"lines":"7, 14, 82, 118","arr":["7","14","82","118"],"mode":"bus","angle":8.3,"l0":"7, ","c0":"#1777eb","l1":"14, ","c1":"#e16cd6","l2":"82, ","c2":"#05617d","l3":"118","c3":"#6b5806"},"geometry":{"type":"Point","coordinates":[27.881088,43.227586]}},{"type":"Feature","properties":{"lines":"7, 14, 82, 118","arr":["7","14","82","118"],"mode":"bus","angle":7.6,"mi":1,"l0":"7, ","c0":"#1777eb","l1":"14, ","c1":"#e16cd6","l2":"82, ","c2":"#05617d","l3":"118","c3":"#6b5806"},"geometry":{"type":"Point","coordinates":[27.886677,43.227065]}},{"type":"Feature","properties":{"lines":"7, 14, 82, 118","arr":["7","14","82","118"],"mode":"bus","angle":8.4,"extra":1,"ei":0,"l0":"7, ","c0":"#1777eb","l1":"14, ","c1":"#e16cd6","l2":"82, ","c2":"#05617d","l3":"118","c3":"#6b5806"},"geometry":{"type":"Point","coordinates":[27.885065,43.227232]}},{"type":"Feature","properties":{"lines":"7, 14, 82, 118","arr":["7","14","82","118"],"mode":"bus","angle":8.5,"extra":1,"ei":0,"l0":"7, ","c0":"#1777eb","l1":"14, ","c1":"#e16cd6","l2":"82, ","c2":"#05617d","l3":"118","c3":"#6b5806"},"geometry":{"type":"Point","coordinates":[27.883144,43.227361]}},{"type":"Feature","properties":{"lines":"7, 14, 82, 118","arr":["7","14","82","118"],"mode":"bus","angle":6.6,"side":-1,"extra":1,"ei":1,"l0":"7, ","c0":"#1777eb","l1":"14, ","c1":"#e16cd6","l2":"82, ","c2":"#05617d","l3":"118","c3":"#6b5806"},"geometry":{"type":"Point","coordinates":[27.878014,43.227901]}},{"type":"Feature","properties":{"lines":"7, 30, 31A, 118, 148, 209, 209 Б","arr":["7","30","31A","118","148","209","209 Б"],"mode":"bus","angle":25.7,"side":-1,"l0":"7, ","c0":"#1777eb","l1":"30, ","c1":"#7b3aa8","l2":"31A, ","c2":"#07ad80","l3":"118, ","c3":"#6b5806","l4":"148, ","c4":"#10a5d2","l5":"209, ","c5":"#076734","l6":"209 Б","c6":"#b0045c"},"geometry":{"type":"Point","coordinates":[27.944856,43.218726]}},{"type":"Feature","properties":{"lines":"7, 30, 31A, 118, 148, 209, 209 Б","arr":["7","30","31A","118","148","209","209 Б"],"mode":"bus","angle":-5.5,"side":-1,"extra":1,"ei":0,"l0":"7, ","c0":"#1777eb","l1":"30, ","c1":"#7b3aa8","l2":"31A, ","c2":"#07ad80","l3":"118, ","c3":"#6b5806","l4":"148, ","c4":"#10a5d2","l5":"209, ","c5":"#076734","l6":"209 Б","c6":"#b0045c"},"geometry":{"type":"Point","coordinates":[27.93763,43.219712]}},{"type":"Feature","properties":{"lines":"7, 30, 31A, 118, 148, 209, 209 Б","arr":["7","30","31A","118","148","209","209 Б"],"mode":"bus","angle":10.9,"side":-1,"extra":1,"ei":1,"l0":"7, ","c0":"#1777eb","l1":"30, ","c1":"#7b3aa8","l2":"31A, ","c2":"#07ad80","l3":"118, ","c3":"#6b5806","l4":"148, ","c4":"#10a5d2","l5":"209, ","c5":"#076734","l6":"209 Б","c6":"#b0045c"},"geometry":{"type":"Point","coordinates":[27.940196,43.219511]}},{"type":"Feature","properties":{"lines":"7, 30, 31A, 118, 148, 209, 209 Б","arr":["7","30","31A","118","148","209","209 Б"],"mode":"bus","angle":10.8,"side":-1,"extra":1,"ei":2,"l0":"7, ","c0":"#1777eb","l1":"30, ","c1":"#7b3aa8","l2":"31A, ","c2":"#07ad80","l3":"118, ","c3":"#6b5806","l4":"148, ","c4":"#10a5d2","l5":"209, ","c5":"#076734","l6":"209 Б","c6":"#b0045c"},"geometry":{"type":"Point","coordinates":[27.94274,43.219149]}},{"type":"Feature","properties":{"lines":"7, 30, 31A, 118, 148, 209, 209 Б","arr":["7","30","31A","118","148","209","209 Б"],"mode":"bus","angle":42.7,"side":-1,"extra":1,"ei":3,"l0":"7, ","c0":"#1777eb","l1":"30, ","c1":"#7b3aa8","l2":"31A, ","c2":"#07ad80","l3":"118, ","c3":"#6b5806","l4":"148, ","c4":"#10a5d2","l5":"209, ","c5":"#076734","l6":"209 Б","c6":"#b0045c"},"geometry":{"type":"Point","coordinates":[27.947227,43.217428]}},{"type":"Feature","properties":{"lines":"7, 30, 31A, 118, 148, 209, 209 Б","arr":["7","30","31A","118","148","209","209 Б"],"mode":"bus","angle":41.4,"extra":1,"ei":4,"l0":"7, ","c0":"#1777eb","l1":"30, ","c1":"#7b3aa8","l2":"31A, ","c2":"#07ad80","l3":"118, ","c3":"#6b5806","l4":"148, ","c4":"#10a5d2","l5":"209, ","c5":"#076734","l6":"209 Б","c6":"#b0045c"},"geometry":{"type":"Point","coordinates":[27.949121,43.216139]}},{"type":"Feature","properties":{"lines":"7, 30, 31A, 118, 148, 209, 209 Б","arr":["7","30","31A","118","148","209","209 Б"],"mode":"bus","angle":27.1,"extra":1,"ei":5,"l0":"7, ","c0":"#1777eb","l1":"30, ","c1":"#7b3aa8","l2":"31A, ","c2":"#07ad80","l3":"118, ","c3":"#6b5806","l4":"148, ","c4":"#10a5d2","l5":"209, ","c5":"#076734","l6":"209 Б","c6":"#b0045c"},"geometry":{"type":"Point","coordinates":[27.951074,43.214904]}},{"type":"Feature","properties":{"lines":"7, 30, 118, 148, 209","arr":["7","30","118","148","209"],"mode":"bus","angle":15.8,"l0":"7, ","c0":"#1777eb","l1":"30, ","c1":"#7b3aa8","l2":"118, ","c2":"#6b5806","l3":"148, ","c3":"#10a5d2","l4":"209","c4":"#076734"},"geometry":{"type":"Point","coordinates":[27.951894,43.214732]}},{"type":"Feature","properties":{"lines":"7, 14, 17, 30, 39, 118, 148, 209","arr":["7","14","17","30","39","118","148","209"],"mode":"bus","angle":59,"side":-1,"l0":"7, ","c0":"#1777eb","l1":"14, ","c1":"#e16cd6","l2":"17, ","c2":"#f57145","l3":"30, ","c3":"#7b3aa8","l4":"39, ","c4":"#b20b42","l5":"118, ","c5":"#6b5806","l6":"148, ","c6":"#10a5d2","l7":"209","c7":"#076734"},"geometry":{"type":"Point","coordinates":[27.95383,43.21562]}},{"type":"Feature","properties":{"lines":"7, 31A, 118, 148, 209 Б","arr":["7","31A","118","148","209 Б"],"mode":"bus","angle":6.2,"l0":"7, ","c0":"#1777eb","l1":"31A, ","c1":"#07ad80","l2":"118, ","c2":"#6b5806","l3":"148, ","c3":"#10a5d2","l4":"209 Б","c4":"#b0045c"},"geometry":{"type":"Point","coordinates":[27.937169,43.220029]}},{"type":"Feature","properties":{"lines":"7, 39","arr":["7","39"],"mode":"bus","angle":62.5,"l0":"7, ","c0":"#1777eb","l1":"39","c1":"#b20b42"},"geometry":{"type":"Point","coordinates":[27.87766,43.216419]}},{"type":"Feature","properties":{"lines":"7, 39","arr":["7","39"],"mode":"bus","angle":44.7,"side":-1,"extra":1,"ei":0,"l0":"7, ","c0":"#1777eb","l1":"39","c1":"#b20b42"},"geometry":{"type":"Point","coordinates":[27.875568,43.21898]}},{"type":"Feature","properties":{"lines":"7, 39","arr":["7","39"],"mode":"bus","angle":64,"extra":1,"ei":0,"l0":"7, ","c0":"#1777eb","l1":"39","c1":"#b20b42"},"geometry":{"type":"Point","coordinates":[27.879566,43.213662]}},{"type":"Feature","properties":{"lines":"7, 39","arr":["7","39"],"mode":"bus","angle":63,"extra":1,"ei":1,"l0":"7, ","c0":"#1777eb","l1":"39","c1":"#b20b42"},"geometry":{"type":"Point","coordinates":[27.878409,43.215352]}},{"type":"Feature","properties":{"lines":"7","arr":["7"],"mode":"bus","angle":-3.7,"mi":5,"l0":"7","c0":"#1777eb"},"geometry":{"type":"Point","coordinates":[27.877348,43.211746]}},{"type":"Feature","properties":{"lines":"7","arr":["7"],"mode":"bus","angle":8.7,"extra":1,"ei":0,"l0":"7","c0":"#1777eb"},"geometry":{"type":"Point","coordinates":[27.879376,43.211641]}},{"type":"Feature","properties":{"lines":"7","arr":["7"],"mode":"bus","angle":-15.1,"extra":1,"ei":1,"l0":"7","c0":"#1777eb"},"geometry":{"type":"Point","coordinates":[27.874287,43.21124]}},{"type":"Feature","properties":{"lines":"7, 18, 22, 122, 409","arr":["7","18","22","122","409"],"mode":"bus","angle":14.3,"l0":"7, ","c0":"#1777eb","l1":"18, ","c1":"#79a620","l2":"22, ","c2":"#ff627e","l3":"122, ","c3":"#cf8a11","l4":"409","c4":"#7c5001"},"geometry":{"type":"Point","coordinates":[27.872038,43.222358]}},{"type":"Feature","properties":{"lines":"7, 18, 22, 122, 409","arr":["7","18","22","122","409"],"mode":"bus","angle":19.8,"extra":1,"ei":0,"l0":"7, ","c0":"#1777eb","l1":"18, ","c1":"#79a620","l2":"22, ","c2":"#ff627e","l3":"122, ","c3":"#cf8a11","l4":"409","c4":"#7c5001"},"geometry":{"type":"Point","coordinates":[27.870344,43.222708]}},{"type":"Feature","properties":{"lines":"7, 18, 22, 122","arr":["7","18","22","122"],"mode":"bus","angle":43.6,"l0":"7, ","c0":"#1777eb","l1":"18, ","c1":"#79a620","l2":"22, ","c2":"#ff627e","l3":"122","c3":"#cf8a11"},"geometry":{"type":"Point","coordinates":[27.869428,43.223125]}},{"type":"Feature","properties":{"lines":"7, 18, 22, 122","arr":["7","18","22","122"],"mode":"bus","angle":-29,"mi":1,"l0":"7, ","c0":"#1777eb","l1":"18, ","c1":"#79a620","l2":"22, ","c2":"#ff627e","l3":"122","c3":"#cf8a11"},"geometry":{"type":"Point","coordinates":[27.867511,43.22394]}},{"type":"Feature","properties":{"lines":"9, 10, 13, 37","arr":["9","10","13","37"],"mode":"bus","angle":44.4,"l0":"9, ","c0":"#4d4aba","l1":"10, ","c1":"#02af5a","l2":"13, ","c2":"#9789ff","l3":"37","c3":"#05617d"},"geometry":{"type":"Point","coordinates":[27.906501,43.201178]}},{"type":"Feature","properties":{"lines":"10, 13, 37","arr":["10","13","37"],"mode":"bus","angle":76.1,"side":-1,"l0":"10, ","c0":"#02af5a","l1":"13, ","c1":"#9789ff","l2":"37","c2":"#05617d"},"geometry":{"type":"Point","coordinates":[27.905988,43.202155]}},{"type":"Feature","properties":{"lines":"9","arr":["9"],"mode":"bus","angle":-10.5,"side":-1,"l0":"9","c0":"#4d4aba"},"geometry":{"type":"Point","coordinates":[27.90615,43.201194]}},{"type":"Feature","properties":{"lines":"9, 55","arr":["9","55"],"mode":"bus","angle":-74.8,"l0":"9, ","c0":"#4d4aba","l1":"55","c1":"#19a9a8"},"geometry":{"type":"Point","coordinates":[27.905726,43.200697]}},{"type":"Feature","properties":{"lines":"9, 14, 109, 409","arr":["9","14","109","409"],"mode":"bus","angle":43.9,"l0":"9, ","c0":"#4d4aba","l1":"14, ","c1":"#e16cd6","l2":"109, ","c2":"#03636c","l3":"409","c3":"#7c5001"},"geometry":{"type":"Point","coordinates":[27.918469,43.206514]}},{"type":"Feature","properties":{"lines":"9, 14, 109, 409","arr":["9","14","109","409"],"mode":"bus","angle":-46.2,"mi":1,"l0":"9, ","c0":"#4d4aba","l1":"14, ","c1":"#e16cd6","l2":"109, ","c2":"#03636c","l3":"409","c3":"#7c5001"},"geometry":{"type":"Point","coordinates":[27.921332,43.206923]}},{"type":"Feature","properties":{"lines":"9, 14, 17, 39, 109, 409","arr":["9","14","17","39","109","409"],"mode":"bus","angle":-36.4,"l0":"9, ","c0":"#4d4aba","l1":"14, ","c1":"#e16cd6","l2":"17, ","c2":"#f57145","l3":"39, ","c3":"#b20b42","l4":"109, ","c4":"#03636c","l5":"409","c5":"#7c5001"},"geometry":{"type":"Point","coordinates":[27.937222,43.212866]}},{"type":"Feature","properties":{"lines":"9, 14, 17, 39, 109, 409","arr":["9","14","17","39","109","409"],"mode":"bus","angle":-15.6,"side":-1,"extra":1,"ei":0,"l0":"9, ","c0":"#4d4aba","l1":"14, ","c1":"#e16cd6","l2":"17, ","c2":"#f57145","l3":"39, ","c3":"#b20b42","l4":"109, ","c4":"#03636c","l5":"409","c5":"#7c5001"},"geometry":{"type":"Point","coordinates":[27.924891,43.208466]}},{"type":"Feature","properties":{"lines":"9, 14, 17, 39, 109, 409","arr":["9","14","17","39","109","409"],"mode":"bus","angle":-15.6,"side":-1,"extra":1,"ei":1,"l0":"9, ","c0":"#4d4aba","l1":"14, ","c1":"#e16cd6","l2":"17, ","c2":"#f57145","l3":"39, ","c3":"#b20b42","l4":"109, ","c4":"#03636c","l5":"409","c5":"#7c5001"},"geometry":{"type":"Point","coordinates":[27.927387,43.208974]}},{"type":"Feature","properties":{"lines":"9, 14, 17, 39, 109, 409","arr":["9","14","17","39","109","409"],"mode":"bus","angle":-15.7,"side":-1,"extra":1,"ei":2,"l0":"9, ","c0":"#4d4aba","l1":"14, ","c1":"#e16cd6","l2":"17, ","c2":"#f57145","l3":"39, ","c3":"#b20b42","l4":"109, ","c4":"#03636c","l5":"409","c5":"#7c5001"},"geometry":{"type":"Point","coordinates":[27.929884,43.209482]}},{"type":"Feature","properties":{"lines":"9, 14, 17, 39, 109, 409","arr":["9","14","17","39","109","409"],"mode":"bus","angle":-27.2,"side":-1,"extra":1,"ei":3,"l0":"9, ","c0":"#4d4aba","l1":"14, ","c1":"#e16cd6","l2":"17, ","c2":"#f57145","l3":"39, ","c3":"#b20b42","l4":"109, ","c4":"#03636c","l5":"409","c5":"#7c5001"},"geometry":{"type":"Point","coordinates":[27.932327,43.210097]}},{"type":"Feature","properties":{"lines":"9, 14, 17, 39, 109, 409","arr":["9","14","17","39","109","409"],"mode":"bus","angle":-33.4,"side":-1,"extra":1,"ei":4,"l0":"9, ","c0":"#4d4aba","l1":"14, ","c1":"#e16cd6","l2":"17, ","c2":"#f57145","l3":"39, ","c3":"#b20b42","l4":"109, ","c4":"#03636c","l5":"409","c5":"#7c5001"},"geometry":{"type":"Point","coordinates":[27.934522,43.211099]}},{"type":"Feature","properties":{"lines":"9, 14, 17, 39, 109, 409","arr":["9","14","17","39","109","409"],"mode":"bus","angle":-28.3,"side":-1,"extra":1,"ei":5,"l0":"9, ","c0":"#4d4aba","l1":"14, ","c1":"#e16cd6","l2":"17, ","c2":"#f57145","l3":"39, ","c3":"#b20b42","l4":"109, ","c4":"#03636c","l5":"409","c5":"#7c5001"},"geometry":{"type":"Point","coordinates":[27.938788,43.213235]}},{"type":"Feature","properties":{"lines":"9, 14, 17, 39, 109, 409","arr":["9","14","17","39","109","409"],"mode":"bus","angle":-14.9,"side":-1,"extra":1,"ei":6,"l0":"9, ","c0":"#4d4aba","l1":"14, ","c1":"#e16cd6","l2":"17, ","c2":"#f57145","l3":"39, ","c3":"#b20b42","l4":"109, ","c4":"#03636c","l5":"409","c5":"#7c5001"},"geometry":{"type":"Point","coordinates":[27.941188,43.213933]}},{"type":"Feature","properties":{"lines":"9, 14, 17, 39, 109, 409","arr":["9","14","17","39","109","409"],"mode":"bus","angle":-8,"side":-1,"extra":1,"ei":7,"l0":"9, ","c0":"#4d4aba","l1":"14, ","c1":"#e16cd6","l2":"17, ","c2":"#f57145","l3":"39, ","c3":"#b20b42","l4":"109, ","c4":"#03636c","l5":"409","c5":"#7c5001"},"geometry":{"type":"Point","coordinates":[27.943739,43.214262]}},{"type":"Feature","properties":{"lines":"9, 14, 17, 39, 109, 409","arr":["9","14","17","39","109","409"],"mode":"bus","angle":-8.1,"side":-1,"extra":1,"ei":0,"l0":"9, ","c0":"#4d4aba","l1":"14, ","c1":"#e16cd6","l2":"17, ","c2":"#f57145","l3":"39, ","c3":"#b20b42","l4":"109, ","c4":"#03636c","l5":"409","c5":"#7c5001"},"geometry":{"type":"Point","coordinates":[27.947488,43.214653]}},{"type":"Feature","properties":{"lines":"9, 14, 17, 39, 109, 409","arr":["9","14","17","39","109","409"],"mode":"bus","angle":-8.6,"extra":1,"ei":0,"l0":"9, ","c0":"#4d4aba","l1":"14, ","c1":"#e16cd6","l2":"17, ","c2":"#f57145","l3":"39, ","c3":"#b20b42","l4":"109, ","c4":"#03636c","l5":"409","c5":"#7c5001"},"geometry":{"type":"Point","coordinates":[27.951281,43.215197]}},{"type":"Feature","properties":{"lines":"9, 17, 39, 109","arr":["9","17","39","109"],"mode":"bus","angle":-8.3,"l0":"9, ","c0":"#4d4aba","l1":"17, ","c1":"#f57145","l2":"39, ","c2":"#b20b42","l3":"109","c3":"#03636c"},"geometry":{"type":"Point","coordinates":[27.945577,43.214454]}},{"type":"Feature","properties":{"lines":"9, 109, 409","arr":["9","109","409"],"mode":"bus","angle":-9.1,"side":-1,"l0":"9, ","c0":"#4d4aba","l1":"109, ","c1":"#03636c","l2":"409","c2":"#7c5001"},"geometry":{"type":"Point","coordinates":[27.951721,43.215136]}},{"type":"Feature","properties":{"lines":"9, 31A, 109, 209 Б, 409","arr":["9","31A","109","209 Б","409"],"mode":"bus","angle":-12.9,"l0":"9, ","c0":"#4d4aba","l1":"31A, ","c1":"#07ad80","l2":"109, ","c2":"#03636c","l3":"209 Б, ","c3":"#b0045c","l4":"409","c4":"#7c5001"},"geometry":{"type":"Point","coordinates":[27.993704,43.224082]}},{"type":"Feature","properties":{"lines":"9, 31A, 109, 209 Б, 409","arr":["9","31A","109","209 Б","409"],"mode":"bus","angle":-15.4,"side":-1,"l0":"9, ","c0":"#4d4aba","l1":"31A, ","c1":"#07ad80","l2":"109, ","c2":"#03636c","l3":"209 Б, ","c3":"#b0045c","l4":"409","c4":"#7c5001"},"geometry":{"type":"Point","coordinates":[27.967109,43.218586]}},{"type":"Feature","properties":{"lines":"9, 31A, 109, 209 Б, 409","arr":["9","31A","109","209 Б","409"],"mode":"bus","angle":-22,"mi":2,"l0":"9, ","c0":"#4d4aba","l1":"31A, ","c1":"#07ad80","l2":"109, ","c2":"#03636c","l3":"209 Б, ","c3":"#b0045c","l4":"409","c4":"#7c5001"},"geometry":{"type":"Point","coordinates":[27.955627,43.216066]}},{"type":"Feature","properties":{"lines":"9, 31A, 109, 209 Б, 409","arr":["9","31A","109","209 Б","409"],"mode":"bus","angle":-24.2,"side":-1,"extra":1,"ei":0,"l0":"9, ","c0":"#4d4aba","l1":"31A, ","c1":"#07ad80","l2":"109, ","c2":"#03636c","l3":"209 Б, ","c3":"#b0045c","l4":"409","c4":"#7c5001"},"geometry":{"type":"Point","coordinates":[27.958629,43.216904]}},{"type":"Feature","properties":{"lines":"9, 31A, 109, 209 Б, 409","arr":["9","31A","109","209 Б","409"],"mode":"bus","angle":-23.1,"side":-1,"extra":1,"ei":1,"l0":"9, ","c0":"#4d4aba","l1":"31A, ","c1":"#07ad80","l2":"109, ","c2":"#03636c","l3":"209 Б, ","c3":"#b0045c","l4":"409","c4":"#7c5001"},"geometry":{"type":"Point","coordinates":[27.96101,43.217651]}},{"type":"Feature","properties":{"lines":"9, 31A, 109, 209 Б, 409","arr":["9","31A","109","209 Б","409"],"mode":"bus","angle":-4.7,"side":-1,"extra":1,"ei":2,"l0":"9, ","c0":"#4d4aba","l1":"31A, ","c1":"#07ad80","l2":"109, ","c2":"#03636c","l3":"209 Б, ","c3":"#b0045c","l4":"409","c4":"#7c5001"},"geometry":{"type":"Point","coordinates":[27.963457,43.218242]}},{"type":"Feature","properties":{"lines":"9, 31A, 109, 209 Б, 409","arr":["9","31A","109","209 Б","409"],"mode":"bus","angle":-32.9,"side":-1,"extra":1,"ei":3,"l0":"9, ","c0":"#4d4aba","l1":"31A, ","c1":"#07ad80","l2":"109, ","c2":"#03636c","l3":"209 Б, ","c3":"#b0045c","l4":"409","c4":"#7c5001"},"geometry":{"type":"Point","coordinates":[27.970945,43.21942]}},{"type":"Feature","properties":{"lines":"9, 31A, 109, 209 Б, 409","arr":["9","31A","109","209 Б","409"],"mode":"bus","angle":-18.2,"side":-1,"extra":1,"ei":4,"l0":"9, ","c0":"#4d4aba","l1":"31A, ","c1":"#07ad80","l2":"109, ","c2":"#03636c","l3":"209 Б, ","c3":"#b0045c","l4":"409","c4":"#7c5001"},"geometry":{"type":"Point","coordinates":[27.973343,43.220121]}},{"type":"Feature","properties":{"lines":"9, 31A, 109, 209 Б, 409","arr":["9","31A","109","209 Б","409"],"mode":"bus","angle":-28.4,"side":-1,"extra":1,"ei":5,"l0":"9, ","c0":"#4d4aba","l1":"31A, ","c1":"#07ad80","l2":"109, ","c2":"#03636c","l3":"209 Б, ","c3":"#b0045c","l4":"409","c4":"#7c5001"},"geometry":{"type":"Point","coordinates":[27.975793,43.220734]}},{"type":"Feature","properties":{"lines":"9, 31A, 109, 209 Б, 409","arr":["9","31A","109","209 Б","409"],"mode":"bus","angle":-39.3,"side":-1,"extra":1,"ei":0,"l0":"9, ","c0":"#4d4aba","l1":"31A, ","c1":"#07ad80","l2":"109, ","c2":"#03636c","l3":"209 Б, ","c3":"#b0045c","l4":"409","c4":"#7c5001"},"geometry":{"type":"Point","coordinates":[27.977781,43.222251]}},{"type":"Feature","properties":{"lines":"9, 31A, 109, 209 Б, 409","arr":["9","31A","109","209 Б","409"],"mode":"bus","angle":-11.2,"side":-1,"extra":1,"ei":1,"l0":"9, ","c0":"#4d4aba","l1":"31A, ","c1":"#07ad80","l2":"109, ","c2":"#03636c","l3":"209 Б, ","c3":"#b0045c","l4":"409","c4":"#7c5001"},"geometry":{"type":"Point","coordinates":[27.980303,43.222564]}},{"type":"Feature","properties":{"lines":"9, 31A, 109, 209 Б, 409","arr":["9","31A","109","209 Б","409"],"mode":"bus","angle":-10.8,"side":-1,"extra":1,"ei":2,"l0":"9, ","c0":"#4d4aba","l1":"31A, ","c1":"#07ad80","l2":"109, ","c2":"#03636c","l3":"209 Б, ","c3":"#b0045c","l4":"409","c4":"#7c5001"},"geometry":{"type":"Point","coordinates":[27.982847,43.222924]}},{"type":"Feature","properties":{"lines":"9, 31A, 109, 209 Б, 409","arr":["9","31A","109","209 Б","409"],"mode":"bus","angle":-8.8,"side":-1,"extra":1,"ei":3,"l0":"9, ","c0":"#4d4aba","l1":"31A, ","c1":"#07ad80","l2":"109, ","c2":"#03636c","l3":"209 Б, ","c3":"#b0045c","l4":"409","c4":"#7c5001"},"geometry":{"type":"Point","coordinates":[27.985398,43.223259]}},{"type":"Feature","properties":{"lines":"9, 31A, 109, 209 Б, 409","arr":["9","31A","109","209 Б","409"],"mode":"bus","angle":0.3,"side":-1,"extra":1,"ei":4,"l0":"9, ","c0":"#4d4aba","l1":"31A, ","c1":"#07ad80","l2":"109, ","c2":"#03636c","l3":"209 Б, ","c3":"#b0045c","l4":"409","c4":"#7c5001"},"geometry":{"type":"Point","coordinates":[27.987982,43.223336]}},{"type":"Feature","properties":{"lines":"9, 31A, 109, 209 Б, 409","arr":["9","31A","109","209 Б","409"],"mode":"bus","angle":-9.8,"side":-1,"extra":1,"ei":5,"l0":"9, ","c0":"#4d4aba","l1":"31A, ","c1":"#07ad80","l2":"109, ","c2":"#03636c","l3":"209 Б, ","c3":"#b0045c","l4":"409","c4":"#7c5001"},"geometry":{"type":"Point","coordinates":[27.990563,43.223451]}},{"type":"Feature","properties":{"lines":"9, 31A, 109, 209 Б, 409","arr":["9","31A","109","209 Б","409"],"mode":"bus","angle":-15.2,"side":-1,"extra":1,"ei":6,"l0":"9, ","c0":"#4d4aba","l1":"31A, ","c1":"#07ad80","l2":"109, ","c2":"#03636c","l3":"209 Б, ","c3":"#b0045c","l4":"409","c4":"#7c5001"},"geometry":{"type":"Point","coordinates":[27.995674,43.224048]}},{"type":"Feature","properties":{"lines":"9, 31A, 109, 209 Б, 409","arr":["9","31A","109","209 Б","409"],"mode":"bus","angle":-13.3,"side":-1,"extra":1,"ei":7,"l0":"9, ","c0":"#4d4aba","l1":"31A, ","c1":"#07ad80","l2":"109, ","c2":"#03636c","l3":"209 Б, ","c3":"#b0045c","l4":"409","c4":"#7c5001"},"geometry":{"type":"Point","coordinates":[27.998176,43.224537]}},{"type":"Feature","properties":{"lines":"9, 31A, 109, 209 Б, 409","arr":["9","31A","109","209 Б","409"],"mode":"bus","angle":-63.8,"side":-1,"extra":1,"ei":8,"l0":"9, ","c0":"#4d4aba","l1":"31A, ","c1":"#07ad80","l2":"109, ","c2":"#03636c","l3":"209 Б, ","c3":"#b0045c","l4":"409","c4":"#7c5001"},"geometry":{"type":"Point","coordinates":[28.000338,43.225421]}},{"type":"Feature","properties":{"lines":"9, 31A, 109, 209 Б, 409","arr":["9","31A","109","209 Б","409"],"mode":"bus","angle":-77.7,"side":-1,"extra":1,"ei":9,"l0":"9, ","c0":"#4d4aba","l1":"31A, ","c1":"#07ad80","l2":"109, ","c2":"#03636c","l3":"209 Б, ","c3":"#b0045c","l4":"409","c4":"#7c5001"},"geometry":{"type":"Point","coordinates":[28.000954,43.227252]}},{"type":"Feature","properties":{"lines":"9, 31A, 109, 209 Б, 409","arr":["9","31A","109","209 Б","409"],"mode":"bus","angle":-63.9,"side":-1,"extra":1,"ei":10,"l0":"9, ","c0":"#4d4aba","l1":"31A, ","c1":"#07ad80","l2":"109, ","c2":"#03636c","l3":"209 Б, ","c3":"#b0045c","l4":"409","c4":"#7c5001"},"geometry":{"type":"Point","coordinates":[28.001687,43.229057]}},{"type":"Feature","properties":{"lines":"9, 31A, 109, 209 Б, 409","arr":["9","31A","109","209 Б","409"],"mode":"bus","angle":-51.2,"extra":1,"ei":0,"l0":"9, ","c0":"#4d4aba","l1":"31A, ","c1":"#07ad80","l2":"109, ","c2":"#03636c","l3":"209 Б, ","c3":"#b0045c","l4":"409","c4":"#7c5001"},"geometry":{"type":"Point","coordinates":[28.003981,43.231667]}},{"type":"Feature","properties":{"lines":"9, 31A, 109, 209 Б, 409","arr":["9","31A","109","209 Б","409"],"mode":"bus","angle":-55,"extra":1,"ei":1,"l0":"9, ","c0":"#4d4aba","l1":"31A, ","c1":"#07ad80","l2":"109, ","c2":"#03636c","l3":"209 Б, ","c3":"#b0045c","l4":"409","c4":"#7c5001"},"geometry":{"type":"Point","coordinates":[28.002444,43.230147]}},{"type":"Feature","properties":{"lines":"9, 31A, 109, 209 Б, 409","arr":["9","31A","109","209 Б","409"],"mode":"bus","angle":-10.9,"extra":1,"ei":0,"l0":"9, ","c0":"#4d4aba","l1":"31A, ","c1":"#07ad80","l2":"109, ","c2":"#03636c","l3":"209 Б, ","c3":"#b0045c","l4":"409","c4":"#7c5001"},"geometry":{"type":"Point","coordinates":[27.965478,43.218346]}},{"type":"Feature","properties":{"lines":"9, 31A, 109, 209 Б, 409","arr":["9","31A","109","209 Б","409"],"mode":"bus","angle":-48.2,"mi":1,"l0":"9, ","c0":"#4d4aba","l1":"31A, ","c1":"#07ad80","l2":"109, ","c2":"#03636c","l3":"209 Б, ","c3":"#b0045c","l4":"409","c4":"#7c5001"},"geometry":{"type":"Point","coordinates":[27.976728,43.221353]}},{"type":"Feature","properties":{"lines":"9, 109, 209 Б, 409","arr":["9","109","209 Б","409"],"mode":"bus","angle":-33.4,"side":-1,"mi":1,"l0":"9, ","c0":"#4d4aba","l1":"109, ","c1":"#03636c","l2":"209 Б, ","c2":"#b0045c","l3":"409","c3":"#7c5001"},"geometry":{"type":"Point","coordinates":[28.006577,43.233228]}},{"type":"Feature","properties":{"lines":"9, 109, 209 Б, 409","arr":["9","109","209 Б","409"],"mode":"bus","angle":-53.6,"extra":1,"ei":0,"l0":"9, ","c0":"#4d4aba","l1":"109, ","c1":"#03636c","l2":"209 Б, ","c2":"#b0045c","l3":"409","c3":"#7c5001"},"geometry":{"type":"Point","coordinates":[28.003618,43.231135]}},{"type":"Feature","properties":{"lines":"9, 109, 209 Б, 409","arr":["9","109","209 Б","409"],"mode":"bus","angle":-29.4,"side":-1,"extra":1,"ei":1,"l0":"9, ","c0":"#4d4aba","l1":"109, ","c1":"#03636c","l2":"209 Б, ","c2":"#b0045c","l3":"409","c3":"#7c5001"},"geometry":{"type":"Point","coordinates":[28.009651,43.234619]}},{"type":"Feature","properties":{"lines":"9, 109, 209 Б, 409","arr":["9","109","209 Б","409"],"mode":"bus","angle":-53.1,"l0":"9, ","c0":"#4d4aba","l1":"109, ","c1":"#03636c","l2":"209 Б, ","c2":"#b0045c","l3":"409","c3":"#7c5001"},"geometry":{"type":"Point","coordinates":[28.025713,43.274377]}},{"type":"Feature","properties":{"lines":"9, 109, 209 Б, 409","arr":["9","109","209 Б","409"],"mode":"bus","angle":-69,"side":-1,"l0":"9, ","c0":"#4d4aba","l1":"109, ","c1":"#03636c","l2":"209 Б, ","c2":"#b0045c","l3":"409","c3":"#7c5001"},"geometry":{"type":"Point","coordinates":[28.013692,43.238801]}},{"type":"Feature","properties":{"lines":"9, 109, 209 Б, 409","arr":["9","109","209 Б","409"],"mode":"bus","angle":-65.6,"side":-1,"extra":1,"ei":0,"l0":"9, ","c0":"#4d4aba","l1":"109, ","c1":"#03636c","l2":"209 Б, ","c2":"#b0045c","l3":"409","c3":"#7c5001"},"geometry":{"type":"Point","coordinates":[28.012346,43.236355]}},{"type":"Feature","properties":{"lines":"9, 109, 209 Б, 409","arr":["9","109","209 Б","409"],"mode":"bus","angle":-69,"side":-1,"extra":1,"ei":1,"l0":"9, ","c0":"#4d4aba","l1":"109, ","c1":"#03636c","l2":"209 Б, ","c2":"#b0045c","l3":"409","c3":"#7c5001"},"geometry":{"type":"Point","coordinates":[28.015208,43.241622]}},{"type":"Feature","properties":{"lines":"9, 109, 209 Б, 409","arr":["9","109","209 Б","409"],"mode":"bus","angle":-76.3,"side":-1,"extra":1,"ei":0,"l0":"9, ","c0":"#4d4aba","l1":"109, ","c1":"#03636c","l2":"209 Б, ","c2":"#b0045c","l3":"409","c3":"#7c5001"},"geometry":{"type":"Point","coordinates":[28.017582,43.260389]}},{"type":"Feature","properties":{"lines":"9, 109, 209 Б, 409","arr":["9","109","209 Б","409"],"mode":"bus","angle":-76.5,"side":-1,"extra":1,"ei":1,"l0":"9, ","c0":"#4d4aba","l1":"109, ","c1":"#03636c","l2":"209 Б, ","c2":"#b0045c","l3":"409","c3":"#7c5001"},"geometry":{"type":"Point","coordinates":[28.018194,43.262224]}},{"type":"Feature","properties":{"lines":"9, 109, 209 Б, 409","arr":["9","109","209 Б","409"],"mode":"bus","angle":-76.1,"side":-1,"extra":1,"ei":2,"l0":"9, ","c0":"#4d4aba","l1":"109, ","c1":"#03636c","l2":"209 Б, ","c2":"#b0045c","l3":"409","c3":"#7c5001"},"geometry":{"type":"Point","coordinates":[28.018805,43.264059]}},{"type":"Feature","properties":{"lines":"9, 109, 209 Б, 409","arr":["9","109","209 Б","409"],"mode":"bus","angle":-75.8,"side":-1,"extra":1,"ei":3,"l0":"9, ","c0":"#4d4aba","l1":"109, ","c1":"#03636c","l2":"209 Б, ","c2":"#b0045c","l3":"409","c3":"#7c5001"},"geometry":{"type":"Point","coordinates":[28.019405,43.265896]}},{"type":"Feature","properties":{"lines":"9, 109, 209 Б, 409","arr":["9","109","209 Б","409"],"mode":"bus","angle":-76.2,"side":-1,"extra":1,"ei":4,"l0":"9, ","c0":"#4d4aba","l1":"109, ","c1":"#03636c","l2":"209 Б, ","c2":"#b0045c","l3":"409","c3":"#7c5001"},"geometry":{"type":"Point","coordinates":[28.020032,43.267729]}},{"type":"Feature","properties":{"lines":"9, 109, 209 Б, 409","arr":["9","109","209 Б","409"],"mode":"bus","angle":-64.1,"side":-1,"extra":1,"ei":5,"l0":"9, ","c0":"#4d4aba","l1":"109, ","c1":"#03636c","l2":"209 Б, ","c2":"#b0045c","l3":"409","c3":"#7c5001"},"geometry":{"type":"Point","coordinates":[28.020855,43.269514]}},{"type":"Feature","properties":{"lines":"9, 109, 209 Б, 409","arr":["9","109","209 Б","409"],"mode":"bus","angle":-51.7,"side":-1,"extra":1,"ei":6,"l0":"9, ","c0":"#4d4aba","l1":"109, ","c1":"#03636c","l2":"209 Б, ","c2":"#b0045c","l3":"409","c3":"#7c5001"},"geometry":{"type":"Point","coordinates":[28.022308,43.271072]}},{"type":"Feature","properties":{"lines":"9, 109, 209 Б, 409","arr":["9","109","209 Б","409"],"mode":"bus","angle":-51.7,"side":-1,"extra":1,"ei":7,"l0":"9, ","c0":"#4d4aba","l1":"109, ","c1":"#03636c","l2":"209 Б, ","c2":"#b0045c","l3":"409","c3":"#7c5001"},"geometry":{"type":"Point","coordinates":[28.023915,43.272553]}},{"type":"Feature","properties":{"lines":"9, 109, 209 Б, 409","arr":["9","109","209 Б","409"],"mode":"bus","angle":-25.8,"side":-1,"extra":1,"ei":8,"l0":"9, ","c0":"#4d4aba","l1":"109, ","c1":"#03636c","l2":"209 Б, ","c2":"#b0045c","l3":"409","c3":"#7c5001"},"geometry":{"type":"Point","coordinates":[28.027028,43.275568]}},{"type":"Feature","properties":{"lines":"9, 109, 209 Б, 409","arr":["9","109","209 Б","409"],"mode":"bus","angle":-41.7,"extra":1,"ei":0,"l0":"9, ","c0":"#4d4aba","l1":"109, ","c1":"#03636c","l2":"209 Б, ","c2":"#b0045c","l3":"409","c3":"#7c5001"},"geometry":{"type":"Point","coordinates":[28.036154,43.287485]}},{"type":"Feature","properties":{"lines":"9, 109, 209 Б, 409","arr":["9","109","209 Б","409"],"mode":"bus","angle":-49.6,"extra":1,"ei":1,"l0":"9, ","c0":"#4d4aba","l1":"109, ","c1":"#03636c","l2":"209 Б, ","c2":"#b0045c","l3":"409","c3":"#7c5001"},"geometry":{"type":"Point","coordinates":[28.035271,43.285767]}},{"type":"Feature","properties":{"lines":"9, 109, 209 Б, 409","arr":["9","109","209 Б","409"],"mode":"bus","angle":-58.9,"extra":1,"ei":2,"l0":"9, ","c0":"#4d4aba","l1":"109, ","c1":"#03636c","l2":"209 Б, ","c2":"#b0045c","l3":"409","c3":"#7c5001"},"geometry":{"type":"Point","coordinates":[28.033544,43.28436]}},{"type":"Feature","properties":{"lines":"9, 109, 209 Б, 409","arr":["9","109","209 Б","409"],"mode":"bus","angle":-74.4,"extra":1,"ei":3,"l0":"9, ","c0":"#4d4aba","l1":"109, ","c1":"#03636c","l2":"209 Б, ","c2":"#b0045c","l3":"409","c3":"#7c5001"},"geometry":{"type":"Point","coordinates":[28.032926,43.282531]}},{"type":"Feature","properties":{"lines":"9, 109, 209 Б, 409","arr":["9","109","209 Б","409"],"mode":"bus","angle":-47.1,"extra":1,"ei":4,"l0":"9, ","c0":"#4d4aba","l1":"109, ","c1":"#03636c","l2":"209 Б, ","c2":"#b0045c","l3":"409","c3":"#7c5001"},"geometry":{"type":"Point","coordinates":[28.032049,43.280779]}},{"type":"Feature","properties":{"lines":"9, 109, 209 Б, 409","arr":["9","109","209 Б","409"],"mode":"bus","angle":-69,"extra":1,"ei":5,"l0":"9, ","c0":"#4d4aba","l1":"109, ","c1":"#03636c","l2":"209 Б, ","c2":"#b0045c","l3":"409","c3":"#7c5001"},"geometry":{"type":"Point","coordinates":[28.030444,43.279329]}},{"type":"Feature","properties":{"lines":"9, 109, 209 Б, 409","arr":["9","109","209 Б","409"],"mode":"bus","angle":61.1,"extra":1,"ei":6,"l0":"9, ","c0":"#4d4aba","l1":"109, ","c1":"#03636c","l2":"209 Б, ","c2":"#b0045c","l3":"409","c3":"#7c5001"},"geometry":{"type":"Point","coordinates":[28.030426,43.277565]}},{"type":"Feature","properties":{"lines":"9, 109, 209 Б, 409","arr":["9","109","209 Б","409"],"mode":"bus","angle":-73,"extra":1,"ei":7,"l0":"9, ","c0":"#4d4aba","l1":"109, ","c1":"#03636c","l2":"209 Б, ","c2":"#b0045c","l3":"409","c3":"#7c5001"},"geometry":{"type":"Point","coordinates":[28.030302,43.275746]}},{"type":"Feature","properties":{"lines":"9, 109, 209 Б, 409","arr":["9","109","209 Б","409"],"mode":"bus","angle":21.8,"extra":1,"ei":8,"l0":"9, ","c0":"#4d4aba","l1":"109, ","c1":"#03636c","l2":"209 Б, ","c2":"#b0045c","l3":"409","c3":"#7c5001"},"geometry":{"type":"Point","coordinates":[28.028527,43.274647]}},{"type":"Feature","properties":{"lines":"9, 109, 209 Б, 409","arr":["9","109","209 Б","409"],"mode":"bus","angle":-76.6,"extra":1,"ei":9,"l0":"9, ","c0":"#4d4aba","l1":"109, ","c1":"#03636c","l2":"209 Б, ","c2":"#b0045c","l3":"409","c3":"#7c5001"},"geometry":{"type":"Point","coordinates":[28.016737,43.258318]}},{"type":"Feature","properties":{"lines":"9, 109, 209 Б, 409","arr":["9","109","209 Б","409"],"mode":"bus","angle":-68,"extra":1,"ei":0,"l0":"9, ","c0":"#4d4aba","l1":"109, ","c1":"#03636c","l2":"209 Б, ","c2":"#b0045c","l3":"409","c3":"#7c5001"},"geometry":{"type":"Point","coordinates":[28.012957,43.23772]}},{"type":"Feature","properties":{"lines":"9, 209 Б","arr":["9","209 Б"],"mode":"bus","angle":80.8,"l0":"9, ","c0":"#4d4aba","l1":"209 Б","c1":"#b0045c"},"geometry":{"type":"Point","coordinates":[28.014853,43.250842]}},{"type":"Feature","properties":{"lines":"9, 209 Б","arr":["9","209 Б"],"mode":"bus","angle":-74.5,"side":-1,"extra":1,"ei":0,"l0":"9, ","c0":"#4d4aba","l1":"209 Б","c1":"#b0045c"},"geometry":{"type":"Point","coordinates":[28.015874,43.243035]}},{"type":"Feature","properties":{"lines":"9, 209 Б","arr":["9","209 Б"],"mode":"bus","angle":88.6,"extra":1,"ei":1,"l0":"9, ","c0":"#4d4aba","l1":"209 Б","c1":"#b0045c"},"geometry":{"type":"Point","coordinates":[28.016193,43.244902]}},{"type":"Feature","properties":{"lines":"9, 209 Б","arr":["9","209 Б"],"mode":"bus","angle":79.9,"extra":1,"ei":2,"l0":"9, ","c0":"#4d4aba","l1":"209 Б","c1":"#b0045c"},"geometry":{"type":"Point","coordinates":[28.015876,43.246773]}},{"type":"Feature","properties":{"lines":"9, 209 Б","arr":["9","209 Б"],"mode":"bus","angle":79.4,"extra":1,"ei":3,"l0":"9, ","c0":"#4d4aba","l1":"209 Б","c1":"#b0045c"},"geometry":{"type":"Point","coordinates":[28.015409,43.248631]}},{"type":"Feature","properties":{"lines":"9, 209 Б","arr":["9","209 Б"],"mode":"bus","angle":-79.5,"side":-1,"extra":1,"ei":4,"l0":"9, ","c0":"#4d4aba","l1":"209 Б","c1":"#b0045c"},"geometry":{"type":"Point","coordinates":[28.01485,43.25236]}},{"type":"Feature","properties":{"lines":"9, 209 Б","arr":["9","209 Б"],"mode":"bus","angle":-75.8,"side":-1,"extra":1,"ei":5,"l0":"9, ","c0":"#4d4aba","l1":"209 Б","c1":"#b0045c"},"geometry":{"type":"Point","coordinates":[28.01549,43.254189]}},{"type":"Feature","properties":{"lines":"9, 209 Б","arr":["9","209 Б"],"mode":"bus","angle":-76.6,"side":-1,"extra":1,"ei":6,"l0":"9, ","c0":"#4d4aba","l1":"209 Б","c1":"#b0045c"},"geometry":{"type":"Point","coordinates":[28.016105,43.256023]}},{"type":"Feature","properties":{"lines":"9, 209 Б","arr":["9","209 Б"],"mode":"bus","angle":-75.9,"side":-1,"extra":1,"ei":7,"l0":"9, ","c0":"#4d4aba","l1":"209 Б","c1":"#b0045c"},"geometry":{"type":"Point","coordinates":[28.016713,43.257859]}},{"type":"Feature","properties":{"lines":"9, 409","arr":["9","409"],"mode":"bus","angle":-51.1,"mi":1,"l0":"9, ","c0":"#4d4aba","l1":"409","c1":"#7c5001"},"geometry":{"type":"Point","coordinates":[28.039611,43.274589]}},{"type":"Feature","properties":{"lines":"9, 409","arr":["9","409"],"mode":"bus","angle":-77.1,"l0":"9, ","c0":"#4d4aba","l1":"409","c1":"#7c5001"},"geometry":{"type":"Point","coordinates":[28.037584,43.280847]}},{"type":"Feature","properties":{"lines":"9, 409","arr":["9","409"],"mode":"bus","angle":58.5,"extra":1,"ei":0,"l0":"9, ","c0":"#4d4aba","l1":"409","c1":"#7c5001"},"geometry":{"type":"Point","coordinates":[28.038371,43.274812]}},{"type":"Feature","properties":{"lines":"9, 409","arr":["9","409"],"mode":"bus","angle":84.3,"extra":1,"ei":1,"l0":"9, ","c0":"#4d4aba","l1":"409","c1":"#7c5001"},"geometry":{"type":"Point","coordinates":[28.037302,43.27651]}},{"type":"Feature","properties":{"lines":"9, 409","arr":["9","409"],"mode":"bus","angle":-89.9,"extra":1,"ei":2,"l0":"9, ","c0":"#4d4aba","l1":"409","c1":"#7c5001"},"geometry":{"type":"Point","coordinates":[28.037231,43.278397]}},{"type":"Feature","properties":{"lines":"9, 409","arr":["9","409"],"mode":"bus","angle":69.2,"extra":1,"ei":3,"l0":"9, ","c0":"#4d4aba","l1":"409","c1":"#7c5001"},"geometry":{"type":"Point","coordinates":[28.037648,43.282114]}},{"type":"Feature","properties":{"lines":"9, 409","arr":["9","409"],"mode":"bus","angle":-84.6,"extra":1,"ei":4,"l0":"9, ","c0":"#4d4aba","l1":"409","c1":"#7c5001"},"geometry":{"type":"Point","coordinates":[28.037007,43.28392]}},{"type":"Feature","properties":{"lines":"9, 409","arr":["9","409"],"mode":"bus","angle":-89.8,"extra":1,"ei":5,"l0":"9, ","c0":"#4d4aba","l1":"409","c1":"#7c5001"},"geometry":{"type":"Point","coordinates":[28.037333,43.285788]}},{"type":"Feature","properties":{"lines":"9, 409","arr":["9","409"],"mode":"bus","angle":-76.5,"side":-1,"extra":1,"ei":6,"l0":"9, ","c0":"#4d4aba","l1":"409","c1":"#7c5001"},"geometry":{"type":"Point","coordinates":[28.037227,43.287663]}},{"type":"Feature","properties":{"lines":"409","arr":["409"],"mode":"bus","angle":28.6,"side":-1,"mi":7,"l0":"409","c0":"#7c5001"},"geometry":{"type":"Point","coordinates":[27.830118,43.245346]}},{"type":"Feature","properties":{"lines":"409","arr":["409"],"mode":"bus","angle":58.6,"mi":9,"l0":"409","c0":"#7c5001"},"geometry":{"type":"Point","coordinates":[27.824504,43.237905]}},{"type":"Feature","properties":{"lines":"409","arr":["409"],"mode":"bus","angle":-56.6,"extra":1,"ei":0,"l0":"409","c0":"#7c5001"},"geometry":{"type":"Point","coordinates":[27.832897,43.238875]}},{"type":"Feature","properties":{"lines":"409","arr":["409"],"mode":"bus","angle":3.7,"extra":1,"ei":1,"l0":"409","c0":"#7c5001"},"geometry":{"type":"Point","coordinates":[27.830722,43.238173]}},{"type":"Feature","properties":{"lines":"409","arr":["409"],"mode":"bus","angle":5.3,"extra":1,"ei":2,"l0":"409","c0":"#7c5001"},"geometry":{"type":"Point","coordinates":[27.828137,43.238304]}},{"type":"Feature","properties":{"lines":"409","arr":["409"],"mode":"bus","angle":30.8,"mi":5,"l0":"409","c0":"#7c5001"},"geometry":{"type":"Point","coordinates":[27.836813,43.23851]}},{"type":"Feature","properties":{"lines":"409","arr":["409"],"mode":"bus","angle":32.4,"side":-1,"mi":1,"l0":"409","c0":"#7c5001"},"geometry":{"type":"Point","coordinates":[27.855535,43.230007]}},{"type":"Feature","properties":{"lines":"409","arr":["409"],"mode":"bus","angle":69.1,"mi":6,"l0":"409","c0":"#7c5001"},"geometry":{"type":"Point","coordinates":[27.838147,43.238873]}},{"type":"Feature","properties":{"lines":"409","arr":["409"],"mode":"bus","angle":-18,"mi":8,"l0":"409","c0":"#7c5001"},"geometry":{"type":"Point","coordinates":[27.829813,43.245498]}},{"type":"Feature","properties":{"lines":"9, 31A, 109","arr":["9","31A","109"],"mode":"bus","angle":-49,"l0":"9, ","c0":"#4d4aba","l1":"31A, ","c1":"#07ad80","l2":"109","c2":"#03636c"},"geometry":{"type":"Point","coordinates":[27.976315,43.221562]}},{"type":"Feature","properties":{"lines":"9, 14, 17, 31A, 39, 109, 209 Б, 409","arr":["9","14","17","31A","39","109","209 Б","409"],"mode":"bus","angle":-14.6,"l0":"9, ","c0":"#4d4aba","l1":"14, ","c1":"#e16cd6","l2":"17, ","c2":"#f57145","l3":"31A, ","c3":"#07ad80","l4":"39, ","c4":"#b20b42","l5":"109, ","c5":"#03636c","l6":"209 Б, ","c6":"#b0045c","l7":"409","c7":"#7c5001"},"geometry":{"type":"Point","coordinates":[27.953289,43.215485]}},{"type":"Feature","properties":{"lines":"10, 13, 148, 409","arr":["10","13","148","409"],"mode":"bus","angle":83.5,"l0":"10, ","c0":"#02af5a","l1":"13, ","c1":"#9789ff","l2":"148, ","c2":"#10a5d2","l3":"409","c3":"#7c5001"},"geometry":{"type":"Point","coordinates":[27.910662,43.205701]}},{"type":"Feature","properties":{"lines":"10, 14, 23","arr":["10","14","23"],"mode":"bus","angle":-47.3,"l0":"10, ","c0":"#02af5a","l1":"14, ","c1":"#e16cd6","l2":"23","c2":"#11a2e3"},"geometry":{"type":"Point","coordinates":[27.905237,43.213563]}},{"type":"Feature","properties":{"lines":"10, 23, 118","arr":["10","23","118"],"mode":"bus","angle":-46,"l0":"10, ","c0":"#02af5a","l1":"23, ","c1":"#11a2e3","l2":"118","c2":"#6b5806"},"geometry":{"type":"Point","coordinates":[27.908336,43.215904]}},{"type":"Feature","properties":{"lines":"10, 12, 23","arr":["10","12","23"],"mode":"bus","angle":73.3,"l0":"10, ","c0":"#02af5a","l1":"12, ","c1":"#dc357c","l2":"23","c2":"#11a2e3"},"geometry":{"type":"Point","coordinates":[27.909391,43.222195]}},{"type":"Feature","properties":{"lines":"10, 12, 23","arr":["10","12","23"],"mode":"bus","angle":62.4,"extra":1,"ei":0,"l0":"10, ","c0":"#02af5a","l1":"12, ","c1":"#dc357c","l2":"23","c2":"#11a2e3"},"geometry":{"type":"Point","coordinates":[27.909529,43.220113]}},{"type":"Feature","properties":{"lines":"10, 12, 23","arr":["10","12","23"],"mode":"bus","angle":73.9,"extra":1,"ei":1,"l0":"10, ","c0":"#02af5a","l1":"12, ","c1":"#dc357c","l2":"23","c2":"#11a2e3"},"geometry":{"type":"Point","coordinates":[27.908788,43.223698]}},{"type":"Feature","properties":{"lines":"10, 12","arr":["10","12"],"mode":"bus","angle":-61.8,"l0":"10, ","c0":"#02af5a","l1":"12","c1":"#dc357c"},"geometry":{"type":"Point","coordinates":[27.908904,43.22562]}},{"type":"Feature","properties":{"lines":"10, 12","arr":["10","12"],"mode":"bus","angle":-21.6,"mi":1,"l0":"10, ","c0":"#02af5a","l1":"12","c1":"#dc357c"},"geometry":{"type":"Point","coordinates":[27.910789,43.226659]}},{"type":"Feature","properties":{"lines":"10","arr":["10"],"mode":"bus","angle":-8,"side":-1,"mi":2,"l0":"10","c0":"#02af5a"},"geometry":{"type":"Point","coordinates":[27.914863,43.227046]}},{"type":"Feature","properties":{"lines":"10","arr":["10"],"mode":"bus","angle":-9.1,"side":-1,"extra":1,"ei":0,"l0":"10","c0":"#02af5a"},"geometry":{"type":"Point","coordinates":[27.916562,43.227238]}},{"type":"Feature","properties":{"lines":"10","arr":["10"],"mode":"bus","angle":-52.3,"mi":3,"l0":"10","c0":"#02af5a"},"geometry":{"type":"Point","coordinates":[27.916741,43.22097]}},{"type":"Feature","properties":{"lines":"10","arr":["10"],"mode":"bus","angle":-78.9,"l0":"10","c0":"#02af5a"},"geometry":{"type":"Point","coordinates":[27.917813,43.223751]}},{"type":"Feature","properties":{"lines":"10","arr":["10"],"mode":"bus","angle":89.5,"mi":1,"l0":"10","c0":"#02af5a"},"geometry":{"type":"Point","coordinates":[27.917012,43.226472]}},{"type":"Feature","properties":{"lines":"10","arr":["10"],"mode":"bus","angle":8.1,"extra":1,"ei":0,"l0":"10","c0":"#02af5a"},"geometry":{"type":"Point","coordinates":[27.917427,43.224933]}},{"type":"Feature","properties":{"lines":"10","arr":["10"],"mode":"bus","angle":-73.7,"extra":1,"ei":1,"l0":"10","c0":"#02af5a"},"geometry":{"type":"Point","coordinates":[27.917147,43.221646]}},{"type":"Feature","properties":{"lines":"10, 13, 122","arr":["10","13","122"],"mode":"bus","angle":-55.3,"l0":"10, ","c0":"#02af5a","l1":"13, ","c1":"#9789ff","l2":"122","c2":"#cf8a11"},"geometry":{"type":"Point","coordinates":[27.890005,43.192594]}},{"type":"Feature","properties":{"lines":"10, 13, 122","arr":["10","13","122"],"mode":"bus","angle":23.3,"extra":1,"ei":0,"l0":"10, ","c0":"#02af5a","l1":"13, ","c1":"#9789ff","l2":"122","c2":"#cf8a11"},"geometry":{"type":"Point","coordinates":[27.891425,43.188681]}},{"type":"Feature","properties":{"lines":"10, 13, 122","arr":["10","13","122"],"mode":"bus","angle":59.4,"extra":1,"ei":1,"l0":"10, ","c0":"#02af5a","l1":"13, ","c1":"#9789ff","l2":"122","c2":"#cf8a11"},"geometry":{"type":"Point","coordinates":[27.889162,43.189558]}},{"type":"Feature","properties":{"lines":"10, 13, 122","arr":["10","13","122"],"mode":"bus","angle":-75.9,"extra":1,"ei":2,"l0":"10, ","c0":"#02af5a","l1":"13, ","c1":"#9789ff","l2":"122","c2":"#cf8a11"},"geometry":{"type":"Point","coordinates":[27.889224,43.191413]}},{"type":"Feature","properties":{"lines":"10, 13, 122","arr":["10","13","122"],"mode":"bus","angle":-28,"side":-1,"extra":1,"ei":3,"l0":"10, ","c0":"#02af5a","l1":"13, ","c1":"#9789ff","l2":"122","c2":"#cf8a11"},"geometry":{"type":"Point","coordinates":[27.892552,43.194161]}},{"type":"Feature","properties":{"lines":"10, 13, 122","arr":["10","13","122"],"mode":"bus","angle":-35.3,"extra":1,"ei":4,"l0":"10, ","c0":"#02af5a","l1":"13, ","c1":"#9789ff","l2":"122","c2":"#cf8a11"},"geometry":{"type":"Point","coordinates":[27.894829,43.195062]}},{"type":"Feature","properties":{"lines":"10, 13, 122","arr":["10","13","122"],"mode":"bus","angle":47.5,"mi":1,"l0":"10, ","c0":"#02af5a","l1":"13, ","c1":"#9789ff","l2":"122","c2":"#cf8a11"},"geometry":{"type":"Point","coordinates":[27.89594,43.196726]}},{"type":"Feature","properties":{"lines":"10, 13, 122","arr":["10","13","122"],"mode":"bus","angle":-87.7,"side":-1,"extra":1,"ei":0,"l0":"10, ","c0":"#02af5a","l1":"13, ","c1":"#9789ff","l2":"122","c2":"#cf8a11"},"geometry":{"type":"Point","coordinates":[27.896441,43.197911]}},{"type":"Feature","properties":{"lines":"10, 12, 13, 17, 36, 37, 46 Б, 55, 88, 122","arr":["10","12","13","17","36","37","46 Б","55","88","122"],"mode":"bus","angle":-87.7,"mi":2,"l0":"10, ","c0":"#02af5a","l1":"12, ","c1":"#dc357c","l2":"13, ","c2":"#9789ff","l3":"17, ","c3":"#f57145","l4":"36, ","c4":"#7b3aa8","l5":"37, ","c5":"#05617d","l6":"46 Б, ","c6":"#5a5d02","l7":"55, ","c7":"#19a9a8","l8":"88, ","c8":"#a72d06","l9":"122","c9":"#cf8a11"},"geometry":{"type":"Point","coordinates":[27.896534,43.199386]}},{"type":"Feature","properties":{"lines":"10, 12, 13, 17, 36, 37, 46 Б, 55, 88, 122","arr":["10","12","13","17","36","37","46 Б","55","88","122"],"mode":"bus","angle":-31.5,"side":-1,"mi":1,"l0":"10, ","c0":"#02af5a","l1":"12, ","c1":"#dc357c","l2":"13, ","c2":"#9789ff","l3":"17, ","c3":"#f57145","l4":"36, ","c4":"#7b3aa8","l5":"37, ","c5":"#05617d","l6":"46 Б, ","c6":"#5a5d02","l7":"55, ","c7":"#19a9a8","l8":"88, ","c8":"#a72d06","l9":"122","c9":"#cf8a11"},"geometry":{"type":"Point","coordinates":[27.899143,43.203119]}},{"type":"Feature","properties":{"lines":"10, 12, 13, 17, 36, 37, 46 Б, 55, 88, 122","arr":["10","12","13","17","36","37","46 Б","55","88","122"],"mode":"bus","angle":-57.7,"l0":"10, ","c0":"#02af5a","l1":"12, ","c1":"#dc357c","l2":"13, ","c2":"#9789ff","l3":"17, ","c3":"#f57145","l4":"36, ","c4":"#7b3aa8","l5":"37, ","c5":"#05617d","l6":"46 Б, ","c6":"#5a5d02","l7":"55, ","c7":"#19a9a8","l8":"88, ","c8":"#a72d06","l9":"122","c9":"#cf8a11"},"geometry":{"type":"Point","coordinates":[27.896479,43.201907]}},{"type":"Feature","properties":{"lines":"10, 12, 13, 17, 36, 37, 46 Б, 55, 88, 122","arr":["10","12","13","17","36","37","46 Б","55","88","122"],"mode":"bus","angle":-5.9,"side":-1,"extra":1,"ei":0,"l0":"10, ","c0":"#02af5a","l1":"12, ","c1":"#dc357c","l2":"13, ","c2":"#9789ff","l3":"17, ","c3":"#f57145","l4":"36, ","c4":"#7b3aa8","l5":"37, ","c5":"#05617d","l6":"46 Б, ","c6":"#5a5d02","l7":"55, ","c7":"#19a9a8","l8":"88, ","c8":"#a72d06","l9":"122","c9":"#cf8a11"},"geometry":{"type":"Point","coordinates":[27.902763,43.203742]}},{"type":"Feature","properties":{"lines":"10, 13","arr":["10","13"],"mode":"bus","angle":38.7,"side":-1,"l0":"10, ","c0":"#02af5a","l1":"13","c1":"#9789ff"},"geometry":{"type":"Point","coordinates":[27.905038,43.203435]}},{"type":"Feature","properties":{"lines":"10, 23, 36, 37, 55","arr":["10","23","36","37","55"],"mode":"bus","angle":39.8,"side":-1,"l0":"10, ","c0":"#02af5a","l1":"23, ","c1":"#11a2e3","l2":"36, ","c2":"#7b3aa8","l3":"37, ","c3":"#05617d","l4":"55","c4":"#19a9a8"},"geometry":{"type":"Point","coordinates":[27.904662,43.20383]}},{"type":"Feature","properties":{"lines":"10, 12, 13, 17, 23, 36, 37, 46 Б, 55, 88, 122","arr":["10","12","13","17","23","36","37","46 Б","55","88","122"],"mode":"bus","angle":-8.1,"l0":"10, ","c0":"#02af5a","l1":"12, ","c1":"#dc357c","l2":"13, ","c2":"#9789ff","l3":"17, ","c3":"#f57145","l4":"23, ","c4":"#11a2e3","l5":"36, ","c5":"#7b3aa8","l6":"37, ","c6":"#05617d","l7":"46 Б, ","c7":"#5a5d02","l8":"55, ","c8":"#19a9a8","l9":"88, ","c9":"#a72d06","l10":"122","c10":"#cf8a11"},"geometry":{"type":"Point","coordinates":[27.901439,43.203793]}},{"type":"Feature","properties":{"lines":"12","arr":["12"],"mode":"bus","angle":-37.2,"mi":2,"l0":"12","c0":"#dc357c"},"geometry":{"type":"Point","coordinates":[27.888355,43.175434]}},{"type":"Feature","properties":{"lines":"12","arr":["12"],"mode":"bus","angle":46.9,"mi":4,"l0":"12","c0":"#dc357c"},"geometry":{"type":"Point","coordinates":[27.887244,43.175884]}},{"type":"Feature","properties":{"lines":"12","arr":["12"],"mode":"bus","angle":-59.7,"mi":1,"l0":"12","c0":"#dc357c"},"geometry":{"type":"Point","coordinates":[27.88769,43.177986]}},{"type":"Feature","properties":{"lines":"12","arr":["12"],"mode":"bus","angle":7.5,"mi":3,"l0":"12","c0":"#dc357c"},"geometry":{"type":"Point","coordinates":[27.891847,43.179217]}},{"type":"Feature","properties":{"lines":"12","arr":["12"],"mode":"bus","angle":1.1,"extra":1,"ei":0,"l0":"12","c0":"#dc357c"},"geometry":{"type":"Point","coordinates":[27.893711,43.179084]}},{"type":"Feature","properties":{"lines":"12","arr":["12"],"mode":"bus","angle":36.1,"mi":5,"l0":"12","c0":"#dc357c"},"geometry":{"type":"Point","coordinates":[27.895507,43.178866]}},{"type":"Feature","properties":{"lines":"12, 17, 46 Б, 55","arr":["12","17","46 Б","55"],"mode":"bus","angle":-55.7,"l0":"12, ","c0":"#dc357c","l1":"17, ","c1":"#f57145","l2":"46 Б, ","c2":"#5a5d02","l3":"55","c3":"#19a9a8"},"geometry":{"type":"Point","coordinates":[27.896574,43.17915]}},{"type":"Feature","properties":{"lines":"12, 17, 46 Б, 55","arr":["12","17","46 Б","55"],"mode":"bus","angle":-48.2,"mi":2,"l0":"12, ","c0":"#dc357c","l1":"17, ","c1":"#f57145","l2":"46 Б, ","c2":"#5a5d02","l3":"55","c3":"#19a9a8"},"geometry":{"type":"Point","coordinates":[27.887575,43.174773]}},{"type":"Feature","properties":{"lines":"12, 46 Б, 55","arr":["12","46 Б","55"],"mode":"bus","angle":-64.5,"side":-1,"l0":"12, ","c0":"#dc357c","l1":"46 Б, ","c1":"#5a5d02","l2":"55","c2":"#19a9a8"},"geometry":{"type":"Point","coordinates":[27.897234,43.179971]}},{"type":"Feature","properties":{"lines":"12, 17, 46 Б, 55, 88","arr":["12","17","46 Б","55","88"],"mode":"bus","angle":-22.5,"side":-1,"mi":2,"l0":"12, ","c0":"#dc357c","l1":"17, ","c1":"#f57145","l2":"46 Б, ","c2":"#5a5d02","l3":"55, ","c3":"#19a9a8","l4":"88","c4":"#a72d06"},"geometry":{"type":"Point","coordinates":[27.887206,43.183451]}},{"type":"Feature","properties":{"lines":"12, 17, 46 Б, 55, 88","arr":["12","17","46 Б","55","88"],"mode":"bus","angle":44.8,"l0":"12, ","c0":"#dc357c","l1":"17, ","c1":"#f57145","l2":"46 Б, ","c2":"#5a5d02","l3":"55, ","c3":"#19a9a8","l4":"88","c4":"#a72d06"},"geometry":{"type":"Point","coordinates":[27.894604,43.182874]}},{"type":"Feature","properties":{"lines":"12, 17, 46 Б, 55, 88","arr":["12","17","46 Б","55","88"],"mode":"bus","angle":54.5,"side":-1,"mi":1,"l0":"12, ","c0":"#dc357c","l1":"17, ","c1":"#f57145","l2":"46 Б, ","c2":"#5a5d02","l3":"55, ","c3":"#19a9a8","l4":"88","c4":"#a72d06"},"geometry":{"type":"Point","coordinates":[27.896537,43.181167]}},{"type":"Feature","properties":{"lines":"12, 17, 46 Б, 55, 88","arr":["12","17","46 Б","55","88"],"mode":"bus","angle":1.5,"extra":1,"ei":0,"l0":"12, ","c0":"#dc357c","l1":"17, ","c1":"#f57145","l2":"46 Б, ","c2":"#5a5d02","l3":"55, ","c3":"#19a9a8","l4":"88","c4":"#a72d06"},"geometry":{"type":"Point","coordinates":[27.891649,43.183831]}},{"type":"Feature","properties":{"lines":"12, 17, 46 Б, 55, 88","arr":["12","17","46 Б","55","88"],"mode":"bus","angle":-3.2,"extra":1,"ei":1,"l0":"12, ","c0":"#dc357c","l1":"17, ","c1":"#f57145","l2":"46 Б, ","c2":"#5a5d02","l3":"55, ","c3":"#19a9a8","l4":"88","c4":"#a72d06"},"geometry":{"type":"Point","coordinates":[27.88907,43.184004]}},{"type":"Feature","properties":{"lines":"12, 17, 46 Б, 55, 88","arr":["12","17","46 Б","55","88"],"mode":"bus","angle":43.4,"extra":1,"ei":2,"l0":"12, ","c0":"#dc357c","l1":"17, ","c1":"#f57145","l2":"46 Б, ","c2":"#5a5d02","l3":"55, ","c3":"#19a9a8","l4":"88","c4":"#a72d06"},"geometry":{"type":"Point","coordinates":[27.884359,43.184]}},{"type":"Feature","properties":{"lines":"46 Б","arr":["46 Б"],"mode":"bus","angle":53.4,"l0":"46 Б","c0":"#5a5d02"},"geometry":{"type":"Point","coordinates":[27.89661,43.181208]}},{"type":"Feature","properties":{"lines":"12, 17, 36, 37, 46 Б, 55, 88","arr":["12","17","36","37","46 Б","55","88"],"mode":"bus","angle":0.2,"side":-1,"l0":"12, ","c0":"#dc357c","l1":"17, ","c1":"#f57145","l2":"36, ","c2":"#7b3aa8","l3":"37, ","c3":"#05617d","l4":"46 Б, ","c4":"#5a5d02","l5":"55, ","c5":"#19a9a8","l6":"88","c6":"#a72d06"},"geometry":{"type":"Point","coordinates":[27.880773,43.185035]}},{"type":"Feature","properties":{"lines":"12, 17, 36, 37, 46 Б, 55, 88","arr":["12","17","36","37","46 Б","55","88"],"mode":"bus","angle":31.7,"mi":2,"l0":"12, ","c0":"#dc357c","l1":"17, ","c1":"#f57145","l2":"36, ","c2":"#7b3aa8","l3":"37, ","c3":"#05617d","l4":"46 Б, ","c4":"#5a5d02","l5":"55, ","c5":"#19a9a8","l6":"88","c6":"#a72d06"},"geometry":{"type":"Point","coordinates":[27.882833,43.184932]}},{"type":"Feature","properties":{"lines":"12, 17, 36, 37, 46 Б, 55, 88","arr":["12","17","36","37","46 Б","55","88"],"mode":"bus","angle":-37.1,"mi":4,"l0":"12, ","c0":"#dc357c","l1":"17, ","c1":"#f57145","l2":"36, ","c2":"#7b3aa8","l3":"37, ","c3":"#05617d","l4":"46 Б, ","c4":"#5a5d02","l5":"55, ","c5":"#19a9a8","l6":"88","c6":"#a72d06"},"geometry":{"type":"Point","coordinates":[27.886685,43.191324]}},{"type":"Feature","properties":{"lines":"12, 17, 36, 37, 46 Б, 55, 88","arr":["12","17","36","37","46 Б","55","88"],"mode":"bus","angle":18.2,"mi":3,"l0":"12, ","c0":"#dc357c","l1":"17, ","c1":"#f57145","l2":"36, ","c2":"#7b3aa8","l3":"37, ","c3":"#05617d","l4":"46 Б, ","c4":"#5a5d02","l5":"55, ","c5":"#19a9a8","l6":"88","c6":"#a72d06"},"geometry":{"type":"Point","coordinates":[27.878808,43.18505]}},{"type":"Feature","properties":{"lines":"12, 17, 36, 37, 46 Б, 55, 88","arr":["12","17","36","37","46 Б","55","88"],"mode":"bus","angle":-10.5,"extra":1,"ei":0,"l0":"12, ","c0":"#dc357c","l1":"17, ","c1":"#f57145","l2":"36, ","c2":"#7b3aa8","l3":"37, ","c3":"#05617d","l4":"46 Б, ","c4":"#5a5d02","l5":"55, ","c5":"#19a9a8","l6":"88","c6":"#a72d06"},"geometry":{"type":"Point","coordinates":[27.880459,43.185168]}},{"type":"Feature","properties":{"lines":"12, 17, 36, 37, 46 Б, 55, 88","arr":["12","17","36","37","46 Б","55","88"],"mode":"bus","angle":-37.2,"side":-1,"extra":1,"ei":0,"l0":"12, ","c0":"#dc357c","l1":"17, ","c1":"#f57145","l2":"36, ","c2":"#7b3aa8","l3":"37, ","c3":"#05617d","l4":"46 Б, ","c4":"#5a5d02","l5":"55, ","c5":"#19a9a8","l6":"88","c6":"#a72d06"},"geometry":{"type":"Point","coordinates":[27.880536,43.187808]}},{"type":"Feature","properties":{"lines":"12, 17, 36, 37, 46 Б, 55, 88","arr":["12","17","36","37","46 Б","55","88"],"mode":"bus","angle":-37.2,"side":-1,"extra":1,"ei":1,"l0":"12, ","c0":"#dc357c","l1":"17, ","c1":"#f57145","l2":"36, ","c2":"#7b3aa8","l3":"37, ","c3":"#05617d","l4":"46 Б, ","c4":"#5a5d02","l5":"55, ","c5":"#19a9a8","l6":"88","c6":"#a72d06"},"geometry":{"type":"Point","coordinates":[27.882601,43.18895]}},{"type":"Feature","properties":{"lines":"12, 17, 36, 37, 46 Б, 55, 88","arr":["12","17","36","37","46 Б","55","88"],"mode":"bus","angle":-37.3,"side":-1,"extra":1,"ei":2,"l0":"12, ","c0":"#dc357c","l1":"17, ","c1":"#f57145","l2":"36, ","c2":"#7b3aa8","l3":"37, ","c3":"#05617d","l4":"46 Б, ","c4":"#5a5d02","l5":"55, ","c5":"#19a9a8","l6":"88","c6":"#a72d06"},"geometry":{"type":"Point","coordinates":[27.884665,43.190092]}},{"type":"Feature","properties":{"lines":"12, 17, 36, 37, 46 Б, 55, 88","arr":["12","17","36","37","46 Б","55","88"],"mode":"bus","angle":-37.1,"side":-1,"extra":1,"ei":3,"l0":"12, ","c0":"#dc357c","l1":"17, ","c1":"#f57145","l2":"36, ","c2":"#7b3aa8","l3":"37, ","c3":"#05617d","l4":"46 Б, ","c4":"#5a5d02","l5":"55, ","c5":"#19a9a8","l6":"88","c6":"#a72d06"},"geometry":{"type":"Point","coordinates":[27.888795,43.192374]}},{"type":"Feature","properties":{"lines":"12, 17, 36, 37, 46 Б, 55, 88","arr":["12","17","36","37","46 Б","55","88"],"mode":"bus","angle":-37.1,"extra":1,"ei":4,"l0":"12, ","c0":"#dc357c","l1":"17, ","c1":"#f57145","l2":"36, ","c2":"#7b3aa8","l3":"37, ","c3":"#05617d","l4":"46 Б, ","c4":"#5a5d02","l5":"55, ","c5":"#19a9a8","l6":"88","c6":"#a72d06"},"geometry":{"type":"Point","coordinates":[27.890861,43.193514]}},{"type":"Feature","properties":{"lines":"12, 17, 36, 37, 46 Б, 55, 88","arr":["12","17","36","37","46 Б","55","88"],"mode":"bus","angle":-37.1,"side":-1,"extra":1,"ei":5,"l0":"12, ","c0":"#dc357c","l1":"17, ","c1":"#f57145","l2":"36, ","c2":"#7b3aa8","l3":"37, ","c3":"#05617d","l4":"46 Б, ","c4":"#5a5d02","l5":"55, ","c5":"#19a9a8","l6":"88","c6":"#a72d06"},"geometry":{"type":"Point","coordinates":[27.892927,43.194655]}},{"type":"Feature","properties":{"lines":"12, 17, 36, 37, 46 Б, 55, 88","arr":["12","17","36","37","46 Б","55","88"],"mode":"bus","angle":-51.6,"side":-1,"extra":1,"ei":6,"l0":"12, ","c0":"#dc357c","l1":"17, ","c1":"#f57145","l2":"36, ","c2":"#7b3aa8","l3":"37, ","c3":"#05617d","l4":"46 Б, ","c4":"#5a5d02","l5":"55, ","c5":"#19a9a8","l6":"88","c6":"#a72d06"},"geometry":{"type":"Point","coordinates":[27.894851,43.195911]}},{"type":"Feature","properties":{"lines":"12, 17, 36, 37, 46 Б, 55, 88","arr":["12","17","36","37","46 Б","55","88"],"mode":"bus","angle":-70.7,"extra":1,"ei":7,"l0":"12, ","c0":"#dc357c","l1":"17, ","c1":"#f57145","l2":"36, ","c2":"#7b3aa8","l3":"37, ","c3":"#05617d","l4":"46 Б, ","c4":"#5a5d02","l5":"55, ","c5":"#19a9a8","l6":"88","c6":"#a72d06"},"geometry":{"type":"Point","coordinates":[27.896044,43.197578]}},{"type":"Feature","properties":{"lines":"12, 17, 36, 37, 46 Б, 55, 88","arr":["12","17","36","37","46 Б","55","88"],"mode":"bus","angle":-56,"extra":1,"ei":0,"l0":"12, ","c0":"#dc357c","l1":"17, ","c1":"#f57145","l2":"36, ","c2":"#7b3aa8","l3":"37, ","c3":"#05617d","l4":"46 Б, ","c4":"#5a5d02","l5":"55, ","c5":"#19a9a8","l6":"88","c6":"#a72d06"},"geometry":{"type":"Point","coordinates":[27.877224,43.18645]}},{"type":"Feature","properties":{"lines":"12, 17, 36, 37, 46 Б, 55, 88","arr":["12","17","36","37","46 Б","55","88"],"mode":"bus","angle":-36.5,"side":-1,"mi":1,"l0":"12, ","c0":"#dc357c","l1":"17, ","c1":"#f57145","l2":"36, ","c2":"#7b3aa8","l3":"37, ","c3":"#05617d","l4":"46 Б, ","c4":"#5a5d02","l5":"55, ","c5":"#19a9a8","l6":"88","c6":"#a72d06"},"geometry":{"type":"Point","coordinates":[27.879095,43.187008]}},{"type":"Feature","properties":{"lines":"12, 14, 17, 36, 37, 39, 46 Б, 55, 88, 122","arr":["12","14","17","36","37","39","46 Б","55","88","122"],"mode":"bus","angle":-16.5,"l0":"12, ","c0":"#dc357c","l1":"14, ","c1":"#e16cd6","l2":"17, ","c2":"#f57145","l3":"36, ","c3":"#7b3aa8","l4":"37, ","c4":"#05617d","l5":"39, ","c5":"#b20b42","l6":"46 Б, ","c6":"#5a5d02","l7":"55, ","c7":"#19a9a8","l8":"88, ","c8":"#a72d06","l9":"122","c9":"#cf8a11"},"geometry":{"type":"Point","coordinates":[27.904762,43.204003]}},{"type":"Feature","properties":{"lines":"12, 82, 83, 88","arr":["12","82","83","88"],"mode":"bus","angle":-31.1,"side":-1,"l0":"12, ","c0":"#dc357c","l1":"82, ","c1":"#05617d","l2":"83, ","c2":"#7b3aa8","l3":"88","c3":"#a72d06"},"geometry":{"type":"Point","coordinates":[27.912038,43.20714]}},{"type":"Feature","properties":{"lines":"12, 82, 83, 88","arr":["12","82","83","88"],"mode":"bus","angle":-30.4,"mi":1,"l0":"12, ","c0":"#dc357c","l1":"82, ","c1":"#05617d","l2":"83, ","c2":"#7b3aa8","l3":"88","c3":"#a72d06"},"geometry":{"type":"Point","coordinates":[27.90897,43.205906]}},{"type":"Feature","properties":{"lines":"12","arr":["12"],"mode":"bus","angle":-28.9,"side":-1,"l0":"12","c0":"#dc357c"},"geometry":{"type":"Point","coordinates":[27.914164,43.208075]}},{"type":"Feature","properties":{"lines":"12","arr":["12"],"mode":"bus","angle":-46.3,"mi":2,"l0":"12","c0":"#dc357c"},"geometry":{"type":"Point","coordinates":[27.917172,43.209623]}},{"type":"Feature","properties":{"lines":"12, 20, 118","arr":["12","20","118"],"mode":"bus","angle":43.3,"side":-1,"l0":"12, ","c0":"#dc357c","l1":"20, ","c1":"#79a620","l2":"118","c2":"#6b5806"},"geometry":{"type":"Point","coordinates":[27.915363,43.213526]}},{"type":"Feature","properties":{"lines":"12, 20, 118","arr":["12","20","118"],"mode":"bus","angle":43.4,"extra":1,"ei":0,"l0":"12, ","c0":"#dc357c","l1":"20, ","c1":"#79a620","l2":"118","c2":"#6b5806"},"geometry":{"type":"Point","coordinates":[27.918162,43.211732]}},{"type":"Feature","properties":{"lines":"12, 20, 118","arr":["12","20","118"],"mode":"bus","angle":44.5,"extra":1,"ei":1,"l0":"12, ","c0":"#dc357c","l1":"20, ","c1":"#79a620","l2":"118","c2":"#6b5806"},"geometry":{"type":"Point","coordinates":[27.912578,43.215674]}},{"type":"Feature","properties":{"lines":"12, 20, 118","arr":["12","20","118"],"mode":"bus","angle":44.6,"extra":1,"ei":2,"l0":"12, ","c0":"#dc357c","l1":"20, ","c1":"#79a620","l2":"118","c2":"#6b5806"},"geometry":{"type":"Point","coordinates":[27.91073,43.216998]}},{"type":"Feature","properties":{"lines":"12, 20, 118","arr":["12","20","118"],"mode":"bus","angle":43.3,"side":-1,"extra":1,"ei":0,"l0":"12, ","c0":"#dc357c","l1":"20, ","c1":"#79a620","l2":"118","c2":"#6b5806"},"geometry":{"type":"Point","coordinates":[27.916639,43.212664]}},{"type":"Feature","properties":{"lines":"12, 20, 118","arr":["12","20","118"],"mode":"bus","angle":44,"side":-1,"extra":1,"ei":1,"l0":"12, ","c0":"#dc357c","l1":"20, ","c1":"#79a620","l2":"118","c2":"#6b5806"},"geometry":{"type":"Point","coordinates":[27.920381,43.21005]}},{"type":"Feature","properties":{"lines":"12","arr":["12"],"mode":"bus","angle":-9.2,"l0":"12","c0":"#dc357c"},"geometry":{"type":"Point","coordinates":[27.917012,43.227574]}},{"type":"Feature","properties":{"lines":"12","arr":["12"],"mode":"bus","angle":10.5,"extra":1,"ei":0,"l0":"12","c0":"#dc357c"},"geometry":{"type":"Point","coordinates":[27.920154,43.227466]}},{"type":"Feature","properties":{"lines":"12","arr":["12"],"mode":"bus","angle":-9.5,"extra":1,"ei":1,"l0":"12","c0":"#dc357c"},"geometry":{"type":"Point","coordinates":[27.915022,43.227339]}},{"type":"Feature","properties":{"lines":"12, 13","arr":["12","13"],"mode":"bus","angle":10.8,"l0":"12, ","c0":"#dc357c","l1":"13","c1":"#9789ff"},"geometry":{"type":"Point","coordinates":[27.923499,43.227012]}},{"type":"Feature","properties":{"lines":"12, 13","arr":["12","13"],"mode":"bus","angle":11,"extra":1,"ei":0,"l0":"12, ","c0":"#dc357c","l1":"13","c1":"#9789ff"},"geometry":{"type":"Point","coordinates":[27.921748,43.227245]}},{"type":"Feature","properties":{"lines":"12, 13, 209","arr":["12","13","209"],"mode":"bus","angle":10.5,"l0":"12, ","c0":"#dc357c","l1":"13, ","c1":"#9789ff","l2":"209","c2":"#076734"},"geometry":{"type":"Point","coordinates":[27.928235,43.226315]}},{"type":"Feature","properties":{"lines":"12, 209","arr":["12","209"],"mode":"bus","angle":12.2,"l0":"12, ","c0":"#dc357c","l1":"209","c1":"#076734"},"geometry":{"type":"Point","coordinates":[27.936525,43.225129]}},{"type":"Feature","properties":{"lines":"12, 209","arr":["12","209"],"mode":"bus","angle":13.1,"extra":1,"ei":0,"l0":"12, ","c0":"#dc357c","l1":"209","c1":"#076734"},"geometry":{"type":"Point","coordinates":[27.932202,43.225859]}},{"type":"Feature","properties":{"lines":"12, 209","arr":["12","209"],"mode":"bus","angle":12.6,"extra":1,"ei":1,"l0":"12, ","c0":"#dc357c","l1":"209","c1":"#076734"},"geometry":{"type":"Point","coordinates":[27.934723,43.22542]}},{"type":"Feature","properties":{"lines":"12, 209","arr":["12","209"],"mode":"bus","angle":11,"extra":1,"ei":2,"l0":"12, ","c0":"#dc357c","l1":"209","c1":"#076734"},"geometry":{"type":"Point","coordinates":[27.939786,43.224612]}},{"type":"Feature","properties":{"lines":"12","arr":["12"],"mode":"bus","angle":61.2,"mi":1,"l0":"12","c0":"#dc357c"},"geometry":{"type":"Point","coordinates":[27.914217,43.207116]}},{"type":"Feature","properties":{"lines":"12, 13, 82, 83, 88","arr":["12","13","82","83","88"],"mode":"bus","angle":-30.8,"l0":"12, ","c0":"#dc357c","l1":"13, ","c1":"#9789ff","l2":"82, ","c2":"#05617d","l3":"83, ","c3":"#7b3aa8","l4":"88","c4":"#a72d06"},"geometry":{"type":"Point","coordinates":[27.911975,43.207252]}},{"type":"Feature","properties":{"lines":"12, 13, 17, 39, 46 Б, 88, 122","arr":["12","13","17","39","46 Б","88","122"],"mode":"bus","angle":-9,"side":-1,"l0":"12, ","c0":"#dc357c","l1":"13, ","c1":"#9789ff","l2":"17, ","c2":"#f57145","l3":"39, ","c3":"#b20b42","l4":"46 Б, ","c4":"#5a5d02","l5":"88, ","c5":"#a72d06","l6":"122","c6":"#cf8a11"},"geometry":{"type":"Point","coordinates":[27.906915,43.204559]}},{"type":"Feature","properties":{"lines":"12, 13, 17, 23, 39, 46 Б, 88, 122","arr":["12","13","17","23","39","46 Б","88","122"],"mode":"bus","angle":-15.1,"l0":"12, ","c0":"#dc357c","l1":"13, ","c1":"#9789ff","l2":"17, ","c2":"#f57145","l3":"23, ","c3":"#11a2e3","l4":"39, ","c4":"#b20b42","l5":"46 Б, ","c5":"#5a5d02","l6":"88, ","c6":"#a72d06","l7":"122","c7":"#cf8a11"},"geometry":{"type":"Point","coordinates":[27.905151,43.204233]}},{"type":"Feature","properties":{"lines":"12, 17, 46 Б, 55","arr":["12","17","46 Б","55"],"mode":"bus","angle":-75.6,"mi":1,"l0":"12, ","c0":"#dc357c","l1":"17, ","c1":"#f57145","l2":"46 Б, ","c2":"#5a5d02","l3":"55","c3":"#19a9a8"},"geometry":{"type":"Point","coordinates":[27.897192,43.179994]}},{"type":"Feature","properties":{"lines":"12","arr":["12"],"mode":"bus","angle":71.7,"l0":"12","c0":"#dc357c"},"geometry":{"type":"Point","coordinates":[27.888166,43.176896]}},{"type":"Feature","properties":{"lines":"17, 46 Б, 55","arr":["17","46 Б","55"],"mode":"bus","angle":-23.7,"l0":"17, ","c0":"#f57145","l1":"46 Б, ","c1":"#5a5d02","l2":"55","c2":"#19a9a8"},"geometry":{"type":"Point","coordinates":[27.892038,43.176585]}},{"type":"Feature","properties":{"lines":"17, 46 Б, 55","arr":["17","46 Б","55"],"mode":"bus","angle":-44.6,"extra":1,"ei":0,"l0":"17, ","c0":"#f57145","l1":"46 Б, ","c1":"#5a5d02","l2":"55","c2":"#19a9a8"},"geometry":{"type":"Point","coordinates":[27.895079,43.177941]}},{"type":"Feature","properties":{"lines":"17, 46 Б, 55","arr":["17","46 Б","55"],"mode":"bus","angle":-37.1,"side":-1,"extra":1,"ei":1,"l0":"17, ","c0":"#f57145","l1":"46 Б, ","c1":"#5a5d02","l2":"55","c2":"#19a9a8"},"geometry":{"type":"Point","coordinates":[27.888283,43.175266]}},{"type":"Feature","properties":{"lines":"13","arr":["13"],"mode":"bus","angle":-75.4,"mi":8,"l0":"13","c0":"#9789ff"},"geometry":{"type":"Point","coordinates":[27.92079,43.22543]}},{"type":"Feature","properties":{"lines":"13","arr":["13"],"mode":"bus","angle":-0.2,"mi":5,"l0":"13","c0":"#9789ff"},"geometry":{"type":"Point","coordinates":[27.922886,43.22353]}},{"type":"Feature","properties":{"lines":"13","arr":["13"],"mode":"bus","angle":0.1,"extra":1,"ei":0,"l0":"13","c0":"#9789ff"},"geometry":{"type":"Point","coordinates":[27.924529,43.223531]}},{"type":"Feature","properties":{"lines":"13","arr":["13"],"mode":"bus","angle":88.1,"mi":7,"l0":"13","c0":"#9789ff"},"geometry":{"type":"Point","coordinates":[27.925126,43.224087]}},{"type":"Feature","properties":{"lines":"13, 209","arr":["13","209"],"mode":"bus","angle":6.9,"mi":1,"l0":"13, ","c0":"#9789ff","l1":"209","c1":"#076734"},"geometry":{"type":"Point","coordinates":[27.927466,43.224443]}},{"type":"Feature","properties":{"lines":"13, 209","arr":["13","209"],"mode":"bus","angle":-56.5,"l0":"13, ","c0":"#9789ff","l1":"209","c1":"#076734"},"geometry":{"type":"Point","coordinates":[27.928664,43.222272]}},{"type":"Feature","properties":{"lines":"13","arr":["13"],"mode":"bus","angle":-85.8,"mi":13,"l0":"13","c0":"#9789ff"},"geometry":{"type":"Point","coordinates":[27.931402,43.228172]}},{"type":"Feature","properties":{"lines":"13","arr":["13"],"mode":"bus","angle":-71.8,"mi":4,"l0":"13","c0":"#9789ff"},"geometry":{"type":"Point","coordinates":[27.92675,43.219846]}},{"type":"Feature","properties":{"lines":"13","arr":["13"],"mode":"bus","angle":64.1,"mi":15,"l0":"13","c0":"#9789ff"},"geometry":{"type":"Point","coordinates":[27.934096,43.232069]}},{"type":"Feature","properties":{"lines":"13","arr":["13"],"mode":"bus","angle":-65,"extra":1,"ei":0,"l0":"13","c0":"#9789ff"},"geometry":{"type":"Point","coordinates":[27.930358,43.225055]}},{"type":"Feature","properties":{"lines":"13","arr":["13"],"mode":"bus","angle":-77.9,"extra":1,"ei":1,"l0":"13","c0":"#9789ff"},"geometry":{"type":"Point","coordinates":[27.931235,43.226827]}},{"type":"Feature","properties":{"lines":"13","arr":["13"],"mode":"bus","angle":-59.3,"extra":1,"ei":2,"l0":"13","c0":"#9789ff"},"geometry":{"type":"Point","coordinates":[27.932031,43.230526]}},{"type":"Feature","properties":{"lines":"13","arr":["13"],"mode":"bus","angle":-47.6,"mi":2,"l0":"13","c0":"#9789ff"},"geometry":{"type":"Point","coordinates":[27.925671,43.218477]}},{"type":"Feature","properties":{"lines":"13","arr":["13"],"mode":"bus","angle":-46.4,"mi":6,"l0":"13","c0":"#9789ff"},"geometry":{"type":"Point","coordinates":[27.919333,43.213625]}},{"type":"Feature","properties":{"lines":"13","arr":["13"],"mode":"bus","angle":-30.9,"mi":14,"l0":"13","c0":"#9789ff"},"geometry":{"type":"Point","coordinates":[27.911404,43.208121]}},{"type":"Feature","properties":{"lines":"13","arr":["13"],"mode":"bus","angle":-46.6,"extra":1,"ei":0,"l0":"13","c0":"#9789ff"},"geometry":{"type":"Point","coordinates":[27.923963,43.217097]}},{"type":"Feature","properties":{"lines":"13","arr":["13"],"mode":"bus","angle":-45.4,"extra":1,"ei":1,"l0":"13","c0":"#9789ff"},"geometry":{"type":"Point","coordinates":[27.922156,43.215744]}},{"type":"Feature","properties":{"lines":"13","arr":["13"],"mode":"bus","angle":-46.6,"extra":1,"ei":2,"l0":"13","c0":"#9789ff"},"geometry":{"type":"Point","coordinates":[27.916744,43.211683]}},{"type":"Feature","properties":{"lines":"13","arr":["13"],"mode":"bus","angle":-46.5,"extra":1,"ei":3,"l0":"13","c0":"#9789ff"},"geometry":{"type":"Point","coordinates":[27.914963,43.210311]}},{"type":"Feature","properties":{"lines":"13","arr":["13"],"mode":"bus","angle":40,"mi":11,"l0":"13","c0":"#9789ff"},"geometry":{"type":"Point","coordinates":[27.914428,43.208942]}},{"type":"Feature","properties":{"lines":"13","arr":["13"],"mode":"bus","angle":-29.6,"mi":12,"l0":"13","c0":"#9789ff"},"geometry":{"type":"Point","coordinates":[27.914054,43.20814]}},{"type":"Feature","properties":{"lines":"13, 17, 20, 23, 46 Б, 55","arr":["13","17","20","23","46 Б","55"],"mode":"bus","angle":17.1,"l0":"13, ","c0":"#9789ff","l1":"17, ","c1":"#f57145","l2":"20, ","c2":"#79a620","l3":"23, ","c3":"#11a2e3","l4":"46 Б, ","c4":"#5a5d02","l5":"55","c5":"#19a9a8"},"geometry":{"type":"Point","coordinates":[27.911142,43.198863]}},{"type":"Feature","properties":{"lines":"13, 82, 83, 88","arr":["13","82","83","88"],"mode":"bus","angle":69.2,"mi":1,"l0":"13, ","c0":"#9789ff","l1":"82, ","c1":"#05617d","l2":"83, ","c2":"#7b3aa8","l3":"88","c3":"#a72d06"},"geometry":{"type":"Point","coordinates":[27.912601,43.209417]}},{"type":"Feature","properties":{"lines":"13, 82, 83, 88","arr":["13","82","83","88"],"mode":"bus","angle":58.2,"l0":"13, ","c0":"#9789ff","l1":"82, ","c1":"#05617d","l2":"83, ","c2":"#7b3aa8","l3":"88","c3":"#a72d06"},"geometry":{"type":"Point","coordinates":[27.911792,43.210737]}},{"type":"Feature","properties":{"lines":"13","arr":["13"],"mode":"bus","angle":-46.6,"mi":9,"l0":"13","c0":"#9789ff"},"geometry":{"type":"Point","coordinates":[27.913054,43.212629]}},{"type":"Feature","properties":{"lines":"13","arr":["13"],"mode":"bus","angle":-46.7,"mi":3,"l0":"13","c0":"#9789ff"},"geometry":{"type":"Point","coordinates":[27.916871,43.215525]}},{"type":"Feature","properties":{"lines":"13","arr":["13"],"mode":"bus","angle":-25.7,"side":-1,"mi":10,"l0":"13","c0":"#9789ff"},"geometry":{"type":"Point","coordinates":[27.921807,43.226996]}},{"type":"Feature","properties":{"lines":"13","arr":["13"],"mode":"bus","angle":-90,"side":-1,"l0":"13","c0":"#9789ff"},"geometry":{"type":"Point","coordinates":[27.918824,43.216728]}},{"type":"Feature","properties":{"lines":"13","arr":["13"],"mode":"bus","angle":41.7,"mi":1,"l0":"13","c0":"#9789ff"},"geometry":{"type":"Point","coordinates":[27.919895,43.215649]}},{"type":"Feature","properties":{"lines":"14, 22, 148, 209, 209 Б","arr":["14","22","148","209","209 Б"],"mode":"bus","angle":35,"l0":"14, ","c0":"#e16cd6","l1":"22, ","c1":"#ff627e","l2":"148, ","c2":"#10a5d2","l3":"209, ","c3":"#076734","l4":"209 Б","c4":"#b0045c"},"geometry":{"type":"Point","coordinates":[27.851119,43.251476]}},{"type":"Feature","properties":{"lines":"14, 20, 22, 82, 88, 122, 148, 209, 209 Б","arr":["14","20","22","82","88","122","148","209","209 Б"],"mode":"bus","angle":-70.1,"l0":"14, ","c0":"#e16cd6","l1":"20, ","c1":"#79a620","l2":"22, ","c2":"#ff627e","l3":"82, ","c3":"#05617d","l4":"88, ","c4":"#a72d06","l5":"122, ","c5":"#cf8a11","l6":"148, ","c6":"#10a5d2","l7":"209, ","c7":"#076734","l8":"209 Б","c8":"#b0045c"},"geometry":{"type":"Point","coordinates":[27.848242,43.24906]}},{"type":"Feature","properties":{"lines":"14, 20, 22, 82, 88, 122, 148, 209, 209 Б","arr":["14","20","22","82","88","122","148","209","209 Б"],"mode":"bus","angle":-58.9,"extra":1,"ei":0,"l0":"14, ","c0":"#e16cd6","l1":"20, ","c1":"#79a620","l2":"22, ","c2":"#ff627e","l3":"82, ","c3":"#05617d","l4":"88, ","c4":"#a72d06","l5":"122, ","c5":"#cf8a11","l6":"148, ","c6":"#10a5d2","l7":"209, ","c7":"#076734","l8":"209 Б","c8":"#b0045c"},"geometry":{"type":"Point","coordinates":[27.849393,43.250865]}},{"type":"Feature","properties":{"lines":"14, 20, 22, 82, 88, 122, 148, 209, 209 Б","arr":["14","20","22","82","88","122","148","209","209 Б"],"mode":"bus","angle":-81.3,"extra":1,"ei":1,"l0":"14, ","c0":"#e16cd6","l1":"20, ","c1":"#79a620","l2":"22, ","c2":"#ff627e","l3":"82, ","c3":"#05617d","l4":"88, ","c4":"#a72d06","l5":"122, ","c5":"#cf8a11","l6":"148, ","c6":"#10a5d2","l7":"209, ","c7":"#076734","l8":"209 Б","c8":"#b0045c"},"geometry":{"type":"Point","coordinates":[27.847603,43.247341]}},{"type":"Feature","properties":{"lines":"14, 82, 83, 88, 118","arr":["14","82","83","88","118"],"mode":"bus","angle":74.2,"side":-1,"l0":"14, ","c0":"#e16cd6","l1":"82, ","c1":"#05617d","l2":"83, ","c2":"#7b3aa8","l3":"88, ","c3":"#a72d06","l4":"118","c4":"#6b5806"},"geometry":{"type":"Point","coordinates":[27.847978,43.24446]}},{"type":"Feature","properties":{"lines":"41","arr":["41"],"mode":"bus","angle":69.9,"l0":"41","c0":"#1cab97"},"geometry":{"type":"Point","coordinates":[27.849906,43.241075]}},{"type":"Feature","properties":{"lines":"14, 41, 82, 83, 88, 118","arr":["14","41","82","83","88","118"],"mode":"bus","angle":16.4,"l0":"14, ","c0":"#e16cd6","l1":"41, ","c1":"#1cab97","l2":"82, ","c2":"#05617d","l3":"83, ","c3":"#7b3aa8","l4":"88, ","c4":"#a72d06","l5":"118","c5":"#6b5806"},"geometry":{"type":"Point","coordinates":[27.853427,43.242594]}},{"type":"Feature","properties":{"lines":"14, 41, 82, 83, 88, 118","arr":["14","41","82","83","88","118"],"mode":"bus","angle":1.4,"side":-1,"extra":1,"ei":0,"l0":"14, ","c0":"#e16cd6","l1":"41, ","c1":"#1cab97","l2":"82, ","c2":"#05617d","l3":"83, ","c3":"#7b3aa8","l4":"88, ","c4":"#a72d06","l5":"118","c5":"#6b5806"},"geometry":{"type":"Point","coordinates":[27.850374,43.242715]}},{"type":"Feature","properties":{"lines":"14, 41, 82, 83, 88, 118","arr":["14","41","82","83","88","118"],"mode":"bus","angle":23.9,"side":-1,"extra":1,"ei":1,"l0":"14, ","c0":"#e16cd6","l1":"41, ","c1":"#1cab97","l2":"82, ","c2":"#05617d","l3":"83, ","c3":"#7b3aa8","l4":"88, ","c4":"#a72d06","l5":"118","c5":"#6b5806"},"geometry":{"type":"Point","coordinates":[27.855347,43.241854]}},{"type":"Feature","properties":{"lines":"14, 41, 118","arr":["14","41","118"],"mode":"bus","angle":-88.6,"mi":2,"l0":"14, ","c0":"#e16cd6","l1":"41, ","c1":"#1cab97","l2":"118","c2":"#6b5806"},"geometry":{"type":"Point","coordinates":[27.857439,43.23855]}},{"type":"Feature","properties":{"lines":"14, 41, 118","arr":["14","41","118"],"mode":"bus","angle":-68.4,"extra":1,"ei":0,"l0":"14, ","c0":"#e16cd6","l1":"41, ","c1":"#1cab97","l2":"118","c2":"#6b5806"},"geometry":{"type":"Point","coordinates":[27.857133,43.236602]}},{"type":"Feature","properties":{"lines":"14, 41, 118","arr":["14","41","118"],"mode":"bus","angle":-87.5,"extra":1,"ei":1,"l0":"14, ","c0":"#e16cd6","l1":"41, ","c1":"#1cab97","l2":"118","c2":"#6b5806"},"geometry":{"type":"Point","coordinates":[27.857529,43.240353]}},{"type":"Feature","properties":{"lines":"14, 41, 118","arr":["14","41","118"],"mode":"bus","angle":0.5,"l0":"14, ","c0":"#e16cd6","l1":"41, ","c1":"#1cab97","l2":"118","c2":"#6b5806"},"geometry":{"type":"Point","coordinates":[27.860312,43.234891]}},{"type":"Feature","properties":{"lines":"14, 41, 118","arr":["14","41","118"],"mode":"bus","angle":19.9,"extra":1,"ei":0,"l0":"14, ","c0":"#e16cd6","l1":"41, ","c1":"#1cab97","l2":"118","c2":"#6b5806"},"geometry":{"type":"Point","coordinates":[27.857576,43.235286]}},{"type":"Feature","properties":{"lines":"14, 41, 118","arr":["14","41","118"],"mode":"bus","angle":38.5,"side":-1,"extra":1,"ei":1,"l0":"14, ","c0":"#e16cd6","l1":"41, ","c1":"#1cab97","l2":"118","c2":"#6b5806"},"geometry":{"type":"Point","coordinates":[27.862509,43.234425]}},{"type":"Feature","properties":{"lines":"14, 41","arr":["14","41"],"mode":"bus","angle":-67.1,"mi":1,"l0":"14, ","c0":"#e16cd6","l1":"41","c1":"#1cab97"},"geometry":{"type":"Point","coordinates":[27.864373,43.237331]}},{"type":"Feature","properties":{"lines":"14, 41","arr":["14","41"],"mode":"bus","angle":-0.9,"extra":1,"ei":0,"l0":"14, ","c0":"#e16cd6","l1":"41","c1":"#1cab97"},"geometry":{"type":"Point","coordinates":[27.863517,43.234538]}},{"type":"Feature","properties":{"lines":"14, 41","arr":["14","41"],"mode":"bus","angle":88.8,"extra":1,"ei":1,"l0":"14, ","c0":"#e16cd6","l1":"41","c1":"#1cab97"},"geometry":{"type":"Point","coordinates":[27.863949,43.236165]}},{"type":"Feature","properties":{"lines":"14, 41","arr":["14","41"],"mode":"bus","angle":88.1,"extra":1,"ei":2,"l0":"14, ","c0":"#e16cd6","l1":"41","c1":"#1cab97"},"geometry":{"type":"Point","coordinates":[27.864614,43.239849]}},{"type":"Feature","properties":{"lines":"14, 20, 22, 41, 82, 83, 88, 118, 122, 148, 209, 209 Б","arr":["14","20","22","41","82","83","88","118","122","148","209","209 Б"],"mode":"bus","angle":24,"side":-1,"l0":"14, ","c0":"#e16cd6","l1":"20, ","c1":"#79a620","l2":"22, ","c2":"#ff627e","l3":"41, ","c3":"#1cab97","l4":"82, ","c4":"#05617d","l5":"83, ","c5":"#7b3aa8","l6":"88, ","c6":"#a72d06","l7":"118, ","c7":"#6b5806","l8":"122, ","c8":"#cf8a11","l9":"148, ","c9":"#10a5d2","l10":"209, ","c10":"#076734","l11":"209 Б","c11":"#b0045c"},"geometry":{"type":"Point","coordinates":[27.86795,43.240358]}},{"type":"Feature","properties":{"lines":"14, 20, 22, 41, 82, 83, 88, 118, 122, 148, 209, 209 Б","arr":["14","20","22","41","82","83","88","118","122","148","209","209 Б"],"mode":"bus","angle":22.5,"side":-1,"extra":1,"ei":0,"l0":"14, ","c0":"#e16cd6","l1":"20, ","c1":"#79a620","l2":"22, ","c2":"#ff627e","l3":"41, ","c3":"#1cab97","l4":"82, ","c4":"#05617d","l5":"83, ","c5":"#7b3aa8","l6":"88, ","c6":"#a72d06","l7":"118, ","c7":"#6b5806","l8":"122, ","c8":"#cf8a11","l9":"148, ","c9":"#10a5d2","l10":"209, ","c10":"#076734","l11":"209 Б","c11":"#b0045c"},"geometry":{"type":"Point","coordinates":[27.865864,43.241049]}},{"type":"Feature","properties":{"lines":"14, 20, 22, 41, 82, 83, 88, 118, 122, 148, 209, 209 Б","arr":["14","20","22","41","82","83","88","118","122","148","209","209 Б"],"mode":"bus","angle":18.5,"side":-1,"extra":1,"ei":1,"l0":"14, ","c0":"#e16cd6","l1":"20, ","c1":"#79a620","l2":"22, ","c2":"#ff627e","l3":"41, ","c3":"#1cab97","l4":"82, ","c4":"#05617d","l5":"83, ","c5":"#7b3aa8","l6":"88, ","c6":"#a72d06","l7":"118, ","c7":"#6b5806","l8":"122, ","c8":"#cf8a11","l9":"148, ","c9":"#10a5d2","l10":"209, ","c10":"#076734","l11":"209 Б","c11":"#b0045c"},"geometry":{"type":"Point","coordinates":[27.870593,43.239503]}},{"type":"Feature","properties":{"lines":"14, 22, 41, 82, 118, 122, 148, 209, 209 Б","arr":["14","22","41","82","118","122","148","209","209 Б"],"mode":"bus","angle":-81.4,"l0":"14, ","c0":"#e16cd6","l1":"22, ","c1":"#ff627e","l2":"41, ","c2":"#1cab97","l3":"82, ","c3":"#05617d","l4":"118, ","c4":"#6b5806","l5":"122, ","c5":"#cf8a11","l6":"148, ","c6":"#10a5d2","l7":"209, ","c7":"#076734","l8":"209 Б","c8":"#b0045c"},"geometry":{"type":"Point","coordinates":[27.870682,43.236514]}},{"type":"Feature","properties":{"lines":"14, 22, 41, 82, 118, 122, 148, 209, 209 Б","arr":["14","22","41","82","118","122","148","209","209 Б"],"mode":"bus","angle":-81.4,"extra":1,"ei":0,"l0":"14, ","c0":"#e16cd6","l1":"22, ","c1":"#ff627e","l2":"41, ","c2":"#1cab97","l3":"82, ","c3":"#05617d","l4":"118, ","c4":"#6b5806","l5":"122, ","c5":"#cf8a11","l6":"148, ","c6":"#10a5d2","l7":"209, ","c7":"#076734","l8":"209 Б","c8":"#b0045c"},"geometry":{"type":"Point","coordinates":[27.87105,43.238435]}},{"type":"Feature","properties":{"lines":"14, 22, 41, 82, 118, 122, 148, 209, 209 Б","arr":["14","22","41","82","118","122","148","209","209 Б"],"mode":"bus","angle":-79.3,"extra":1,"ei":1,"l0":"14, ","c0":"#e16cd6","l1":"22, ","c1":"#ff627e","l2":"41, ","c2":"#1cab97","l3":"82, ","c3":"#05617d","l4":"118, ","c4":"#6b5806","l5":"122, ","c5":"#cf8a11","l6":"148, ","c6":"#10a5d2","l7":"209, ","c7":"#076734","l8":"209 Б","c8":"#b0045c"},"geometry":{"type":"Point","coordinates":[27.870252,43.234704]}},{"type":"Feature","properties":{"lines":"14, 41, 148, 209, 209 Б","arr":["14","41","148","209","209 Б"],"mode":"bus","angle":-9.1,"l0":"14, ","c0":"#e16cd6","l1":"41, ","c1":"#1cab97","l2":"148, ","c2":"#10a5d2","l3":"209, ","c3":"#076734","l4":"209 Б","c4":"#b0045c"},"geometry":{"type":"Point","coordinates":[27.873322,43.234073]}},{"type":"Feature","properties":{"lines":"14, 41, 148, 209, 209 Б","arr":["14","41","148","209","209 Б"],"mode":"bus","angle":-9.8,"extra":1,"ei":0,"l0":"14, ","c0":"#e16cd6","l1":"41, ","c1":"#1cab97","l2":"148, ","c2":"#10a5d2","l3":"209, ","c3":"#076734","l4":"209 Б","c4":"#b0045c"},"geometry":{"type":"Point","coordinates":[27.871273,43.233834]}},{"type":"Feature","properties":{"lines":"14, 41, 148, 209, 209 Б","arr":["14","41","148","209","209 Б"],"mode":"bus","angle":-2.9,"extra":1,"ei":1,"l0":"14, ","c0":"#e16cd6","l1":"41, ","c1":"#1cab97","l2":"148, ","c2":"#10a5d2","l3":"209, ","c3":"#076734","l4":"209 Б","c4":"#b0045c"},"geometry":{"type":"Point","coordinates":[27.876392,43.234415]}},{"type":"Feature","properties":{"lines":"14, 148, 209, 209 Б","arr":["14","148","209","209 Б"],"mode":"bus","angle":6.4,"l0":"14, ","c0":"#e16cd6","l1":"148, ","c1":"#10a5d2","l2":"209, ","c2":"#076734","l3":"209 Б","c3":"#b0045c"},"geometry":{"type":"Point","coordinates":[27.87849,43.234375]}},{"type":"Feature","properties":{"lines":"14","arr":["14"],"mode":"bus","angle":-82,"l0":"14","c0":"#e16cd6"},"geometry":{"type":"Point","coordinates":[27.879533,43.230963]}},{"type":"Feature","properties":{"lines":"14","arr":["14"],"mode":"bus","angle":-81.5,"extra":1,"ei":0,"l0":"14","c0":"#e16cd6"},"geometry":{"type":"Point","coordinates":[27.879977,43.233242]}},{"type":"Feature","properties":{"lines":"14","arr":["14"],"mode":"bus","angle":-70,"extra":1,"ei":1,"l0":"14","c0":"#e16cd6"},"geometry":{"type":"Point","coordinates":[27.879165,43.229515]}},{"type":"Feature","properties":{"lines":"14, 82, 118","arr":["14","82","118"],"mode":"bus","angle":8.8,"side":-1,"l0":"14, ","c0":"#e16cd6","l1":"82, ","c1":"#05617d","l2":"118","c2":"#6b5806"},"geometry":{"type":"Point","coordinates":[27.886567,43.226982]}},{"type":"Feature","properties":{"lines":"14, 82, 118","arr":["14","82","118"],"mode":"bus","angle":22.7,"side":-1,"extra":1,"ei":0,"l0":"14, ","c0":"#e16cd6","l1":"82, ","c1":"#05617d","l2":"118","c2":"#6b5806"},"geometry":{"type":"Point","coordinates":[27.888253,43.226746]}},{"type":"Feature","properties":{"lines":"14, 82, 83, 88, 118","arr":["14","82","83","88","118"],"mode":"bus","angle":44.6,"side":-1,"mi":1,"l0":"14, ","c0":"#e16cd6","l1":"82, ","c1":"#05617d","l2":"83, ","c2":"#7b3aa8","l3":"88, ","c3":"#a72d06","l4":"118","c4":"#6b5806"},"geometry":{"type":"Point","coordinates":[27.904376,43.21595]}},{"type":"Feature","properties":{"lines":"14, 82, 83, 88, 118","arr":["14","82","83","88","118"],"mode":"bus","angle":45.5,"l0":"14, ","c0":"#e16cd6","l1":"82, ","c1":"#05617d","l2":"83, ","c2":"#7b3aa8","l3":"88, ","c3":"#a72d06","l4":"118","c4":"#6b5806"},"geometry":{"type":"Point","coordinates":[27.900388,43.218933]}},{"type":"Feature","properties":{"lines":"14, 82, 83, 88, 118","arr":["14","82","83","88","118"],"mode":"bus","angle":48.1,"side":-1,"extra":1,"ei":0,"l0":"14, ","c0":"#e16cd6","l1":"82, ","c1":"#05617d","l2":"83, ","c2":"#7b3aa8","l3":"88, ","c3":"#a72d06","l4":"118","c4":"#6b5806"},"geometry":{"type":"Point","coordinates":[27.901547,43.217972]}},{"type":"Feature","properties":{"lines":"14, 82, 83, 88, 118","arr":["14","82","83","88","118"],"mode":"bus","angle":47.8,"extra":1,"ei":0,"l0":"14, ","c0":"#e16cd6","l1":"82, ","c1":"#05617d","l2":"83, ","c2":"#7b3aa8","l3":"88, ","c3":"#a72d06","l4":"118","c4":"#6b5806"},"geometry":{"type":"Point","coordinates":[27.899258,43.219822]}},{"type":"Feature","properties":{"lines":"14, 23","arr":["14","23"],"mode":"bus","angle":65.9,"l0":"14, ","c0":"#e16cd6","l1":"23","c1":"#11a2e3"},"geometry":{"type":"Point","coordinates":[27.904449,43.20894]}},{"type":"Feature","properties":{"lines":"14, 23","arr":["14","23"],"mode":"bus","angle":-61,"extra":1,"ei":0,"l0":"14, ","c0":"#e16cd6","l1":"23","c1":"#11a2e3"},"geometry":{"type":"Point","coordinates":[27.903372,43.21171]}},{"type":"Feature","properties":{"lines":"14, 23","arr":["14","23"],"mode":"bus","angle":65.8,"extra":1,"ei":1,"l0":"14, ","c0":"#e16cd6","l1":"23","c1":"#11a2e3"},"geometry":{"type":"Point","coordinates":[27.905924,43.206523]}},{"type":"Feature","properties":{"lines":"14","arr":["14"],"mode":"bus","angle":-70.3,"mi":1,"l0":"14","c0":"#e16cd6"},"geometry":{"type":"Point","coordinates":[27.905042,43.207725]}},{"type":"Feature","properties":{"lines":"14","arr":["14"],"mode":"bus","angle":3.5,"mi":2,"l0":"14","c0":"#e16cd6"},"geometry":{"type":"Point","coordinates":[27.907471,43.204639]}},{"type":"Feature","properties":{"lines":"14","arr":["14"],"mode":"bus","angle":-25.4,"mi":3,"l0":"14","c0":"#e16cd6"},"geometry":{"type":"Point","coordinates":[27.902971,43.206898]}},{"type":"Feature","properties":{"lines":"14","arr":["14"],"mode":"bus","angle":-25.8,"extra":1,"ei":0,"l0":"14","c0":"#e16cd6"},"geometry":{"type":"Point","coordinates":[27.901383,43.206346]}},{"type":"Feature","properties":{"lines":"14, 23, 39","arr":["14","23","39"],"mode":"bus","angle":44.8,"l0":"14, ","c0":"#e16cd6","l1":"23, ","c1":"#11a2e3","l2":"39","c2":"#b20b42"},"geometry":{"type":"Point","coordinates":[27.902434,43.205324]}},{"type":"Feature","properties":{"lines":"14, 39","arr":["14","39"],"mode":"bus","angle":52.6,"l0":"14, ","c0":"#e16cd6","l1":"39","c1":"#b20b42"},"geometry":{"type":"Point","coordinates":[27.903918,43.204194]}},{"type":"Feature","properties":{"lines":"14, 409","arr":["14","409"],"mode":"bus","angle":-7,"side":-1,"l0":"14, ","c0":"#e16cd6","l1":"409","c1":"#7c5001"},"geometry":{"type":"Point","coordinates":[27.945643,43.214346]}},{"type":"Feature","properties":{"lines":"14, 17, 39","arr":["14","17","39"],"mode":"bus","angle":13.4,"side":-1,"mi":2,"l0":"14, ","c0":"#e16cd6","l1":"17, ","c1":"#f57145","l2":"39","c2":"#b20b42"},"geometry":{"type":"Point","coordinates":[27.95063,43.214744]}},{"type":"Feature","properties":{"lines":"14, 17, 39","arr":["14","17","39"],"mode":"bus","angle":-67.6,"mi":1,"l0":"14, ","c0":"#e16cd6","l1":"17, ","c1":"#f57145","l2":"39","c2":"#b20b42"},"geometry":{"type":"Point","coordinates":[27.954252,43.215786]}},{"type":"Feature","properties":{"lines":"14, 17, 30, 39, 118, 148, 209","arr":["14","17","30","39","118","148","209"],"mode":"bus","angle":82.5,"mi":1,"l0":"14, ","c0":"#e16cd6","l1":"17, ","c1":"#f57145","l2":"30, ","c2":"#7b3aa8","l3":"39, ","c3":"#b20b42","l4":"118, ","c4":"#6b5806","l5":"148, ","c5":"#10a5d2","l6":"209","c6":"#076734"},"geometry":{"type":"Point","coordinates":[27.951296,43.215661]}},{"type":"Feature","properties":{"lines":"14, 17, 30, 39, 118, 148, 209","arr":["14","17","30","39","118","148","209"],"mode":"bus","angle":67.6,"l0":"14, ","c0":"#e16cd6","l1":"17, ","c1":"#f57145","l2":"30, ","c2":"#7b3aa8","l3":"39, ","c3":"#b20b42","l4":"118, ","c4":"#6b5806","l5":"148, ","c5":"#10a5d2","l6":"209","c6":"#076734"},"geometry":{"type":"Point","coordinates":[27.952105,43.216814]}},{"type":"Feature","properties":{"lines":"14, 17, 30, 39, 118, 148, 209","arr":["14","17","30","39","118","148","209"],"mode":"bus","angle":1.1,"mi":2,"l0":"14, ","c0":"#e16cd6","l1":"17, ","c1":"#f57145","l2":"30, ","c2":"#7b3aa8","l3":"39, ","c3":"#b20b42","l4":"118, ","c4":"#6b5806","l5":"148, ","c5":"#10a5d2","l6":"209","c6":"#076734"},"geometry":{"type":"Point","coordinates":[27.954004,43.218121]}},{"type":"Feature","properties":{"lines":"14, 17, 39","arr":["14","17","39"],"mode":"bus","angle":13.7,"l0":"14, ","c0":"#e16cd6","l1":"17, ","c1":"#f57145","l2":"39","c2":"#b20b42"},"geometry":{"type":"Point","coordinates":[27.953242,43.216219]}},{"type":"Feature","properties":{"lines":"14","arr":["14"],"mode":"bus","angle":64.1,"l0":"14","c0":"#e16cd6"},"geometry":{"type":"Point","coordinates":[27.906889,43.204989]}},{"type":"Feature","properties":{"lines":"14, 41","arr":["14","41"],"mode":"bus","angle":-5.8,"l0":"14, ","c0":"#e16cd6","l1":"41","c1":"#1cab97"},"geometry":{"type":"Point","coordinates":[27.867074,43.233635]}},{"type":"Feature","properties":{"lines":"14, 41","arr":["14","41"],"mode":"bus","angle":2.8,"extra":1,"ei":0,"l0":"14, ","c0":"#e16cd6","l1":"41","c1":"#1cab97"},"geometry":{"type":"Point","coordinates":[27.86871,43.233583]}},{"type":"Feature","properties":{"lines":"14, 41, 118","arr":["14","41","118"],"mode":"bus","angle":0.9,"mi":1,"l0":"14, ","c0":"#e16cd6","l1":"41, ","c1":"#1cab97","l2":"118","c2":"#6b5806"},"geometry":{"type":"Point","coordinates":[27.863802,43.233336]}},{"type":"Feature","properties":{"lines":"14, 82, 88","arr":["14","82","88"],"mode":"bus","angle":88.6,"l0":"14, ","c0":"#e16cd6","l1":"82, ","c1":"#05617d","l2":"88","c2":"#a72d06"},"geometry":{"type":"Point","coordinates":[27.847805,43.246358]}},{"type":"Feature","properties":{"lines":"17, 46 Б","arr":["17","46 Б"],"mode":"bus","angle":5.6,"l0":"17, ","c0":"#f57145","l1":"46 Б","c1":"#5a5d02"},"geometry":{"type":"Point","coordinates":[27.907011,43.154575]}},{"type":"Feature","properties":{"lines":"17, 46 Б","arr":["17","46 Б"],"mode":"bus","angle":25.9,"extra":1,"ei":0,"l0":"17, ","c0":"#f57145","l1":"46 Б","c1":"#5a5d02"},"geometry":{"type":"Point","coordinates":[27.883206,43.152274]}},{"type":"Feature","properties":{"lines":"17, 46 Б","arr":["17","46 Б"],"mode":"bus","angle":11,"extra":1,"ei":1,"l0":"17, ","c0":"#f57145","l1":"46 Б","c1":"#5a5d02"},"geometry":{"type":"Point","coordinates":[27.885582,43.151534]}},{"type":"Feature","properties":{"lines":"17, 46 Б","arr":["17","46 Б"],"mode":"bus","angle":-14.2,"extra":1,"ei":2,"l0":"17, ","c0":"#f57145","l1":"46 Б","c1":"#5a5d02"},"geometry":{"type":"Point","coordinates":[27.888126,43.151774]}},{"type":"Feature","properties":{"lines":"17, 46 Б","arr":["17","46 Б"],"mode":"bus","angle":-12.6,"extra":1,"ei":3,"l0":"17, ","c0":"#f57145","l1":"46 Б","c1":"#5a5d02"},"geometry":{"type":"Point","coordinates":[27.890633,43.152253]}},{"type":"Feature","properties":{"lines":"17, 46 Б","arr":["17","46 Б"],"mode":"bus","angle":-13.6,"extra":1,"ei":4,"l0":"17, ","c0":"#f57145","l1":"46 Б","c1":"#5a5d02"},"geometry":{"type":"Point","coordinates":[27.893172,43.152633]}},{"type":"Feature","properties":{"lines":"17, 46 Б","arr":["17","46 Б"],"mode":"bus","angle":-25.2,"extra":1,"ei":5,"l0":"17, ","c0":"#f57145","l1":"46 Б","c1":"#5a5d02"},"geometry":{"type":"Point","coordinates":[27.895495,43.153451]}},{"type":"Feature","properties":{"lines":"17, 46 Б","arr":["17","46 Б"],"mode":"bus","angle":-7.7,"extra":1,"ei":6,"l0":"17, ","c0":"#f57145","l1":"46 Б","c1":"#5a5d02"},"geometry":{"type":"Point","coordinates":[27.89802,43.153837]}},{"type":"Feature","properties":{"lines":"17, 46 Б","arr":["17","46 Б"],"mode":"bus","angle":-10.9,"extra":1,"ei":7,"l0":"17, ","c0":"#f57145","l1":"46 Б","c1":"#5a5d02"},"geometry":{"type":"Point","coordinates":[27.900577,43.154143]}},{"type":"Feature","properties":{"lines":"17, 46 Б","arr":["17","46 Б"],"mode":"bus","angle":-12,"extra":1,"ei":8,"l0":"17, ","c0":"#f57145","l1":"46 Б","c1":"#5a5d02"},"geometry":{"type":"Point","coordinates":[27.903112,43.154536]}},{"type":"Feature","properties":{"lines":"17, 46 Б","arr":["17","46 Б"],"mode":"bus","angle":5,"extra":1,"ei":9,"l0":"17, ","c0":"#f57145","l1":"46 Б","c1":"#5a5d02"},"geometry":{"type":"Point","coordinates":[27.910846,43.154316]}},{"type":"Feature","properties":{"lines":"17, 46 Б","arr":["17","46 Б"],"mode":"bus","angle":6.4,"extra":1,"ei":10,"l0":"17, ","c0":"#f57145","l1":"46 Б","c1":"#5a5d02"},"geometry":{"type":"Point","coordinates":[27.913425,43.154126]}},{"type":"Feature","properties":{"lines":"17, 46 Б","arr":["17","46 Б"],"mode":"bus","angle":-11.8,"extra":1,"ei":11,"l0":"17, ","c0":"#f57145","l1":"46 Б","c1":"#5a5d02"},"geometry":{"type":"Point","coordinates":[27.915998,43.154226]}},{"type":"Feature","properties":{"lines":"17, 46 Б","arr":["17","46 Б"],"mode":"bus","angle":-35.8,"extra":1,"ei":12,"l0":"17, ","c0":"#f57145","l1":"46 Б","c1":"#5a5d02"},"geometry":{"type":"Point","coordinates":[27.918322,43.155012]}},{"type":"Feature","properties":{"lines":"17, 46 Б","arr":["17","46 Б"],"mode":"bus","angle":-35.1,"extra":1,"ei":13,"l0":"17, ","c0":"#f57145","l1":"46 Б","c1":"#5a5d02"},"geometry":{"type":"Point","coordinates":[27.920403,43.156137]}},{"type":"Feature","properties":{"lines":"17, 46 Б","arr":["17","46 Б"],"mode":"bus","angle":-32.7,"extra":1,"ei":14,"l0":"17, ","c0":"#f57145","l1":"46 Б","c1":"#5a5d02"},"geometry":{"type":"Point","coordinates":[27.92258,43.157163]}},{"type":"Feature","properties":{"lines":"17, 46 Б","arr":["17","46 Б"],"mode":"bus","angle":-31.5,"extra":1,"ei":15,"l0":"17, ","c0":"#f57145","l1":"46 Б","c1":"#5a5d02"},"geometry":{"type":"Point","coordinates":[27.924764,43.158179]}},{"type":"Feature","properties":{"lines":"17, 46 Б","arr":["17","46 Б"],"mode":"bus","angle":-31.4,"extra":1,"ei":16,"l0":"17, ","c0":"#f57145","l1":"46 Б","c1":"#5a5d02"},"geometry":{"type":"Point","coordinates":[27.926977,43.159162]}},{"type":"Feature","properties":{"lines":"17, 46 Б","arr":["17","46 Б"],"mode":"bus","angle":-30.6,"extra":1,"ei":17,"l0":"17, ","c0":"#f57145","l1":"46 Б","c1":"#5a5d02"},"geometry":{"type":"Point","coordinates":[27.929207,43.160124]}},{"type":"Feature","properties":{"lines":"17, 46 Б","arr":["17","46 Б"],"mode":"bus","angle":-32.3,"mi":1,"l0":"17, ","c0":"#f57145","l1":"46 Б","c1":"#5a5d02"},"geometry":{"type":"Point","coordinates":[27.933822,43.162596]}},{"type":"Feature","properties":{"lines":"17, 46 Б","arr":["17","46 Б"],"mode":"bus","angle":-32.3,"extra":1,"ei":0,"l0":"17, ","c0":"#f57145","l1":"46 Б","c1":"#5a5d02"},"geometry":{"type":"Point","coordinates":[27.931123,43.161353]}},{"type":"Feature","properties":{"lines":"17, 46 Б","arr":["17","46 Б"],"mode":"bus","angle":-23.3,"extra":1,"ei":1,"l0":"17, ","c0":"#f57145","l1":"46 Б","c1":"#5a5d02"},"geometry":{"type":"Point","coordinates":[27.935576,43.163272]}},{"type":"Feature","properties":{"lines":"17, 46 Б","arr":["17","46 Б"],"mode":"bus","angle":61.5,"l0":"17, ","c0":"#f57145","l1":"46 Б","c1":"#5a5d02"},"geometry":{"type":"Point","coordinates":[27.935036,43.167005]}},{"type":"Feature","properties":{"lines":"17, 46 Б","arr":["17","46 Б"],"mode":"bus","angle":54.4,"extra":1,"ei":0,"l0":"17, ","c0":"#f57145","l1":"46 Б","c1":"#5a5d02"},"geometry":{"type":"Point","coordinates":[27.937112,43.164732]}},{"type":"Feature","properties":{"lines":"17, 46 Б","arr":["17","46 Б"],"mode":"bus","angle":27.8,"extra":1,"ei":1,"l0":"17, ","c0":"#f57145","l1":"46 Б","c1":"#5a5d02"},"geometry":{"type":"Point","coordinates":[27.931814,43.168519]}},{"type":"Feature","properties":{"lines":"17, 46 Б","arr":["17","46 Б"],"mode":"bus","angle":-49.3,"l0":"17, ","c0":"#f57145","l1":"46 Б","c1":"#5a5d02"},"geometry":{"type":"Point","coordinates":[27.921469,43.169052]}},{"type":"Feature","properties":{"lines":"17, 46 Б","arr":["17","46 Б"],"mode":"bus","angle":47.8,"extra":1,"ei":0,"l0":"17, ","c0":"#f57145","l1":"46 Б","c1":"#5a5d02"},"geometry":{"type":"Point","coordinates":[27.93005,43.169598]}},{"type":"Feature","properties":{"lines":"17, 46 Б","arr":["17","46 Б"],"mode":"bus","angle":47.7,"extra":1,"ei":1,"l0":"17, ","c0":"#f57145","l1":"46 Б","c1":"#5a5d02"},"geometry":{"type":"Point","coordinates":[27.928309,43.170996]}},{"type":"Feature","properties":{"lines":"17, 46 Б","arr":["17","46 Б"],"mode":"bus","angle":4.7,"extra":1,"ei":2,"l0":"17, ","c0":"#f57145","l1":"46 Б","c1":"#5a5d02"},"geometry":{"type":"Point","coordinates":[27.926281,43.172078]}},{"type":"Feature","properties":{"lines":"17, 46 Б","arr":["17","46 Б"],"mode":"bus","angle":-46.2,"extra":1,"ei":3,"l0":"17, ","c0":"#f57145","l1":"46 Б","c1":"#5a5d02"},"geometry":{"type":"Point","coordinates":[27.924144,43.17115]}},{"type":"Feature","properties":{"lines":"17, 46 Б","arr":["17","46 Б"],"mode":"bus","angle":31.2,"extra":1,"ei":4,"l0":"17, ","c0":"#f57145","l1":"46 Б","c1":"#5a5d02"},"geometry":{"type":"Point","coordinates":[27.918381,43.167924]}},{"type":"Feature","properties":{"lines":"17, 46 Б","arr":["17","46 Б"],"mode":"bus","angle":81.9,"extra":1,"ei":5,"l0":"17, ","c0":"#f57145","l1":"46 Б","c1":"#5a5d02"},"geometry":{"type":"Point","coordinates":[27.917521,43.169625]}},{"type":"Feature","properties":{"lines":"17, 46 Б","arr":["17","46 Б"],"mode":"bus","angle":36.5,"extra":1,"ei":6,"l0":"17, ","c0":"#f57145","l1":"46 Б","c1":"#5a5d02"},"geometry":{"type":"Point","coordinates":[27.916418,43.171265]}},{"type":"Feature","properties":{"lines":"17, 46 Б","arr":["17","46 Б"],"mode":"bus","angle":32.1,"extra":1,"ei":7,"l0":"17, ","c0":"#f57145","l1":"46 Б","c1":"#5a5d02"},"geometry":{"type":"Point","coordinates":[27.914227,43.172273]}},{"type":"Feature","properties":{"lines":"17, 46 Б","arr":["17","46 Б"],"mode":"bus","angle":42,"mi":1,"l0":"17, ","c0":"#f57145","l1":"46 Б","c1":"#5a5d02"},"geometry":{"type":"Point","coordinates":[27.906263,43.177935]}},{"type":"Feature","properties":{"lines":"17, 46 Б","arr":["17","46 Б"],"mode":"bus","angle":47.5,"extra":1,"ei":0,"l0":"17, ","c0":"#f57145","l1":"46 Б","c1":"#5a5d02"},"geometry":{"type":"Point","coordinates":[27.912144,43.173483]}},{"type":"Feature","properties":{"lines":"17, 46 Б","arr":["17","46 Б"],"mode":"bus","angle":54.6,"extra":1,"ei":1,"l0":"17, ","c0":"#f57145","l1":"46 Б","c1":"#5a5d02"},"geometry":{"type":"Point","coordinates":[27.910506,43.174944]}},{"type":"Feature","properties":{"lines":"17, 46 Б","arr":["17","46 Б"],"mode":"bus","angle":42.5,"extra":1,"ei":2,"l0":"17, ","c0":"#f57145","l1":"46 Б","c1":"#5a5d02"},"geometry":{"type":"Point","coordinates":[27.908734,43.176316]}},{"type":"Feature","properties":{"lines":"17, 46 Б","arr":["17","46 Б"],"mode":"bus","angle":42,"extra":1,"ei":3,"l0":"17, ","c0":"#f57145","l1":"46 Б","c1":"#5a5d02"},"geometry":{"type":"Point","coordinates":[27.90488,43.178842]}},{"type":"Feature","properties":{"lines":"17, 46 Б","arr":["17","46 Б"],"mode":"bus","angle":52.5,"extra":1,"ei":4,"l0":"17, ","c0":"#f57145","l1":"46 Б","c1":"#5a5d02"},"geometry":{"type":"Point","coordinates":[27.902999,43.180136]}},{"type":"Feature","properties":{"lines":"17, 46 Б","arr":["17","46 Б"],"mode":"bus","angle":64,"extra":1,"ei":5,"l0":"17, ","c0":"#f57145","l1":"46 Б","c1":"#5a5d02"},"geometry":{"type":"Point","coordinates":[27.901689,43.181763]}},{"type":"Feature","properties":{"lines":"17, 46 Б","arr":["17","46 Б"],"mode":"bus","angle":51.3,"extra":1,"ei":6,"l0":"17, ","c0":"#f57145","l1":"46 Б","c1":"#5a5d02"},"geometry":{"type":"Point","coordinates":[27.900447,43.183416]}},{"type":"Feature","properties":{"lines":"17, 46 Б","arr":["17","46 Б"],"mode":"bus","angle":-58.1,"l0":"17, ","c0":"#f57145","l1":"46 Б","c1":"#5a5d02"},"geometry":{"type":"Point","coordinates":[27.899627,43.182742]}},{"type":"Feature","properties":{"lines":"17, 46 Б, 88","arr":["17","46 Б","88"],"mode":"bus","angle":-58.6,"l0":"17, ","c0":"#f57145","l1":"46 Б, ","c1":"#5a5d02","l2":"88","c2":"#a72d06"},"geometry":{"type":"Point","coordinates":[27.898255,43.181141]}},{"type":"Feature","properties":{"lines":"17, 20, 23, 39, 46 Б, 82, 83","arr":["17","20","23","39","46 Б","82","83"],"mode":"bus","angle":4.2,"side":-1,"l0":"17, ","c0":"#f57145","l1":"20, ","c1":"#79a620","l2":"23, ","c2":"#11a2e3","l3":"39, ","c3":"#b20b42","l4":"46 Б, ","c4":"#5a5d02","l5":"82, ","c5":"#05617d","l6":"83","c6":"#7b3aa8"},"geometry":{"type":"Point","coordinates":[27.912934,43.198689]}},{"type":"Feature","properties":{"lines":"17, 39","arr":["17","39"],"mode":"bus","angle":48.5,"side":-1,"l0":"17, ","c0":"#f57145","l1":"39","c1":"#b20b42"},"geometry":{"type":"Point","coordinates":[27.91438,43.198191]}},{"type":"Feature","properties":{"lines":"17, 20, 39","arr":["17","20","39"],"mode":"bus","angle":70.9,"mi":1,"l0":"17, ","c0":"#f57145","l1":"20, ","c1":"#79a620","l2":"39","c2":"#b20b42"},"geometry":{"type":"Point","coordinates":[27.921091,43.200791]}},{"type":"Feature","properties":{"lines":"17, 20, 39","arr":["17","20","39"],"mode":"bus","angle":2.1,"extra":1,"ei":0,"l0":"17, ","c0":"#f57145","l1":"20, ","c1":"#79a620","l2":"39","c2":"#b20b42"},"geometry":{"type":"Point","coordinates":[27.915966,43.198006]}},{"type":"Feature","properties":{"lines":"17, 20, 39","arr":["17","20","39"],"mode":"bus","angle":7.3,"extra":1,"ei":1,"l0":"17, ","c0":"#f57145","l1":"20, ","c1":"#79a620","l2":"39","c2":"#b20b42"},"geometry":{"type":"Point","coordinates":[27.918555,43.197922]}},{"type":"Feature","properties":{"lines":"17, 20, 39","arr":["17","20","39"],"mode":"bus","angle":-57.7,"extra":1,"ei":2,"l0":"17, ","c0":"#f57145","l1":"20, ","c1":"#79a620","l2":"39","c2":"#b20b42"},"geometry":{"type":"Point","coordinates":[27.920576,43.198792]}},{"type":"Feature","properties":{"lines":"17, 20, 39","arr":["17","20","39"],"mode":"bus","angle":-66.9,"extra":1,"ei":3,"l0":"17, ","c0":"#f57145","l1":"20, ","c1":"#79a620","l2":"39","c2":"#b20b42"},"geometry":{"type":"Point","coordinates":[27.920963,43.202324]}},{"type":"Feature","properties":{"lines":"17, 20, 39","arr":["17","20","39"],"mode":"bus","angle":-48.7,"extra":1,"ei":4,"l0":"17, ","c0":"#f57145","l1":"20, ","c1":"#79a620","l2":"39","c2":"#b20b42"},"geometry":{"type":"Point","coordinates":[27.92219,43.203974]}},{"type":"Feature","properties":{"lines":"17, 20, 39","arr":["17","20","39"],"mode":"bus","angle":-46.1,"extra":1,"ei":5,"l0":"17, ","c0":"#f57145","l1":"20, ","c1":"#79a620","l2":"39","c2":"#b20b42"},"geometry":{"type":"Point","coordinates":[27.923959,43.205355]}},{"type":"Feature","properties":{"lines":"17, 20, 39","arr":["17","20","39"],"mode":"bus","angle":44.1,"side":-1,"l0":"17, ","c0":"#f57145","l1":"20, ","c1":"#79a620","l2":"39","c2":"#b20b42"},"geometry":{"type":"Point","coordinates":[27.924179,43.20735]}},{"type":"Feature","properties":{"lines":"17, 23, 39, 46 Б, 83","arr":["17","23","39","46 Б","83"],"mode":"bus","angle":4.1,"l0":"17, ","c0":"#f57145","l1":"23, ","c1":"#11a2e3","l2":"39, ","c2":"#b20b42","l3":"46 Б, ","c3":"#5a5d02","l4":"83","c4":"#7b3aa8"},"geometry":{"type":"Point","coordinates":[27.912966,43.198759]}},{"type":"Feature","properties":{"lines":"17, 46 Б, 55","arr":["17","46 Б","55"],"mode":"bus","angle":45.6,"side":-1,"mi":1,"l0":"17, ","c0":"#f57145","l1":"46 Б, ","c1":"#5a5d02","l2":"55","c2":"#19a9a8"},"geometry":{"type":"Point","coordinates":[27.894506,43.182841]}},{"type":"Feature","properties":{"lines":"17","arr":["17"],"mode":"bus","angle":41.3,"side":-1,"l0":"17","c0":"#f57145"},"geometry":{"type":"Point","coordinates":[27.90476,43.17875]}},{"type":"Feature","properties":{"lines":"17","arr":["17"],"mode":"bus","angle":62.5,"side":-1,"extra":1,"ei":0,"l0":"17","c0":"#f57145"},"geometry":{"type":"Point","coordinates":[27.900941,43.182638]}},{"type":"Feature","properties":{"lines":"17","arr":["17"],"mode":"bus","angle":62,"side":-1,"extra":1,"ei":1,"l0":"17","c0":"#f57145"},"geometry":{"type":"Point","coordinates":[27.902122,43.180958]}},{"type":"Feature","properties":{"lines":"17","arr":["17"],"mode":"bus","angle":40.5,"side":-1,"extra":1,"ei":2,"l0":"17","c0":"#f57145"},"geometry":{"type":"Point","coordinates":[27.90756,43.17696]}},{"type":"Feature","properties":{"lines":"17","arr":["17"],"mode":"bus","angle":45.2,"side":-1,"extra":1,"ei":3,"l0":"17","c0":"#f57145"},"geometry":{"type":"Point","coordinates":[27.909455,43.175673]}},{"type":"Feature","properties":{"lines":"17","arr":["17"],"mode":"bus","angle":-2.2,"l0":"17","c0":"#f57145"},"geometry":{"type":"Point","coordinates":[27.930227,43.148135]}},{"type":"Feature","properties":{"lines":"17","arr":["17"],"mode":"bus","angle":67.6,"extra":1,"ei":0,"l0":"17","c0":"#f57145"},"geometry":{"type":"Point","coordinates":[27.930493,43.159836]}},{"type":"Feature","properties":{"lines":"17","arr":["17"],"mode":"bus","angle":38.5,"extra":1,"ei":1,"l0":"17","c0":"#f57145"},"geometry":{"type":"Point","coordinates":[27.932043,43.158349]}},{"type":"Feature","properties":{"lines":"17","arr":["17"],"mode":"bus","angle":34.1,"extra":1,"ei":2,"l0":"17","c0":"#f57145"},"geometry":{"type":"Point","coordinates":[27.934183,43.157284]}},{"type":"Feature","properties":{"lines":"17","arr":["17"],"mode":"bus","angle":61.1,"extra":1,"ei":3,"l0":"17","c0":"#f57145"},"geometry":{"type":"Point","coordinates":[27.936037,43.155991]}},{"type":"Feature","properties":{"lines":"17","arr":["17"],"mode":"bus","angle":-85.9,"extra":1,"ei":4,"l0":"17","c0":"#f57145"},"geometry":{"type":"Point","coordinates":[27.936605,43.154174]}},{"type":"Feature","properties":{"lines":"17","arr":["17"],"mode":"bus","angle":-79.5,"extra":1,"ei":5,"l0":"17","c0":"#f57145"},"geometry":{"type":"Point","coordinates":[27.936128,43.152319]}},{"type":"Feature","properties":{"lines":"17","arr":["17"],"mode":"bus","angle":-73.3,"extra":1,"ei":6,"l0":"17","c0":"#f57145"},"geometry":{"type":"Point","coordinates":[27.9356,43.15047]}},{"type":"Feature","properties":{"lines":"17","arr":["17"],"mode":"bus","angle":-38.7,"extra":1,"ei":7,"l0":"17","c0":"#f57145"},"geometry":{"type":"Point","coordinates":[27.9342,43.14891]}},{"type":"Feature","properties":{"lines":"17","arr":["17"],"mode":"bus","angle":-6.6,"extra":1,"ei":8,"l0":"17","c0":"#f57145"},"geometry":{"type":"Point","coordinates":[27.931839,43.148197]}},{"type":"Feature","properties":{"lines":"17","arr":["17"],"mode":"bus","angle":-2.6,"extra":1,"ei":9,"l0":"17","c0":"#f57145"},"geometry":{"type":"Point","coordinates":[27.92666,43.148071]}},{"type":"Feature","properties":{"lines":"17","arr":["17"],"mode":"bus","angle":-46.1,"extra":1,"ei":10,"l0":"17","c0":"#f57145"},"geometry":{"type":"Point","coordinates":[27.924322,43.147401]}},{"type":"Feature","properties":{"lines":"17","arr":["17"],"mode":"bus","angle":80.2,"extra":1,"ei":11,"l0":"17","c0":"#f57145"},"geometry":{"type":"Point","coordinates":[27.923618,43.145657]}},{"type":"Feature","properties":{"lines":"17","arr":["17"],"mode":"bus","angle":34.8,"extra":1,"ei":12,"l0":"17","c0":"#f57145"},"geometry":{"type":"Point","coordinates":[27.925068,43.144161]}},{"type":"Feature","properties":{"lines":"17","arr":["17"],"mode":"bus","angle":33.4,"extra":1,"ei":13,"l0":"17","c0":"#f57145"},"geometry":{"type":"Point","coordinates":[27.927232,43.143121]}},{"type":"Feature","properties":{"lines":"17","arr":["17"],"mode":"bus","angle":33.6,"extra":1,"ei":14,"l0":"17","c0":"#f57145"},"geometry":{"type":"Point","coordinates":[27.929394,43.14208]}},{"type":"Feature","properties":{"lines":"17","arr":["17"],"mode":"bus","angle":46.4,"extra":1,"ei":15,"l0":"17","c0":"#f57145"},"geometry":{"type":"Point","coordinates":[27.931447,43.140932]}},{"type":"Feature","properties":{"lines":"17","arr":["17"],"mode":"bus","angle":72.6,"extra":1,"ei":16,"l0":"17","c0":"#f57145"},"geometry":{"type":"Point","coordinates":[27.932741,43.139323]}},{"type":"Feature","properties":{"lines":"17","arr":["17"],"mode":"bus","angle":9,"l0":"17","c0":"#f57145"},"geometry":{"type":"Point","coordinates":[27.921017,43.129536]}},{"type":"Feature","properties":{"lines":"17","arr":["17"],"mode":"bus","angle":-71.1,"mi":1,"l0":"17","c0":"#f57145"},"geometry":{"type":"Point","coordinates":[27.9295,43.129862]}},{"type":"Feature","properties":{"lines":"17","arr":["17"],"mode":"bus","angle":-76.7,"extra":1,"ei":0,"l0":"17","c0":"#f57145"},"geometry":{"type":"Point","coordinates":[27.932821,43.137003]}},{"type":"Feature","properties":{"lines":"17","arr":["17"],"mode":"bus","angle":-70.1,"extra":1,"ei":1,"l0":"17","c0":"#f57145"},"geometry":{"type":"Point","coordinates":[27.932,43.135212]}},{"type":"Feature","properties":{"lines":"17","arr":["17"],"mode":"bus","angle":-71.8,"extra":1,"ei":2,"l0":"17","c0":"#f57145"},"geometry":{"type":"Point","coordinates":[27.931157,43.133427]}},{"type":"Feature","properties":{"lines":"17","arr":["17"],"mode":"bus","angle":-70.8,"extra":1,"ei":3,"l0":"17","c0":"#f57145"},"geometry":{"type":"Point","coordinates":[27.930318,43.13164]}},{"type":"Feature","properties":{"lines":"17","arr":["17"],"mode":"bus","angle":-69,"extra":1,"ei":4,"l0":"17","c0":"#f57145"},"geometry":{"type":"Point","coordinates":[27.928651,43.128064]}},{"type":"Feature","properties":{"lines":"17","arr":["17"],"mode":"bus","angle":-18.7,"extra":1,"ei":5,"l0":"17","c0":"#f57145"},"geometry":{"type":"Point","coordinates":[27.926996,43.126711]}},{"type":"Feature","properties":{"lines":"17","arr":["17"],"mode":"bus","angle":41.8,"extra":1,"ei":6,"l0":"17","c0":"#f57145"},"geometry":{"type":"Point","coordinates":[27.924566,43.127075]}},{"type":"Feature","properties":{"lines":"17","arr":["17"],"mode":"bus","angle":51.2,"extra":1,"ei":7,"l0":"17","c0":"#f57145"},"geometry":{"type":"Point","coordinates":[27.922892,43.128514]}},{"type":"Feature","properties":{"lines":"17, 46 Б, 55","arr":["17","46 Б","55"],"mode":"bus","angle":-70,"l0":"17, ","c0":"#f57145","l1":"46 Б, ","c1":"#5a5d02","l2":"55","c2":"#19a9a8"},"geometry":{"type":"Point","coordinates":[27.881167,43.1636]}},{"type":"Feature","properties":{"lines":"17, 46 Б, 55","arr":["17","46 Б","55"],"mode":"bus","angle":-57.7,"extra":1,"ei":0,"l0":"17, ","c0":"#f57145","l1":"46 Б, ","c1":"#5a5d02","l2":"55","c2":"#19a9a8"},"geometry":{"type":"Point","coordinates":[27.886623,43.173653]}},{"type":"Feature","properties":{"lines":"17, 46 Б, 55","arr":["17","46 Б","55"],"mode":"bus","angle":-63.8,"extra":1,"ei":1,"l0":"17, ","c0":"#f57145","l1":"46 Б, ","c1":"#5a5d02","l2":"55","c2":"#19a9a8"},"geometry":{"type":"Point","coordinates":[27.885246,43.172053]}},{"type":"Feature","properties":{"lines":"17, 46 Б, 55","arr":["17","46 Б","55"],"mode":"bus","angle":-76.8,"extra":1,"ei":2,"l0":"17, ","c0":"#f57145","l1":"46 Б, ","c1":"#5a5d02","l2":"55","c2":"#19a9a8"},"geometry":{"type":"Point","coordinates":[27.884582,43.17023]}},{"type":"Feature","properties":{"lines":"17, 46 Б, 55","arr":["17","46 Б","55"],"mode":"bus","angle":-68.1,"extra":1,"ei":3,"l0":"17, ","c0":"#f57145","l1":"46 Б, ","c1":"#5a5d02","l2":"55","c2":"#19a9a8"},"geometry":{"type":"Point","coordinates":[27.883792,43.168437]}},{"type":"Feature","properties":{"lines":"17, 46 Б, 55","arr":["17","46 Б","55"],"mode":"bus","angle":-68.1,"extra":1,"ei":4,"l0":"17, ","c0":"#f57145","l1":"46 Б, ","c1":"#5a5d02","l2":"55","c2":"#19a9a8"},"geometry":{"type":"Point","coordinates":[27.882826,43.166685]}},{"type":"Feature","properties":{"lines":"17, 46 Б, 55","arr":["17","46 Б","55"],"mode":"bus","angle":-68.1,"extra":1,"ei":5,"l0":"17, ","c0":"#f57145","l1":"46 Б, ","c1":"#5a5d02","l2":"55","c2":"#19a9a8"},"geometry":{"type":"Point","coordinates":[27.881859,43.164933]}},{"type":"Feature","properties":{"lines":"17, 46 Б, 55","arr":["17","46 Б","55"],"mode":"bus","angle":-68.4,"extra":1,"ei":6,"l0":"17, ","c0":"#f57145","l1":"46 Б, ","c1":"#5a5d02","l2":"55","c2":"#19a9a8"},"geometry":{"type":"Point","coordinates":[27.879989,43.161411]}},{"type":"Feature","properties":{"lines":"17, 46 Б, 55","arr":["17","46 Б","55"],"mode":"bus","angle":-69.7,"extra":1,"ei":7,"l0":"17, ","c0":"#f57145","l1":"46 Б, ","c1":"#5a5d02","l2":"55","c2":"#19a9a8"},"geometry":{"type":"Point","coordinates":[27.87903,43.159656]}},{"type":"Feature","properties":{"lines":"17, 46 Б, 55","arr":["17","46 Б","55"],"mode":"bus","angle":78.7,"extra":1,"ei":8,"l0":"17, ","c0":"#f57145","l1":"46 Б, ","c1":"#5a5d02","l2":"55","c2":"#19a9a8"},"geometry":{"type":"Point","coordinates":[27.878846,43.157798]}},{"type":"Feature","properties":{"lines":"17, 46 Б, 55","arr":["17","46 Б","55"],"mode":"bus","angle":63.2,"extra":1,"ei":9,"l0":"17, ","c0":"#f57145","l1":"46 Б, ","c1":"#5a5d02","l2":"55","c2":"#19a9a8"},"geometry":{"type":"Point","coordinates":[27.879828,43.156057]}},{"type":"Feature","properties":{"lines":"17, 46 Б, 55","arr":["17","46 Б","55"],"mode":"bus","angle":56.9,"extra":1,"ei":10,"l0":"17, ","c0":"#f57145","l1":"46 Б, ","c1":"#5a5d02","l2":"55","c2":"#19a9a8"},"geometry":{"type":"Point","coordinates":[27.881149,43.154435]}},{"type":"Feature","properties":{"lines":"17, 46 Б, 55","arr":["17","46 Б","55"],"mode":"bus","angle":83,"extra":1,"ei":11,"l0":"17, ","c0":"#f57145","l1":"46 Б, ","c1":"#5a5d02","l2":"55","c2":"#19a9a8"},"geometry":{"type":"Point","coordinates":[27.882037,43.152703]}},{"type":"Feature","properties":{"lines":"18, 118","arr":["18","118"],"mode":"bus","angle":-0.2,"mi":8,"l0":"18, ","c0":"#79a620","l1":"118","c1":"#6b5806"},"geometry":{"type":"Point","coordinates":[27.824116,43.229357]}},{"type":"Feature","properties":{"lines":"18, 118","arr":["18","118"],"mode":"bus","angle":1.8,"mi":4,"l0":"18, ","c0":"#79a620","l1":"118","c1":"#6b5806"},"geometry":{"type":"Point","coordinates":[27.81181,43.224297]}},{"type":"Feature","properties":{"lines":"18, 118","arr":["18","118"],"mode":"bus","angle":1.8,"extra":1,"ei":0,"l0":"18, ","c0":"#79a620","l1":"118","c1":"#6b5806"},"geometry":{"type":"Point","coordinates":[27.80771,43.224393]}},{"type":"Feature","properties":{"lines":"18, 118","arr":["18","118"],"mode":"bus","angle":84.8,"extra":1,"ei":1,"l0":"18, ","c0":"#79a620","l1":"118","c1":"#6b5806"},"geometry":{"type":"Point","coordinates":[27.814255,43.223253]}},{"type":"Feature","properties":{"lines":"18, 118","arr":["18","118"],"mode":"bus","angle":-61.6,"mi":3,"l0":"18, ","c0":"#79a620","l1":"118","c1":"#6b5806"},"geometry":{"type":"Point","coordinates":[27.815214,43.206618]}},{"type":"Feature","properties":{"lines":"18, 118","arr":["18","118"],"mode":"bus","angle":-61.9,"extra":1,"ei":0,"l0":"18, ","c0":"#79a620","l1":"118","c1":"#6b5806"},"geometry":{"type":"Point","coordinates":[27.818523,43.211118]}},{"type":"Feature","properties":{"lines":"18, 118","arr":["18","118"],"mode":"bus","angle":-62.2,"extra":1,"ei":1,"l0":"18, ","c0":"#79a620","l1":"118","c1":"#6b5806"},"geometry":{"type":"Point","coordinates":[27.81731,43.209449]}},{"type":"Feature","properties":{"lines":"18, 118","arr":["18","118"],"mode":"bus","angle":-61.6,"extra":1,"ei":2,"l0":"18, ","c0":"#79a620","l1":"118","c1":"#6b5806"},"geometry":{"type":"Point","coordinates":[27.816083,43.207786]}},{"type":"Feature","properties":{"lines":"18, 118","arr":["18","118"],"mode":"bus","angle":-62,"extra":1,"ei":3,"l0":"18, ","c0":"#79a620","l1":"118","c1":"#6b5806"},"geometry":{"type":"Point","coordinates":[27.813616,43.204464]}},{"type":"Feature","properties":{"lines":"18, 118","arr":["18","118"],"mode":"bus","angle":-62.9,"extra":1,"ei":4,"l0":"18, ","c0":"#79a620","l1":"118","c1":"#6b5806"},"geometry":{"type":"Point","coordinates":[27.812378,43.202805]}},{"type":"Feature","properties":{"lines":"18, 118","arr":["18","118"],"mode":"bus","angle":43.7,"mi":7,"l0":"18, ","c0":"#79a620","l1":"118","c1":"#6b5806"},"geometry":{"type":"Point","coordinates":[27.811363,43.201142]}},{"type":"Feature","properties":{"lines":"18, 118","arr":["18","118"],"mode":"bus","angle":68,"l0":"18, ","c0":"#79a620","l1":"118","c1":"#6b5806"},"geometry":{"type":"Point","coordinates":[27.819553,43.212254]}},{"type":"Feature","properties":{"lines":"18, 118","arr":["18","118"],"mode":"bus","angle":-1.1,"mi":6,"l0":"18, ","c0":"#79a620","l1":"118","c1":"#6b5806"},"geometry":{"type":"Point","coordinates":[27.823644,43.229038]}},{"type":"Feature","properties":{"lines":"18","arr":["18"],"mode":"bus","angle":0.5,"side":-1,"mi":3,"l0":"18","c0":"#79a620"},"geometry":{"type":"Point","coordinates":[27.824381,43.229322]}},{"type":"Feature","properties":{"lines":"18","arr":["18"],"mode":"bus","angle":-20.9,"mi":1,"l0":"18","c0":"#79a620"},"geometry":{"type":"Point","coordinates":[27.805634,43.22996]}},{"type":"Feature","properties":{"lines":"18","arr":["18"],"mode":"bus","angle":-73.1,"mi":2,"l0":"18","c0":"#79a620"},"geometry":{"type":"Point","coordinates":[27.805094,43.227279]}},{"type":"Feature","properties":{"lines":"18","arr":["18"],"mode":"bus","angle":2.7,"extra":1,"ei":0,"l0":"18","c0":"#79a620"},"geometry":{"type":"Point","coordinates":[27.805119,43.224438]}},{"type":"Feature","properties":{"lines":"18","arr":["18"],"mode":"bus","angle":-87.5,"extra":1,"ei":1,"l0":"18","c0":"#79a620"},"geometry":{"type":"Point","coordinates":[27.804864,43.226003]}},{"type":"Feature","properties":{"lines":"18","arr":["18"],"mode":"bus","angle":-61,"extra":1,"ei":2,"l0":"18","c0":"#79a620"},"geometry":{"type":"Point","coordinates":[27.805515,43.229731]}},{"type":"Feature","properties":{"lines":"18","arr":["18"],"mode":"bus","angle":2.9,"l0":"18","c0":"#79a620"},"geometry":{"type":"Point","coordinates":[27.815455,43.229641]}},{"type":"Feature","properties":{"lines":"18","arr":["18"],"mode":"bus","angle":3.2,"extra":1,"ei":0,"l0":"18","c0":"#79a620"},"geometry":{"type":"Point","coordinates":[27.807633,43.22992]}},{"type":"Feature","properties":{"lines":"18","arr":["18"],"mode":"bus","angle":2.7,"extra":1,"ei":1,"l0":"18","c0":"#79a620"},"geometry":{"type":"Point","coordinates":[27.810222,43.229837]}},{"type":"Feature","properties":{"lines":"18","arr":["18"],"mode":"bus","angle":2.9,"extra":1,"ei":2,"l0":"18","c0":"#79a620"},"geometry":{"type":"Point","coordinates":[27.812811,43.22974]}},{"type":"Feature","properties":{"lines":"18","arr":["18"],"mode":"bus","angle":2.4,"extra":1,"ei":3,"l0":"18","c0":"#79a620"},"geometry":{"type":"Point","coordinates":[27.817988,43.229558]}},{"type":"Feature","properties":{"lines":"18","arr":["18"],"mode":"bus","angle":2.4,"extra":1,"ei":4,"l0":"18","c0":"#79a620"},"geometry":{"type":"Point","coordinates":[27.820578,43.22948]}},{"type":"Feature","properties":{"lines":"18","arr":["18"],"mode":"bus","angle":1.9,"extra":1,"ei":5,"l0":"18","c0":"#79a620"},"geometry":{"type":"Point","coordinates":[27.823168,43.229414]}},{"type":"Feature","properties":{"lines":"18, 118","arr":["18","118"],"mode":"bus","angle":6.4,"mi":2,"l0":"18, ","c0":"#79a620","l1":"118","c1":"#6b5806"},"geometry":{"type":"Point","coordinates":[27.816615,43.219259]}},{"type":"Feature","properties":{"lines":"18, 118","arr":["18","118"],"mode":"bus","angle":-89.8,"extra":1,"ei":0,"l0":"18, ","c0":"#79a620","l1":"118","c1":"#6b5806"},"geometry":{"type":"Point","coordinates":[27.814804,43.221094]}},{"type":"Feature","properties":{"lines":"18, 118","arr":["18","118"],"mode":"bus","angle":14.1,"extra":1,"ei":1,"l0":"18, ","c0":"#79a620","l1":"118","c1":"#6b5806"},"geometry":{"type":"Point","coordinates":[27.814889,43.219383]}},{"type":"Feature","properties":{"lines":"18, 118","arr":["18","118"],"mode":"bus","angle":6,"extra":1,"ei":2,"l0":"18, ","c0":"#79a620","l1":"118","c1":"#6b5806"},"geometry":{"type":"Point","coordinates":[27.820048,43.219022]}},{"type":"Feature","properties":{"lines":"18, 118","arr":["18","118"],"mode":"bus","angle":-77.4,"mi":1,"l0":"18, ","c0":"#79a620","l1":"118","c1":"#6b5806"},"geometry":{"type":"Point","coordinates":[27.820718,43.217385]}},{"type":"Feature","properties":{"lines":"18, 118","arr":["18","118"],"mode":"bus","angle":-64.4,"extra":1,"ei":0,"l0":"18, ","c0":"#79a620","l1":"118","c1":"#6b5806"},"geometry":{"type":"Point","coordinates":[27.819705,43.212797]}},{"type":"Feature","properties":{"lines":"18, 118","arr":["18","118"],"mode":"bus","angle":-84.5,"extra":1,"ei":1,"l0":"18, ","c0":"#79a620","l1":"118","c1":"#6b5806"},"geometry":{"type":"Point","coordinates":[27.820531,43.214581]}},{"type":"Feature","properties":{"lines":"18, 118","arr":["18","118"],"mode":"bus","angle":-47.7,"extra":1,"ei":2,"l0":"18, ","c0":"#79a620","l1":"118","c1":"#6b5806"},"geometry":{"type":"Point","coordinates":[27.823138,43.219555]}},{"type":"Feature","properties":{"lines":"18, 118","arr":["18","118"],"mode":"bus","angle":89.1,"extra":1,"ei":3,"l0":"18, ","c0":"#79a620","l1":"118","c1":"#6b5806"},"geometry":{"type":"Point","coordinates":[27.823619,43.221333]}},{"type":"Feature","properties":{"lines":"18, 118","arr":["18","118"],"mode":"bus","angle":10,"mi":9,"l0":"18, ","c0":"#79a620","l1":"118","c1":"#6b5806"},"geometry":{"type":"Point","coordinates":[27.814941,43.200024]}},{"type":"Feature","properties":{"lines":"18, 118","arr":["18","118"],"mode":"bus","angle":23.2,"extra":1,"ei":0,"l0":"18, ","c0":"#79a620","l1":"118","c1":"#6b5806"},"geometry":{"type":"Point","coordinates":[27.812332,43.200644]}},{"type":"Feature","properties":{"lines":"18, 118","arr":["18","118"],"mode":"bus","angle":-4.4,"extra":1,"ei":1,"l0":"18, ","c0":"#79a620","l1":"118","c1":"#6b5806"},"geometry":{"type":"Point","coordinates":[27.817361,43.19994]}},{"type":"Feature","properties":{"lines":"18, 118","arr":["18","118"],"mode":"bus","angle":82.2,"mi":10,"l0":"18, ","c0":"#79a620","l1":"118","c1":"#6b5806"},"geometry":{"type":"Point","coordinates":[27.819059,43.1996]}},{"type":"Feature","properties":{"lines":"18, 118","arr":["18","118"],"mode":"bus","angle":-89.9,"mi":5,"l0":"18, ","c0":"#79a620","l1":"118","c1":"#6b5806"},"geometry":{"type":"Point","coordinates":[27.823594,43.225651]}},{"type":"Feature","properties":{"lines":"18, 118","arr":["18","118"],"mode":"bus","angle":89.8,"extra":1,"ei":0,"l0":"18, ","c0":"#79a620","l1":"118","c1":"#6b5806"},"geometry":{"type":"Point","coordinates":[27.823614,43.223209]}},{"type":"Feature","properties":{"lines":"18, 118","arr":["18","118"],"mode":"bus","angle":-89,"extra":1,"ei":1,"l0":"18, ","c0":"#79a620","l1":"118","c1":"#6b5806"},"geometry":{"type":"Point","coordinates":[27.82362,43.226986]}},{"type":"Feature","properties":{"lines":"18, 118","arr":["18","118"],"mode":"bus","angle":-89.8,"extra":1,"ei":2,"l0":"18, ","c0":"#79a620","l1":"118","c1":"#6b5806"},"geometry":{"type":"Point","coordinates":[27.823643,43.228875]}},{"type":"Feature","properties":{"lines":"118","arr":["118"],"mode":"bus","angle":-15.3,"mi":1,"l0":"118","c0":"#6b5806"},"geometry":{"type":"Point","coordinates":[27.819494,43.211704]}},{"type":"Feature","properties":{"lines":"118","arr":["118"],"mode":"bus","angle":-35.7,"side":-1,"mi":8,"l0":"118","c0":"#6b5806"},"geometry":{"type":"Point","coordinates":[27.848069,43.246059]}},{"type":"Feature","properties":{"lines":"118","arr":["118"],"mode":"bus","angle":-62.7,"mi":6,"l0":"118","c0":"#6b5806"},"geometry":{"type":"Point","coordinates":[27.84846,43.239849]}},{"type":"Feature","properties":{"lines":"20","arr":["20"],"mode":"bus","angle":44.4,"l0":"20","c0":"#79a620"},"geometry":{"type":"Point","coordinates":[27.922187,43.208923]}},{"type":"Feature","properties":{"lines":"20","arr":["20"],"mode":"bus","angle":22.6,"mi":2,"l0":"20","c0":"#79a620"},"geometry":{"type":"Point","coordinates":[27.892762,43.232521]}},{"type":"Feature","properties":{"lines":"20","arr":["20"],"mode":"bus","angle":42.2,"extra":1,"ei":0,"l0":"20","c0":"#79a620"},"geometry":{"type":"Point","coordinates":[27.920802,43.209893]}},{"type":"Feature","properties":{"lines":"20, 118","arr":["20","118"],"mode":"bus","angle":44,"l0":"20, ","c0":"#79a620","l1":"118","c1":"#6b5806"},"geometry":{"type":"Point","coordinates":[27.919931,43.210496]}},{"type":"Feature","properties":{"lines":"20, 209, 209 Б","arr":["20","209","209 Б"],"mode":"bus","angle":30.8,"l0":"20, ","c0":"#79a620","l1":"209, ","c1":"#076734","l2":"209 Б","c2":"#b0045c"},"geometry":{"type":"Point","coordinates":[27.898642,43.230122]}},{"type":"Feature","properties":{"lines":"20, 209, 209 Б","arr":["20","209","209 Б"],"mode":"bus","angle":81.9,"extra":1,"ei":0,"l0":"20, ","c0":"#79a620","l1":"209, ","c1":"#076734","l2":"209 Б","c2":"#b0045c"},"geometry":{"type":"Point","coordinates":[27.905436,43.222398]}},{"type":"Feature","properties":{"lines":"20, 209, 209 Б","arr":["20","209","209 Б"],"mode":"bus","angle":76,"extra":1,"ei":1,"l0":"20, ","c0":"#79a620","l1":"209, ","c1":"#076734","l2":"209 Б","c2":"#b0045c"},"geometry":{"type":"Point","coordinates":[27.904956,43.224253]}},{"type":"Feature","properties":{"lines":"20, 209, 209 Б","arr":["20","209","209 Б"],"mode":"bus","angle":64.2,"extra":1,"ei":2,"l0":"20, ","c0":"#79a620","l1":"209, ","c1":"#076734","l2":"209 Б","c2":"#b0045c"},"geometry":{"type":"Point","coordinates":[27.904124,43.226038]}},{"type":"Feature","properties":{"lines":"20, 209, 209 Б","arr":["20","209","209 Б"],"mode":"bus","angle":54.5,"extra":1,"ei":3,"l0":"20, ","c0":"#79a620","l1":"209, ","c1":"#076734","l2":"209 Б","c2":"#b0045c"},"geometry":{"type":"Point","coordinates":[27.902919,43.227705]}},{"type":"Feature","properties":{"lines":"20, 209, 209 Б","arr":["20","209","209 Б"],"mode":"bus","angle":33.5,"extra":1,"ei":4,"l0":"20, ","c0":"#79a620","l1":"209, ","c1":"#076734","l2":"209 Б","c2":"#b0045c"},"geometry":{"type":"Point","coordinates":[27.901077,43.229018]}},{"type":"Feature","properties":{"lines":"20, 209, 209 Б","arr":["20","209","209 Б"],"mode":"bus","angle":5.7,"side":-1,"extra":1,"ei":0,"l0":"20, ","c0":"#79a620","l1":"209, ","c1":"#076734","l2":"209 Б","c2":"#b0045c"},"geometry":{"type":"Point","coordinates":[27.891591,43.232672]}},{"type":"Feature","properties":{"lines":"20, 209, 209 Б","arr":["20","209","209 Б"],"mode":"bus","angle":24.8,"side":-1,"extra":1,"ei":1,"l0":"20, ","c0":"#79a620","l1":"209, ","c1":"#076734","l2":"209 Б","c2":"#b0045c"},"geometry":{"type":"Point","coordinates":[27.894,43.232018]}},{"type":"Feature","properties":{"lines":"20, 209, 209 Б","arr":["20","209","209 Б"],"mode":"bus","angle":29.3,"extra":1,"ei":2,"l0":"20, ","c0":"#79a620","l1":"209, ","c1":"#076734","l2":"209 Б","c2":"#b0045c"},"geometry":{"type":"Point","coordinates":[27.89627,43.23111]}},{"type":"Feature","properties":{"lines":"20","arr":["20"],"mode":"bus","angle":42.2,"l0":"20","c0":"#79a620"},"geometry":{"type":"Point","coordinates":[27.890516,43.232908]}},{"type":"Feature","properties":{"lines":"20","arr":["20"],"mode":"bus","angle":-82.1,"side":-1,"mi":1,"l0":"20","c0":"#79a620"},"geometry":{"type":"Point","coordinates":[27.890531,43.233875]}},{"type":"Feature","properties":{"lines":"20, 83, 88","arr":["20","83","88"],"mode":"bus","angle":12.1,"side":-1,"mi":2,"l0":"20, ","c0":"#79a620","l1":"83, ","c1":"#7b3aa8","l2":"88","c2":"#a72d06"},"geometry":{"type":"Point","coordinates":[27.881852,43.239668]}},{"type":"Feature","properties":{"lines":"20, 83, 88","arr":["20","83","88"],"mode":"bus","angle":-81.8,"mi":1,"l0":"20, ","c0":"#79a620","l1":"83, ","c1":"#7b3aa8","l2":"88","c2":"#a72d06"},"geometry":{"type":"Point","coordinates":[27.890368,43.233735]}},{"type":"Feature","properties":{"lines":"20, 83, 88","arr":["20","83","88"],"mode":"bus","angle":-80.3,"l0":"20, ","c0":"#79a620","l1":"83, ","c1":"#7b3aa8","l2":"88","c2":"#a72d06"},"geometry":{"type":"Point","coordinates":[27.890795,43.235243]}},{"type":"Feature","properties":{"lines":"20, 83, 88","arr":["20","83","88"],"mode":"bus","angle":29.1,"extra":1,"ei":0,"l0":"20, ","c0":"#79a620","l1":"83, ","c1":"#7b3aa8","l2":"88","c2":"#a72d06"},"geometry":{"type":"Point","coordinates":[27.890159,43.236564]}},{"type":"Feature","properties":{"lines":"20, 83, 88","arr":["20","83","88"],"mode":"bus","angle":31.4,"extra":1,"ei":1,"l0":"20, ","c0":"#79a620","l1":"83, ","c1":"#7b3aa8","l2":"88","c2":"#a72d06"},"geometry":{"type":"Point","coordinates":[27.887924,43.23752]}},{"type":"Feature","properties":{"lines":"20, 83, 88","arr":["20","83","88"],"mode":"bus","angle":28.3,"extra":1,"ei":2,"l0":"20, ","c0":"#79a620","l1":"83, ","c1":"#7b3aa8","l2":"88","c2":"#a72d06"},"geometry":{"type":"Point","coordinates":[27.885658,43.238435]}},{"type":"Feature","properties":{"lines":"20, 83, 88","arr":["20","83","88"],"mode":"bus","angle":-8.1,"side":-1,"extra":1,"ei":3,"l0":"20, ","c0":"#79a620","l1":"83, ","c1":"#7b3aa8","l2":"88","c2":"#a72d06"},"geometry":{"type":"Point","coordinates":[27.878287,43.239721]}},{"type":"Feature","properties":{"lines":"20, 83, 88","arr":["20","83","88"],"mode":"bus","angle":-8.1,"side":-1,"extra":1,"ei":4,"l0":"20, ","c0":"#79a620","l1":"83, ","c1":"#7b3aa8","l2":"88","c2":"#a72d06"},"geometry":{"type":"Point","coordinates":[27.875721,43.239456]}},{"type":"Feature","properties":{"lines":"20, 83, 88","arr":["20","83","88"],"mode":"bus","angle":-0.5,"side":-1,"extra":1,"ei":5,"l0":"20, ","c0":"#79a620","l1":"83, ","c1":"#7b3aa8","l2":"88","c2":"#a72d06"},"geometry":{"type":"Point","coordinates":[27.873148,43.239245]}},{"type":"Feature","properties":{"lines":"20, 22, 82, 83, 88, 118, 122, 148, 209, 209 Б","arr":["20","22","82","83","88","118","122","148","209","209 Б"],"mode":"bus","angle":0.2,"mi":1,"l0":"20, ","c0":"#79a620","l1":"22, ","c1":"#ff627e","l2":"82, ","c2":"#05617d","l3":"83, ","c3":"#7b3aa8","l4":"88, ","c4":"#a72d06","l5":"118, ","c5":"#6b5806","l6":"122, ","c6":"#cf8a11","l7":"148, ","c7":"#10a5d2","l8":"209, ","c8":"#076734","l9":"209 Б","c9":"#b0045c"},"geometry":{"type":"Point","coordinates":[27.862374,43.241565]}},{"type":"Feature","properties":{"lines":"20, 22, 82, 83, 88, 118, 122, 148, 209, 209 Б","arr":["20","22","82","83","88","118","122","148","209","209 Б"],"mode":"bus","angle":16.3,"l0":"20, ","c0":"#79a620","l1":"22, ","c1":"#ff627e","l2":"82, ","c2":"#05617d","l3":"83, ","c3":"#7b3aa8","l4":"88, ","c4":"#a72d06","l5":"118, ","c5":"#6b5806","l6":"122, ","c6":"#cf8a11","l7":"148, ","c7":"#10a5d2","l8":"209, ","c8":"#076734","l9":"209 Б","c9":"#b0045c"},"geometry":{"type":"Point","coordinates":[27.870959,43.239552]}},{"type":"Feature","properties":{"lines":"20, 22, 82, 83, 88, 118, 122, 148, 209, 209 Б","arr":["20","22","82","83","88","118","122","148","209","209 Б"],"mode":"bus","angle":21.8,"extra":1,"ei":0,"l0":"20, ","c0":"#79a620","l1":"22, ","c1":"#ff627e","l2":"82, ","c2":"#05617d","l3":"83, ","c3":"#7b3aa8","l4":"88, ","c4":"#a72d06","l5":"118, ","c5":"#6b5806","l6":"122, ","c6":"#cf8a11","l7":"148, ","c7":"#10a5d2","l8":"209, ","c8":"#076734","l9":"209 Б","c9":"#b0045c"},"geometry":{"type":"Point","coordinates":[27.865758,43.241188]}},{"type":"Feature","properties":{"lines":"20, 22, 82, 83, 88, 118, 122, 148, 209, 209 Б","arr":["20","22","82","83","88","118","122","148","209","209 Б"],"mode":"bus","angle":0.1,"extra":1,"ei":1,"l0":"20, ","c0":"#79a620","l1":"22, ","c1":"#ff627e","l2":"82, ","c2":"#05617d","l3":"83, ","c3":"#7b3aa8","l4":"88, ","c4":"#a72d06","l5":"118, ","c5":"#6b5806","l6":"122, ","c6":"#cf8a11","l7":"148, ","c7":"#10a5d2","l8":"209, ","c8":"#076734","l9":"209 Б","c9":"#b0045c"},"geometry":{"type":"Point","coordinates":[27.860648,43.241568]}},{"type":"Feature","properties":{"lines":"20, 22, 82, 83, 88, 118, 122, 148, 209, 209 Б","arr":["20","22","82","83","88","118","122","148","209","209 Б"],"mode":"bus","angle":0.4,"extra":1,"ei":2,"l0":"20, ","c0":"#79a620","l1":"22, ","c1":"#ff627e","l2":"82, ","c2":"#05617d","l3":"83, ","c3":"#7b3aa8","l4":"88, ","c4":"#a72d06","l5":"118, ","c5":"#6b5806","l6":"122, ","c6":"#cf8a11","l7":"148, ","c7":"#10a5d2","l8":"209, ","c8":"#076734","l9":"209 Б","c9":"#b0045c"},"geometry":{"type":"Point","coordinates":[27.858056,43.241578]}},{"type":"Feature","properties":{"lines":"20, 22, 82, 83, 88, 118, 122, 148, 209, 209 Б","arr":["20","22","82","83","88","118","122","148","209","209 Б"],"mode":"bus","angle":6.8,"side":-1,"extra":1,"ei":0,"l0":"20, ","c0":"#79a620","l1":"22, ","c1":"#ff627e","l2":"82, ","c2":"#05617d","l3":"83, ","c3":"#7b3aa8","l4":"88, ","c4":"#a72d06","l5":"118, ","c5":"#6b5806","l6":"122, ","c6":"#cf8a11","l7":"148, ","c7":"#10a5d2","l8":"209, ","c8":"#076734","l9":"209 Б","c9":"#b0045c"},"geometry":{"type":"Point","coordinates":[27.86405,43.241427]}},{"type":"Feature","properties":{"lines":"20, 22, 82, 88, 118, 122, 148, 209, 209 Б","arr":["20","22","82","88","118","122","148","209","209 Б"],"mode":"bus","angle":23.8,"l0":"20, ","c0":"#79a620","l1":"22, ","c1":"#ff627e","l2":"82, ","c2":"#05617d","l3":"88, ","c3":"#a72d06","l4":"118, ","c4":"#6b5806","l5":"122, ","c5":"#cf8a11","l6":"148, ","c6":"#10a5d2","l7":"209, ","c7":"#076734","l8":"209 Б","c8":"#b0045c"},"geometry":{"type":"Point","coordinates":[27.868718,43.240234]}},{"type":"Feature","properties":{"lines":"20, 22, 118, 122, 148, 209, 209 Б","arr":["20","22","118","122","148","209","209 Б"],"mode":"bus","angle":-88,"mi":1,"l0":"20, ","c0":"#79a620","l1":"22, ","c1":"#ff627e","l2":"118, ","c2":"#6b5806","l3":"122, ","c3":"#cf8a11","l4":"148, ","c4":"#10a5d2","l5":"209, ","c5":"#076734","l6":"209 Б","c6":"#b0045c"},"geometry":{"type":"Point","coordinates":[27.857753,43.243301]}},{"type":"Feature","properties":{"lines":"20, 22, 118, 122, 148, 209, 209 Б","arr":["20","22","118","122","148","209","209 Б"],"mode":"bus","angle":3.6,"l0":"20, ","c0":"#79a620","l1":"22, ","c1":"#ff627e","l2":"118, ","c2":"#6b5806","l3":"122, ","c3":"#cf8a11","l4":"148, ","c4":"#10a5d2","l5":"209, ","c5":"#076734","l6":"209 Б","c6":"#b0045c"},"geometry":{"type":"Point","coordinates":[27.85297,43.245951]}},{"type":"Feature","properties":{"lines":"20, 22, 118, 122, 148, 209, 209 Б","arr":["20","22","118","122","148","209","209 Б"],"mode":"bus","angle":23.2,"extra":1,"ei":0,"l0":"20, ","c0":"#79a620","l1":"22, ","c1":"#ff627e","l2":"118, ","c2":"#6b5806","l3":"122, ","c3":"#cf8a11","l4":"148, ","c4":"#10a5d2","l5":"209, ","c5":"#076734","l6":"209 Б","c6":"#b0045c"},"geometry":{"type":"Point","coordinates":[27.856877,43.245515]}},{"type":"Feature","properties":{"lines":"20, 22, 118, 122, 148, 209, 209 Б","arr":["20","22","118","122","148","209","209 Б"],"mode":"bus","angle":3.2,"extra":1,"ei":0,"l0":"20, ","c0":"#79a620","l1":"22, ","c1":"#ff627e","l2":"118, ","c2":"#6b5806","l3":"122, ","c3":"#cf8a11","l4":"148, ","c4":"#10a5d2","l5":"209, ","c5":"#076734","l6":"209 Б","c6":"#b0045c"},"geometry":{"type":"Point","coordinates":[27.849107,43.246115]}},{"type":"Feature","properties":{"lines":"20, 22, 122, 148, 209, 209 Б","arr":["20","22","122","148","209","209 Б"],"mode":"bus","angle":40.9,"l0":"20, ","c0":"#79a620","l1":"22, ","c1":"#ff627e","l2":"122, ","c2":"#cf8a11","l3":"148, ","c3":"#10a5d2","l4":"209, ","c4":"#076734","l5":"209 Б","c5":"#b0045c"},"geometry":{"type":"Point","coordinates":[27.848015,43.246267]}},{"type":"Feature","properties":{"lines":"22, 82, 118, 122","arr":["22","82","118","122"],"mode":"bus","angle":-83.4,"side":-1,"l0":"22, ","c0":"#ff627e","l1":"82, ","c1":"#05617d","l2":"118, ","c2":"#6b5806","l3":"122","c3":"#cf8a11"},"geometry":{"type":"Point","coordinates":[27.869826,43.231585]}},{"type":"Feature","properties":{"lines":"22, 82, 118, 122","arr":["22","82","118","122"],"mode":"bus","angle":-72.4,"side":-1,"extra":1,"ei":0,"l0":"22, ","c0":"#ff627e","l1":"82, ","c1":"#05617d","l2":"118, ","c2":"#6b5806","l3":"122","c3":"#cf8a11"},"geometry":{"type":"Point","coordinates":[27.869398,43.230048]}},{"type":"Feature","properties":{"lines":"22, 82, 118, 122","arr":["22","82","118","122"],"mode":"bus","angle":-80.6,"side":-1,"extra":1,"ei":1,"l0":"22, ","c0":"#ff627e","l1":"82, ","c1":"#05617d","l2":"118, ","c2":"#6b5806","l3":"122","c3":"#cf8a11"},"geometry":{"type":"Point","coordinates":[27.870176,43.233772]}},{"type":"Feature","properties":{"lines":"22, 122","arr":["22","122"],"mode":"bus","angle":-89.7,"side":-1,"mi":1,"l0":"22, ","c0":"#ff627e","l1":"122","c1":"#cf8a11"},"geometry":{"type":"Point","coordinates":[27.868527,43.226341]}},{"type":"Feature","properties":{"lines":"22, 122","arr":["22","122"],"mode":"bus","angle":-85.1,"extra":1,"ei":0,"l0":"22, ","c0":"#ff627e","l1":"122","c1":"#cf8a11"},"geometry":{"type":"Point","coordinates":[27.868443,43.228174]}},{"type":"Feature","properties":{"lines":"22, 122","arr":["22","122"],"mode":"bus","angle":-64.7,"extra":1,"ei":1,"l0":"22, ","c0":"#ff627e","l1":"122","c1":"#cf8a11"},"geometry":{"type":"Point","coordinates":[27.868441,43.224405]}},{"type":"Feature","properties":{"lines":"22, 122","arr":["22","122"],"mode":"bus","angle":0.2,"l0":"22, ","c0":"#ff627e","l1":"122","c1":"#cf8a11"},"geometry":{"type":"Point","coordinates":[27.867775,43.223347]}},{"type":"Feature","properties":{"lines":"22, 122, 409","arr":["22","122","409"],"mode":"bus","angle":26.8,"l0":"22, ","c0":"#ff627e","l1":"122, ","c1":"#cf8a11","l2":"409","c2":"#7c5001"},"geometry":{"type":"Point","coordinates":[27.869397,43.22287]}},{"type":"Feature","properties":{"lines":"22, 82, 118, 122, 148, 209, 209 Б","arr":["22","82","118","122","148","209","209 Б"],"mode":"bus","angle":-80.8,"side":-1,"l0":"22, ","c0":"#ff627e","l1":"82, ","c1":"#05617d","l2":"118, ","c2":"#6b5806","l3":"122, ","c3":"#cf8a11","l4":"148, ","c4":"#10a5d2","l5":"209, ","c5":"#076734","l6":"209 Б","c6":"#b0045c"},"geometry":{"type":"Point","coordinates":[27.870869,43.236768]}},{"type":"Feature","properties":{"lines":"22, 82, 118, 122, 148, 209, 209 Б","arr":["22","82","118","122","148","209","209 Б"],"mode":"bus","angle":-80.2,"side":-1,"extra":1,"ei":0,"l0":"22, ","c0":"#ff627e","l1":"82, ","c1":"#05617d","l2":"118, ","c2":"#6b5806","l3":"122, ","c3":"#cf8a11","l4":"148, ","c4":"#10a5d2","l5":"209, ","c5":"#076734","l6":"209 Б","c6":"#b0045c"},"geometry":{"type":"Point","coordinates":[27.870464,43.235016]}},{"type":"Feature","properties":{"lines":"22, 82, 118, 122, 148, 209, 209 Б","arr":["22","82","118","122","148","209","209 Б"],"mode":"bus","angle":-83.2,"extra":1,"ei":1,"l0":"22, ","c0":"#ff627e","l1":"82, ","c1":"#05617d","l2":"118, ","c2":"#6b5806","l3":"122, ","c3":"#cf8a11","l4":"148, ","c4":"#10a5d2","l5":"209, ","c5":"#076734","l6":"209 Б","c6":"#b0045c"},"geometry":{"type":"Point","coordinates":[27.87129,43.238744]}},{"type":"Feature","properties":{"lines":"23","arr":["23"],"mode":"bus","angle":-31.5,"mi":5,"l0":"23","c0":"#11a2e3"},"geometry":{"type":"Point","coordinates":[27.914815,43.245325]}},{"type":"Feature","properties":{"lines":"23","arr":["23"],"mode":"bus","angle":26.7,"mi":2,"l0":"23","c0":"#11a2e3"},"geometry":{"type":"Point","coordinates":[27.909595,43.247686]}},{"type":"Feature","properties":{"lines":"23","arr":["23"],"mode":"bus","angle":19.4,"extra":1,"ei":0,"l0":"23","c0":"#11a2e3"},"geometry":{"type":"Point","coordinates":[27.914061,43.246448]}},{"type":"Feature","properties":{"lines":"23","arr":["23"],"mode":"bus","angle":20.5,"extra":1,"ei":1,"l0":"23","c0":"#11a2e3"},"geometry":{"type":"Point","coordinates":[27.911643,43.247127]}},{"type":"Feature","properties":{"lines":"23","arr":["23"],"mode":"bus","angle":11,"extra":1,"ei":2,"l0":"23","c0":"#11a2e3"},"geometry":{"type":"Point","coordinates":[27.907119,43.248704]}},{"type":"Feature","properties":{"lines":"23","arr":["23"],"mode":"bus","angle":72.1,"extra":1,"ei":3,"l0":"23","c0":"#11a2e3"},"geometry":{"type":"Point","coordinates":[27.905385,43.249776]}},{"type":"Feature","properties":{"lines":"23","arr":["23"],"mode":"bus","angle":63.7,"l0":"23","c0":"#11a2e3"},"geometry":{"type":"Point","coordinates":[27.905125,43.250341]}},{"type":"Feature","properties":{"lines":"23","arr":["23"],"mode":"bus","angle":-25,"mi":5,"l0":"23","c0":"#11a2e3"},"geometry":{"type":"Point","coordinates":[27.906417,43.204529]}},{"type":"Feature","properties":{"lines":"23","arr":["23"],"mode":"bus","angle":-6.9,"l0":"23","c0":"#11a2e3"},"geometry":{"type":"Point","coordinates":[27.898062,43.202996]}},{"type":"Feature","properties":{"lines":"23","arr":["23"],"mode":"bus","angle":-59.1,"mi":4,"l0":"23","c0":"#11a2e3"},"geometry":{"type":"Point","coordinates":[27.895659,43.203407]}},{"type":"Feature","properties":{"lines":"23","arr":["23"],"mode":"bus","angle":-71.7,"side":-1,"mi":4,"l0":"23","c0":"#11a2e3"},"geometry":{"type":"Point","coordinates":[27.891926,43.250096]}},{"type":"Feature","properties":{"lines":"23","arr":["23"],"mode":"bus","angle":8.7,"mi":1,"l0":"23","c0":"#11a2e3"},"geometry":{"type":"Point","coordinates":[27.898395,43.249449]}},{"type":"Feature","properties":{"lines":"23","arr":["23"],"mode":"bus","angle":-20.8,"extra":1,"ei":0,"l0":"23","c0":"#11a2e3"},"geometry":{"type":"Point","coordinates":[27.903734,43.25021]}},{"type":"Feature","properties":{"lines":"23","arr":["23"],"mode":"bus","angle":-20.8,"extra":1,"ei":1,"l0":"23","c0":"#11a2e3"},"geometry":{"type":"Point","coordinates":[27.901311,43.249539]}},{"type":"Feature","properties":{"lines":"23","arr":["23"],"mode":"bus","angle":9.1,"extra":1,"ei":2,"l0":"23","c0":"#11a2e3"},"geometry":{"type":"Point","coordinates":[27.896238,43.249695]}},{"type":"Feature","properties":{"lines":"23","arr":["23"],"mode":"bus","angle":13.5,"extra":1,"ei":3,"l0":"23","c0":"#11a2e3"},"geometry":{"type":"Point","coordinates":[27.893679,43.249994]}},{"type":"Feature","properties":{"lines":"23","arr":["23"],"mode":"bus","angle":32.2,"mi":3,"l0":"23","c0":"#11a2e3"},"geometry":{"type":"Point","coordinates":[27.896978,43.242548]}},{"type":"Feature","properties":{"lines":"23","arr":["23"],"mode":"bus","angle":65.7,"extra":1,"ei":0,"l0":"23","c0":"#11a2e3"},"geometry":{"type":"Point","coordinates":[27.892333,43.249346]}},{"type":"Feature","properties":{"lines":"23","arr":["23"],"mode":"bus","angle":74.5,"extra":1,"ei":1,"l0":"23","c0":"#11a2e3"},"geometry":{"type":"Point","coordinates":[27.892827,43.247499]}},{"type":"Feature","properties":{"lines":"23","arr":["23"],"mode":"bus","angle":62.8,"extra":1,"ei":2,"l0":"23","c0":"#11a2e3"},"geometry":{"type":"Point","coordinates":[27.893924,43.245791]}},{"type":"Feature","properties":{"lines":"23","arr":["23"],"mode":"bus","angle":58,"extra":1,"ei":3,"l0":"23","c0":"#11a2e3"},"geometry":{"type":"Point","coordinates":[27.895178,43.244139]}},{"type":"Feature","properties":{"lines":"23","arr":["23"],"mode":"bus","angle":50,"extra":1,"ei":4,"l0":"23","c0":"#11a2e3"},"geometry":{"type":"Point","coordinates":[27.899071,43.241835]}},{"type":"Feature","properties":{"lines":"23","arr":["23"],"mode":"bus","angle":-88.4,"extra":1,"ei":5,"l0":"23","c0":"#11a2e3"},"geometry":{"type":"Point","coordinates":[27.89935,43.24]}},{"type":"Feature","properties":{"lines":"23","arr":["23"],"mode":"bus","angle":8.7,"extra":1,"ei":6,"l0":"23","c0":"#11a2e3"},"geometry":{"type":"Point","coordinates":[27.900663,43.238623]}},{"type":"Feature","properties":{"lines":"23","arr":["23"],"mode":"bus","angle":-0.6,"extra":1,"ei":7,"l0":"23","c0":"#11a2e3"},"geometry":{"type":"Point","coordinates":[27.903049,43.239226]}},{"type":"Feature","properties":{"lines":"23","arr":["23"],"mode":"bus","angle":-54.3,"l0":"23","c0":"#11a2e3"},"geometry":{"type":"Point","coordinates":[27.905583,43.231873]}},{"type":"Feature","properties":{"lines":"23","arr":["23"],"mode":"bus","angle":-83.8,"extra":1,"ei":0,"l0":"23","c0":"#11a2e3"},"geometry":{"type":"Point","coordinates":[27.904566,43.237639]}},{"type":"Feature","properties":{"lines":"23","arr":["23"],"mode":"bus","angle":62.3,"extra":1,"ei":1,"l0":"23","c0":"#11a2e3"},"geometry":{"type":"Point","coordinates":[27.904966,43.235828]}},{"type":"Feature","properties":{"lines":"23","arr":["23"],"mode":"bus","angle":65.4,"extra":1,"ei":2,"l0":"23","c0":"#11a2e3"},"geometry":{"type":"Point","coordinates":[27.906175,43.234158]}},{"type":"Feature","properties":{"lines":"23","arr":["23"],"mode":"bus","angle":85.2,"extra":1,"ei":3,"l0":"23","c0":"#11a2e3"},"geometry":{"type":"Point","coordinates":[27.905083,43.230662]}},{"type":"Feature","properties":{"lines":"23","arr":["23"],"mode":"bus","angle":62.7,"extra":1,"ei":4,"l0":"23","c0":"#11a2e3"},"geometry":{"type":"Point","coordinates":[27.906055,43.228925]}},{"type":"Feature","properties":{"lines":"23","arr":["23"],"mode":"bus","angle":67.1,"extra":1,"ei":5,"l0":"23","c0":"#11a2e3"},"geometry":{"type":"Point","coordinates":[27.907189,43.227228]}},{"type":"Feature","properties":{"lines":"23","arr":["23"],"mode":"bus","angle":71.7,"extra":1,"ei":6,"l0":"23","c0":"#11a2e3"},"geometry":{"type":"Point","coordinates":[27.908062,43.22545]}},{"type":"Feature","properties":{"lines":"23","arr":["23"],"mode":"bus","angle":79.6,"side":-1,"mi":8,"l0":"23","c0":"#11a2e3"},"geometry":{"type":"Point","coordinates":[27.906789,43.205]}},{"type":"Feature","properties":{"lines":"23","arr":["23"],"mode":"bus","angle":35.7,"mi":3,"l0":"23","c0":"#11a2e3"},"geometry":{"type":"Point","coordinates":[27.89662,43.203313]}},{"type":"Feature","properties":{"lines":"23, 39","arr":["23","39"],"mode":"bus","angle":39.7,"l0":"23, ","c0":"#11a2e3","l1":"39","c1":"#b20b42"},"geometry":{"type":"Point","coordinates":[27.904012,43.204214]}},{"type":"Feature","properties":{"lines":"23","arr":["23"],"mode":"bus","angle":55.8,"mi":1,"l0":"23","c0":"#11a2e3"},"geometry":{"type":"Point","coordinates":[27.900405,43.206933]}},{"type":"Feature","properties":{"lines":"23","arr":["23"],"mode":"bus","angle":-24.7,"mi":7,"l0":"23","c0":"#11a2e3"},"geometry":{"type":"Point","coordinates":[27.902061,43.20841]}},{"type":"Feature","properties":{"lines":"29","arr":["29"],"mode":"bus","angle":-43.6,"l0":"29","c0":"#f57145"},"geometry":{"type":"Point","coordinates":[27.999434,43.260338]}},{"type":"Feature","properties":{"lines":"29","arr":["29"],"mode":"bus","angle":-47.4,"extra":1,"ei":0,"l0":"29","c0":"#f57145"},"geometry":{"type":"Point","coordinates":[28.016789,43.276758]}},{"type":"Feature","properties":{"lines":"29","arr":["29"],"mode":"bus","angle":-57.1,"extra":1,"ei":1,"l0":"29","c0":"#f57145"},"geometry":{"type":"Point","coordinates":[28.015024,43.275422]}},{"type":"Feature","properties":{"lines":"29","arr":["29"],"mode":"bus","angle":-53.3,"extra":1,"ei":2,"l0":"29","c0":"#f57145"},"geometry":{"type":"Point","coordinates":[28.013284,43.274042]}},{"type":"Feature","properties":{"lines":"29","arr":["29"],"mode":"bus","angle":-60.5,"extra":1,"ei":3,"l0":"29","c0":"#f57145"},"geometry":{"type":"Point","coordinates":[28.0113,43.272855]}},{"type":"Feature","properties":{"lines":"29","arr":["29"],"mode":"bus","angle":85,"extra":1,"ei":4,"l0":"29","c0":"#f57145"},"geometry":{"type":"Point","coordinates":[28.010224,43.271235]}},{"type":"Feature","properties":{"lines":"29","arr":["29"],"mode":"bus","angle":82.9,"extra":1,"ei":5,"l0":"29","c0":"#f57145"},"geometry":{"type":"Point","coordinates":[28.010314,43.269359]}},{"type":"Feature","properties":{"lines":"29","arr":["29"],"mode":"bus","angle":84.1,"extra":1,"ei":6,"l0":"29","c0":"#f57145"},"geometry":{"type":"Point","coordinates":[28.010871,43.267524]}},{"type":"Feature","properties":{"lines":"29","arr":["29"],"mode":"bus","angle":-48.2,"extra":1,"ei":7,"l0":"29","c0":"#f57145"},"geometry":{"type":"Point","coordinates":[28.009333,43.266075]}},{"type":"Feature","properties":{"lines":"29","arr":["29"],"mode":"bus","angle":-38.3,"extra":1,"ei":8,"l0":"29","c0":"#f57145"},"geometry":{"type":"Point","coordinates":[28.007486,43.26478]}},{"type":"Feature","properties":{"lines":"29","arr":["29"],"mode":"bus","angle":-46.6,"extra":1,"ei":9,"l0":"29","c0":"#f57145"},"geometry":{"type":"Point","coordinates":[28.005712,43.263405]}},{"type":"Feature","properties":{"lines":"29","arr":["29"],"mode":"bus","angle":-41.1,"extra":1,"ei":10,"l0":"29","c0":"#f57145"},"geometry":{"type":"Point","coordinates":[28.003814,43.26212]}},{"type":"Feature","properties":{"lines":"29","arr":["29"],"mode":"bus","angle":-28.4,"extra":1,"ei":11,"l0":"29","c0":"#f57145"},"geometry":{"type":"Point","coordinates":[28.001532,43.261244]}},{"type":"Feature","properties":{"lines":"29","arr":["29"],"mode":"bus","angle":-73.9,"extra":1,"ei":12,"l0":"29","c0":"#f57145"},"geometry":{"type":"Point","coordinates":[27.998111,43.258617]}},{"type":"Feature","properties":{"lines":"29","arr":["29"],"mode":"bus","angle":73.1,"extra":1,"ei":13,"l0":"29","c0":"#f57145"},"geometry":{"type":"Point","coordinates":[27.998246,43.256762]}},{"type":"Feature","properties":{"lines":"29","arr":["29"],"mode":"bus","angle":-49.3,"extra":1,"ei":14,"l0":"29","c0":"#f57145"},"geometry":{"type":"Point","coordinates":[27.997781,43.255164]}},{"type":"Feature","properties":{"lines":"29","arr":["29"],"mode":"bus","angle":44.9,"extra":1,"ei":15,"l0":"29","c0":"#f57145"},"geometry":{"type":"Point","coordinates":[27.998711,43.253618]}},{"type":"Feature","properties":{"lines":"29","arr":["29"],"mode":"bus","angle":83.9,"extra":1,"ei":16,"l0":"29","c0":"#f57145"},"geometry":{"type":"Point","coordinates":[28.000176,43.252095]}},{"type":"Feature","properties":{"lines":"29","arr":["29"],"mode":"bus","angle":58.8,"extra":1,"ei":17,"l0":"29","c0":"#f57145"},"geometry":{"type":"Point","coordinates":[28.000668,43.250317]}},{"type":"Feature","properties":{"lines":"29","arr":["29"],"mode":"bus","angle":36.5,"extra":1,"ei":18,"l0":"29","c0":"#f57145"},"geometry":{"type":"Point","coordinates":[27.997374,43.250607]}},{"type":"Feature","properties":{"lines":"29","arr":["29"],"mode":"bus","angle":30.9,"extra":1,"ei":19,"l0":"29","c0":"#f57145"},"geometry":{"type":"Point","coordinates":[27.995436,43.251838]}},{"type":"Feature","properties":{"lines":"29","arr":["29"],"mode":"bus","angle":-6.3,"extra":1,"ei":20,"l0":"29","c0":"#f57145"},"geometry":{"type":"Point","coordinates":[27.992915,43.25219]}},{"type":"Feature","properties":{"lines":"29","arr":["29"],"mode":"bus","angle":-23.6,"extra":1,"ei":21,"l0":"29","c0":"#f57145"},"geometry":{"type":"Point","coordinates":[27.990484,43.251547]}},{"type":"Feature","properties":{"lines":"29","arr":["29"],"mode":"bus","angle":-48.3,"extra":1,"ei":22,"l0":"29","c0":"#f57145"},"geometry":{"type":"Point","coordinates":[27.988402,43.25046]}},{"type":"Feature","properties":{"lines":"29, 31, 31A","arr":["29","31","31A"],"mode":"bus","angle":-42.4,"l0":"29, ","c0":"#f57145","l1":"31, ","c1":"#999f01","l2":"31A","c2":"#07ad80"},"geometry":{"type":"Point","coordinates":[27.983403,43.247773]}},{"type":"Feature","properties":{"lines":"29, 31, 31A","arr":["29","31","31A"],"mode":"bus","angle":-30.2,"extra":1,"ei":0,"l0":"29, ","c0":"#f57145","l1":"31, ","c1":"#999f01","l2":"31A","c2":"#07ad80"},"geometry":{"type":"Point","coordinates":[27.986814,43.24926]}},{"type":"Feature","properties":{"lines":"29, 31, 31A","arr":["29","31","31A"],"mode":"bus","angle":-54.1,"extra":1,"ei":1,"l0":"29, ","c0":"#f57145","l1":"31, ","c1":"#999f01","l2":"31A","c2":"#07ad80"},"geometry":{"type":"Point","coordinates":[27.981271,43.245513]}},{"type":"Feature","properties":{"lines":"29, 31","arr":["29","31"],"mode":"bus","angle":-27.1,"l0":"29, ","c0":"#f57145","l1":"31","c1":"#999f01"},"geometry":{"type":"Point","coordinates":[27.970376,43.238224]}},{"type":"Feature","properties":{"lines":"29, 31","arr":["29","31"],"mode":"bus","angle":-53.9,"extra":1,"ei":0,"l0":"29, ","c0":"#f57145","l1":"31","c1":"#999f01"},"geometry":{"type":"Point","coordinates":[27.979548,43.243892]}},{"type":"Feature","properties":{"lines":"29, 31","arr":["29","31"],"mode":"bus","angle":-53.1,"extra":1,"ei":1,"l0":"29, ","c0":"#f57145","l1":"31","c1":"#999f01"},"geometry":{"type":"Point","coordinates":[27.977907,43.242433]}},{"type":"Feature","properties":{"lines":"29, 31","arr":["29","31"],"mode":"bus","angle":-52,"extra":1,"ei":2,"l0":"29, ","c0":"#f57145","l1":"31","c1":"#999f01"},"geometry":{"type":"Point","coordinates":[27.976326,43.240937]}},{"type":"Feature","properties":{"lines":"29, 31","arr":["29","31"],"mode":"bus","angle":-19,"extra":1,"ei":3,"l0":"29, ","c0":"#f57145","l1":"31","c1":"#999f01"},"geometry":{"type":"Point","coordinates":[27.974213,43.239927]}},{"type":"Feature","properties":{"lines":"29, 31","arr":["29","31"],"mode":"bus","angle":-33.8,"extra":1,"ei":4,"l0":"29, ","c0":"#f57145","l1":"31","c1":"#999f01"},"geometry":{"type":"Point","coordinates":[27.972034,43.238927]}},{"type":"Feature","properties":{"lines":"29, 31","arr":["29","31"],"mode":"bus","angle":-86.4,"extra":1,"ei":5,"l0":"29, ","c0":"#f57145","l1":"31","c1":"#999f01"},"geometry":{"type":"Point","coordinates":[27.968331,43.23656]}},{"type":"Feature","properties":{"lines":"29, 31","arr":["29","31"],"mode":"bus","angle":-86.7,"extra":1,"ei":6,"l0":"29, ","c0":"#f57145","l1":"31","c1":"#999f01"},"geometry":{"type":"Point","coordinates":[27.968205,43.234674]}},{"type":"Feature","properties":{"lines":"29, 31","arr":["29","31"],"mode":"bus","angle":-85.1,"extra":1,"ei":7,"l0":"29, ","c0":"#f57145","l1":"31","c1":"#999f01"},"geometry":{"type":"Point","coordinates":[27.968026,43.23279]}},{"type":"Feature","properties":{"lines":"29, 31","arr":["29","31"],"mode":"bus","angle":-85.3,"extra":1,"ei":8,"l0":"29, ","c0":"#f57145","l1":"31","c1":"#999f01"},"geometry":{"type":"Point","coordinates":[27.967795,43.230909]}},{"type":"Feature","properties":{"lines":"29, 30, 31","arr":["29","30","31"],"mode":"bus","angle":-36.7,"l0":"29, ","c0":"#f57145","l1":"30, ","c1":"#7b3aa8","l2":"31","c2":"#999f01"},"geometry":{"type":"Point","coordinates":[27.955712,43.226987]}},{"type":"Feature","properties":{"lines":"29, 30, 31","arr":["29","30","31"],"mode":"bus","angle":-49.3,"mi":1,"l0":"29, ","c0":"#f57145","l1":"30, ","c1":"#7b3aa8","l2":"31","c2":"#999f01"},"geometry":{"type":"Point","coordinates":[27.9419,43.224764]}},{"type":"Feature","properties":{"lines":"29, 30, 31","arr":["29","30","31"],"mode":"bus","angle":-36.4,"l0":"29, ","c0":"#f57145","l1":"30, ","c1":"#7b3aa8","l2":"31","c2":"#999f01"},"geometry":{"type":"Point","coordinates":[27.93676,43.219677]}},{"type":"Feature","properties":{"lines":"29, 30, 31","arr":["29","30","31"],"mode":"bus","angle":-71.7,"side":-1,"extra":1,"ei":0,"l0":"29, ","c0":"#f57145","l1":"30, ","c1":"#7b3aa8","l2":"31","c2":"#999f01"},"geometry":{"type":"Point","coordinates":[27.965949,43.228549]}},{"type":"Feature","properties":{"lines":"29, 30, 31","arr":["29","30","31"],"mode":"bus","angle":-32.8,"extra":1,"ei":1,"l0":"29, ","c0":"#f57145","l1":"30, ","c1":"#7b3aa8","l2":"31","c2":"#999f01"},"geometry":{"type":"Point","coordinates":[27.964494,43.22703]}},{"type":"Feature","properties":{"lines":"29, 30, 31","arr":["29","30","31"],"mode":"bus","angle":-4.9,"extra":1,"ei":2,"l0":"29, ","c0":"#f57145","l1":"30, ","c1":"#7b3aa8","l2":"31","c2":"#999f01"},"geometry":{"type":"Point","coordinates":[27.962065,43.226465]}},{"type":"Feature","properties":{"lines":"29, 30, 31","arr":["29","30","31"],"mode":"bus","angle":1.6,"side":-1,"extra":1,"ei":3,"l0":"29, ","c0":"#f57145","l1":"30, ","c1":"#7b3aa8","l2":"31","c2":"#999f01"},"geometry":{"type":"Point","coordinates":[27.959948,43.225552]}},{"type":"Feature","properties":{"lines":"29, 30, 31","arr":["29","30","31"],"mode":"bus","angle":35.9,"extra":1,"ei":4,"l0":"29, ","c0":"#f57145","l1":"30, ","c1":"#7b3aa8","l2":"31","c2":"#999f01"},"geometry":{"type":"Point","coordinates":[27.958011,43.22674]}},{"type":"Feature","properties":{"lines":"29, 30, 31","arr":["29","30","31"],"mode":"bus","angle":-3.7,"extra":1,"ei":5,"l0":"29, ","c0":"#f57145","l1":"30, ","c1":"#7b3aa8","l2":"31","c2":"#999f01"},"geometry":{"type":"Point","coordinates":[27.953295,43.226457]}},{"type":"Feature","properties":{"lines":"29, 30, 31","arr":["29","30","31"],"mode":"bus","angle":-2.8,"extra":1,"ei":6,"l0":"29, ","c0":"#f57145","l1":"30, ","c1":"#7b3aa8","l2":"31","c2":"#999f01"},"geometry":{"type":"Point","coordinates":[27.950706,43.226365]}},{"type":"Feature","properties":{"lines":"29, 30, 31","arr":["29","30","31"],"mode":"bus","angle":-2.8,"extra":1,"ei":7,"l0":"29, ","c0":"#f57145","l1":"30, ","c1":"#7b3aa8","l2":"31","c2":"#999f01"},"geometry":{"type":"Point","coordinates":[27.948117,43.226279]}},{"type":"Feature","properties":{"lines":"29, 30, 31","arr":["29","30","31"],"mode":"bus","angle":-3.9,"extra":1,"ei":8,"l0":"29, ","c0":"#f57145","l1":"30, ","c1":"#7b3aa8","l2":"31","c2":"#999f01"},"geometry":{"type":"Point","coordinates":[27.945529,43.22618]}},{"type":"Feature","properties":{"lines":"29, 30, 31","arr":["29","30","31"],"mode":"bus","angle":-35,"extra":1,"ei":9,"l0":"29, ","c0":"#f57145","l1":"30, ","c1":"#7b3aa8","l2":"31","c2":"#999f01"},"geometry":{"type":"Point","coordinates":[27.943143,43.225535]}},{"type":"Feature","properties":{"lines":"29, 30, 31","arr":["29","30","31"],"mode":"bus","angle":-53,"side":-1,"extra":1,"ei":0,"l0":"29, ","c0":"#f57145","l1":"30, ","c1":"#7b3aa8","l2":"31","c2":"#999f01"},"geometry":{"type":"Point","coordinates":[27.940365,43.223517]}},{"type":"Feature","properties":{"lines":"29, 30, 31, 209","arr":["29","30","31","209"],"mode":"bus","angle":-52.3,"l0":"29, ","c0":"#f57145","l1":"30, ","c1":"#7b3aa8","l2":"31, ","c2":"#999f01","l3":"209","c3":"#076734"},"geometry":{"type":"Point","coordinates":[27.938032,43.221329]}},{"type":"Feature","properties":{"lines":"29, 31, 31A, 118, 148","arr":["29","31","31A","118","148"],"mode":"bus","angle":-50.3,"l0":"29, ","c0":"#f57145","l1":"31, ","c1":"#999f01","l2":"31A, ","c2":"#07ad80","l3":"118, ","c3":"#6b5806","l4":"148","c4":"#10a5d2"},"geometry":{"type":"Point","coordinates":[27.934429,43.218998]}},{"type":"Feature","properties":{"lines":"29, 31","arr":["29","31"],"mode":"bus","angle":-59.7,"l0":"29, ","c0":"#f57145","l1":"31","c1":"#999f01"},"geometry":{"type":"Point","coordinates":[27.937403,43.220234]}},{"type":"Feature","properties":{"lines":"29, 31","arr":["29","31"],"mode":"bus","angle":-47.5,"side":-1,"l0":"29, ","c0":"#f57145","l1":"31","c1":"#999f01"},"geometry":{"type":"Point","coordinates":[27.96639,43.229233]}},{"type":"Feature","properties":{"lines":"30","arr":["30"],"mode":"bus","angle":25.8,"mi":1,"l0":"30","c0":"#7b3aa8"},"geometry":{"type":"Point","coordinates":[27.961794,43.251717]}},{"type":"Feature","properties":{"lines":"30","arr":["30"],"mode":"bus","angle":-77.7,"l0":"30","c0":"#7b3aa8"},"geometry":{"type":"Point","coordinates":[27.957399,43.245347]}},{"type":"Feature","properties":{"lines":"30","arr":["30"],"mode":"bus","angle":-78.2,"extra":1,"ei":0,"l0":"30","c0":"#7b3aa8"},"geometry":{"type":"Point","coordinates":[27.959185,43.251407]}},{"type":"Feature","properties":{"lines":"30","arr":["30"],"mode":"bus","angle":-79.8,"extra":1,"ei":1,"l0":"30","c0":"#7b3aa8"},"geometry":{"type":"Point","coordinates":[27.958654,43.249558]}},{"type":"Feature","properties":{"lines":"30","arr":["30"],"mode":"bus","angle":-77.5,"extra":1,"ei":2,"l0":"30","c0":"#7b3aa8"},"geometry":{"type":"Point","coordinates":[27.958107,43.247713]}},{"type":"Feature","properties":{"lines":"30","arr":["30"],"mode":"bus","angle":-85.4,"extra":1,"ei":3,"l0":"30","c0":"#7b3aa8"},"geometry":{"type":"Point","coordinates":[27.957073,43.244014]}},{"type":"Feature","properties":{"lines":"30","arr":["30"],"mode":"bus","angle":66.6,"extra":1,"ei":4,"l0":"30","c0":"#7b3aa8"},"geometry":{"type":"Point","coordinates":[27.957557,43.24218]}},{"type":"Feature","properties":{"lines":"30","arr":["30"],"mode":"bus","angle":67.7,"extra":1,"ei":5,"l0":"30","c0":"#7b3aa8"},"geometry":{"type":"Point","coordinates":[27.958588,43.240447]}},{"type":"Feature","properties":{"lines":"30","arr":["30"],"mode":"bus","angle":70.2,"extra":1,"ei":6,"l0":"30","c0":"#7b3aa8"},"geometry":{"type":"Point","coordinates":[27.959543,43.238691]}},{"type":"Feature","properties":{"lines":"30","arr":["30"],"mode":"bus","angle":-71.7,"l0":"30","c0":"#7b3aa8"},"geometry":{"type":"Point","coordinates":[27.961062,43.23384]}},{"type":"Feature","properties":{"lines":"30","arr":["30"],"mode":"bus","angle":88,"extra":1,"ei":0,"l0":"30","c0":"#7b3aa8"},"geometry":{"type":"Point","coordinates":[27.959807,43.237646]}},{"type":"Feature","properties":{"lines":"30","arr":["30"],"mode":"bus","angle":-83.1,"extra":1,"ei":1,"l0":"30","c0":"#7b3aa8"},"geometry":{"type":"Point","coordinates":[27.959554,43.235768]}},{"type":"Feature","properties":{"lines":"30","arr":["30"],"mode":"bus","angle":-83.1,"extra":1,"ei":2,"l0":"30","c0":"#7b3aa8"},"geometry":{"type":"Point","coordinates":[27.959241,43.233894]}},{"type":"Feature","properties":{"lines":"30","arr":["30"],"mode":"bus","angle":0.1,"extra":1,"ei":3,"l0":"30","c0":"#7b3aa8"},"geometry":{"type":"Point","coordinates":[27.95981,43.23232]}},{"type":"Feature","properties":{"lines":"30","arr":["30"],"mode":"bus","angle":3.3,"extra":1,"ei":4,"l0":"30","c0":"#7b3aa8"},"geometry":{"type":"Point","coordinates":[27.962733,43.235026]}},{"type":"Feature","properties":{"lines":"30","arr":["30"],"mode":"bus","angle":71.4,"extra":1,"ei":5,"l0":"30","c0":"#7b3aa8"},"geometry":{"type":"Point","coordinates":[27.964272,43.233686]}},{"type":"Feature","properties":{"lines":"30","arr":["30"],"mode":"bus","angle":49.3,"extra":1,"ei":6,"l0":"30","c0":"#7b3aa8"},"geometry":{"type":"Point","coordinates":[27.965376,43.231995]}},{"type":"Feature","properties":{"lines":"30","arr":["30"],"mode":"bus","angle":-85.1,"extra":1,"ei":7,"l0":"30","c0":"#7b3aa8"},"geometry":{"type":"Point","coordinates":[27.966726,43.230459]}},{"type":"Feature","properties":{"lines":"30, 209","arr":["30","209"],"mode":"bus","angle":72.1,"l0":"30, ","c0":"#7b3aa8","l1":"209","c1":"#076734"},"geometry":{"type":"Point","coordinates":[27.937536,43.22017]}},{"type":"Feature","properties":{"lines":"30, 209","arr":["30","209"],"mode":"bus","angle":48.1,"mi":1,"l0":"30, ","c0":"#7b3aa8","l1":"209","c1":"#076734"},"geometry":{"type":"Point","coordinates":[27.934995,43.219134]}},{"type":"Feature","properties":{"lines":"30, 118, 148, 209","arr":["30","118","148","209"],"mode":"bus","angle":0.4,"l0":"30, ","c0":"#7b3aa8","l1":"118, ","c1":"#6b5806","l2":"148, ","c2":"#10a5d2","l3":"209","c3":"#076734"},"geometry":{"type":"Point","coordinates":[27.950823,43.215703]}},{"type":"Feature","properties":{"lines":"31","arr":["31"],"mode":"bus","angle":-65.4,"l0":"31","c0":"#999f01"},"geometry":{"type":"Point","coordinates":[27.965532,43.228174]}},{"type":"Feature","properties":{"lines":"31A","arr":["31A"],"mode":"bus","angle":44.5,"l0":"31A","c0":"#07ad80"},"geometry":{"type":"Point","coordinates":[27.982979,43.242767]}},{"type":"Feature","properties":{"lines":"31A","arr":["31A"],"mode":"bus","angle":43.8,"extra":1,"ei":0,"l0":"31A","c0":"#07ad80"},"geometry":{"type":"Point","coordinates":[27.981233,43.244018]}},{"type":"Feature","properties":{"lines":"31A","arr":["31A"],"mode":"bus","angle":48,"extra":1,"ei":1,"l0":"31A","c0":"#07ad80"},"geometry":{"type":"Point","coordinates":[27.984891,43.241342]}},{"type":"Feature","properties":{"lines":"31A","arr":["31A"],"mode":"bus","angle":42.7,"mi":7,"l0":"31A","c0":"#07ad80"},"geometry":{"type":"Point","coordinates":[27.99299,43.234742]}},{"type":"Feature","properties":{"lines":"31A","arr":["31A"],"mode":"bus","angle":30.9,"extra":1,"ei":0,"l0":"31A","c0":"#07ad80"},"geometry":{"type":"Point","coordinates":[27.986494,43.240153]}},{"type":"Feature","properties":{"lines":"31A","arr":["31A"],"mode":"bus","angle":40.7,"extra":1,"ei":1,"l0":"31A","c0":"#07ad80"},"geometry":{"type":"Point","coordinates":[27.988589,43.239057]}},{"type":"Feature","properties":{"lines":"31A","arr":["31A"],"mode":"bus","angle":64.8,"extra":1,"ei":2,"l0":"31A","c0":"#07ad80"},"geometry":{"type":"Point","coordinates":[27.990372,43.237714]}},{"type":"Feature","properties":{"lines":"31A","arr":["31A"],"mode":"bus","angle":54.7,"extra":1,"ei":3,"l0":"31A","c0":"#07ad80"},"geometry":{"type":"Point","coordinates":[27.991318,43.235966]}},{"type":"Feature","properties":{"lines":"31A","arr":["31A"],"mode":"bus","angle":8.9,"extra":1,"ei":4,"l0":"31A","c0":"#07ad80"},"geometry":{"type":"Point","coordinates":[27.995536,43.234024]}},{"type":"Feature","properties":{"lines":"31A","arr":["31A"],"mode":"bus","angle":27.4,"extra":1,"ei":5,"l0":"31A","c0":"#07ad80"},"geometry":{"type":"Point","coordinates":[27.99792,43.233312]}},{"type":"Feature","properties":{"lines":"31A","arr":["31A"],"mode":"bus","angle":-11.1,"extra":1,"ei":6,"l0":"31A","c0":"#07ad80"},"geometry":{"type":"Point","coordinates":[28.000336,43.232769]}},{"type":"Feature","properties":{"lines":"31A","arr":["31A"],"mode":"bus","angle":25.4,"extra":1,"ei":7,"l0":"31A","c0":"#07ad80"},"geometry":{"type":"Point","coordinates":[28.002763,43.233067]}},{"type":"Feature","properties":{"lines":"31A","arr":["31A"],"mode":"bus","angle":28.4,"side":-1,"mi":1,"l0":"31A","c0":"#07ad80"},"geometry":{"type":"Point","coordinates":[28.003964,43.232591]}},{"type":"Feature","properties":{"lines":"31A","arr":["31A"],"mode":"bus","angle":29.5,"mi":2,"l0":"31A","c0":"#07ad80"},"geometry":{"type":"Point","coordinates":[28.005594,43.23191]}},{"type":"Feature","properties":{"lines":"31A","arr":["31A"],"mode":"bus","angle":-14.8,"mi":4,"l0":"31A","c0":"#07ad80"},"geometry":{"type":"Point","coordinates":[28.007448,43.231363]}},{"type":"Feature","properties":{"lines":"31A","arr":["31A"],"mode":"bus","angle":-71.1,"side":-1,"mi":6,"l0":"31A","c0":"#07ad80"},"geometry":{"type":"Point","coordinates":[28.01088,43.232524]}},{"type":"Feature","properties":{"lines":"31A","arr":["31A"],"mode":"bus","angle":-3.3,"mi":5,"l0":"31A","c0":"#07ad80"},"geometry":{"type":"Point","coordinates":[28.009113,43.231412]}},{"type":"Feature","properties":{"lines":"31A","arr":["31A"],"mode":"bus","angle":-64.6,"extra":1,"ei":0,"l0":"31A","c0":"#07ad80"},"geometry":{"type":"Point","coordinates":[28.010601,43.231998]}},{"type":"Feature","properties":{"lines":"31A","arr":["31A"],"mode":"bus","angle":1.8,"l0":"31A","c0":"#07ad80"},"geometry":{"type":"Point","coordinates":[28.004621,43.232979]}},{"type":"Feature","properties":{"lines":"31A","arr":["31A"],"mode":"bus","angle":-51.4,"side":-1,"mi":3,"l0":"31A","c0":"#07ad80"},"geometry":{"type":"Point","coordinates":[28.003977,43.23139]}},{"type":"Feature","properties":{"lines":"31A, 209 Б","arr":["31A","209 Б"],"mode":"bus","angle":-30,"side":-1,"mi":1,"l0":"31A, ","c0":"#07ad80","l1":"209 Б","c1":"#b0045c"},"geometry":{"type":"Point","coordinates":[27.953002,43.215113]}},{"type":"Feature","properties":{"lines":"31A, 209 Б","arr":["31A","209 Б"],"mode":"bus","angle":25.5,"l0":"31A, ","c0":"#07ad80","l1":"209 Б","c1":"#b0045c"},"geometry":{"type":"Point","coordinates":[27.951,43.215421]}},{"type":"Feature","properties":{"lines":"36, 37","arr":["36","37"],"mode":"bus","angle":78.6,"side":-1,"mi":2,"l0":"36, ","c0":"#7b3aa8","l1":"37","c1":"#05617d"},"geometry":{"type":"Point","coordinates":[27.882234,43.184453]}},{"type":"Feature","properties":{"lines":"36, 37","arr":["36","37"],"mode":"bus","angle":-15.4,"mi":3,"l0":"36, ","c0":"#7b3aa8","l1":"37","c1":"#05617d"},"geometry":{"type":"Point","coordinates":[27.882976,43.184314]}},{"type":"Feature","properties":{"lines":"36, 37","arr":["36","37"],"mode":"bus","angle":33,"l0":"36, ","c0":"#7b3aa8","l1":"37","c1":"#05617d"},"geometry":{"type":"Point","coordinates":[27.879531,43.187641]}},{"type":"Feature","properties":{"lines":"36, 37","arr":["36","37"],"mode":"bus","angle":47.9,"extra":1,"ei":0,"l0":"36, ","c0":"#7b3aa8","l1":"37","c1":"#05617d"},"geometry":{"type":"Point","coordinates":[27.880589,43.185629]}},{"type":"Feature","properties":{"lines":"36, 37","arr":["36","37"],"mode":"bus","angle":1.6,"extra":1,"ei":1,"l0":"36, ","c0":"#7b3aa8","l1":"37","c1":"#05617d"},"geometry":{"type":"Point","coordinates":[27.877427,43.187801]}},{"type":"Feature","properties":{"lines":"36, 37","arr":["36","37"],"mode":"bus","angle":88,"l0":"36, ","c0":"#7b3aa8","l1":"37","c1":"#05617d"},"geometry":{"type":"Point","coordinates":[27.851302,43.163271]}},{"type":"Feature","properties":{"lines":"36, 37","arr":["36","37"],"mode":"bus","angle":-20.9,"extra":1,"ei":0,"l0":"36, ","c0":"#7b3aa8","l1":"37","c1":"#05617d"},"geometry":{"type":"Point","coordinates":[27.838685,43.156302]}},{"type":"Feature","properties":{"lines":"36, 37","arr":["36","37"],"mode":"bus","angle":-4.4,"extra":1,"ei":1,"l0":"36, ","c0":"#7b3aa8","l1":"37","c1":"#05617d"},"geometry":{"type":"Point","coordinates":[27.841129,43.156867]}},{"type":"Feature","properties":{"lines":"36, 37","arr":["36","37"],"mode":"bus","angle":-64.5,"extra":1,"ei":2,"l0":"36, ","c0":"#7b3aa8","l1":"37","c1":"#05617d"},"geometry":{"type":"Point","coordinates":[27.843424,43.15725]}},{"type":"Feature","properties":{"lines":"36, 37","arr":["36","37"],"mode":"bus","angle":-53.1,"extra":1,"ei":3,"l0":"36, ","c0":"#7b3aa8","l1":"37","c1":"#05617d"},"geometry":{"type":"Point","coordinates":[27.84457,43.158942]}},{"type":"Feature","properties":{"lines":"36, 37","arr":["36","37"],"mode":"bus","angle":-63.5,"extra":1,"ei":4,"l0":"36, ","c0":"#7b3aa8","l1":"37","c1":"#05617d"},"geometry":{"type":"Point","coordinates":[27.846302,43.160327]}},{"type":"Feature","properties":{"lines":"36, 37","arr":["36","37"],"mode":"bus","angle":-61.6,"extra":1,"ei":5,"l0":"36, ","c0":"#7b3aa8","l1":"37","c1":"#05617d"},"geometry":{"type":"Point","coordinates":[27.847361,43.16205]}},{"type":"Feature","properties":{"lines":"36, 37","arr":["36","37"],"mode":"bus","angle":43.3,"extra":1,"ei":6,"l0":"36, ","c0":"#7b3aa8","l1":"37","c1":"#05617d"},"geometry":{"type":"Point","coordinates":[27.849434,43.162117]}},{"type":"Feature","properties":{"lines":"36, 37","arr":["36","37"],"mode":"bus","angle":-84.6,"extra":1,"ei":7,"l0":"36, ","c0":"#7b3aa8","l1":"37","c1":"#05617d"},"geometry":{"type":"Point","coordinates":[27.849656,43.160458]}},{"type":"Feature","properties":{"lines":"36, 37","arr":["36","37"],"mode":"bus","angle":36.7,"extra":1,"ei":8,"l0":"36, ","c0":"#7b3aa8","l1":"37","c1":"#05617d"},"geometry":{"type":"Point","coordinates":[27.850651,43.158734]}},{"type":"Feature","properties":{"lines":"36, 37","arr":["36","37"],"mode":"bus","angle":-85.6,"extra":1,"ei":9,"l0":"36, ","c0":"#7b3aa8","l1":"37","c1":"#05617d"},"geometry":{"type":"Point","coordinates":[27.851386,43.162076]}},{"type":"Feature","properties":{"lines":"36, 37","arr":["36","37"],"mode":"bus","angle":-84,"extra":1,"ei":10,"l0":"36, ","c0":"#7b3aa8","l1":"37","c1":"#05617d"},"geometry":{"type":"Point","coordinates":[27.85161,43.165838]}},{"type":"Feature","properties":{"lines":"36, 37","arr":["36","37"],"mode":"bus","angle":-86.6,"extra":1,"ei":11,"l0":"36, ","c0":"#7b3aa8","l1":"37","c1":"#05617d"},"geometry":{"type":"Point","coordinates":[27.851869,43.167716]}},{"type":"Feature","properties":{"lines":"36, 37","arr":["36","37"],"mode":"bus","angle":85.9,"extra":1,"ei":12,"l0":"36, ","c0":"#7b3aa8","l1":"37","c1":"#05617d"},"geometry":{"type":"Point","coordinates":[27.851929,43.169603]}},{"type":"Feature","properties":{"lines":"36, 37","arr":["36","37"],"mode":"bus","angle":81.1,"extra":1,"ei":13,"l0":"36, ","c0":"#7b3aa8","l1":"37","c1":"#05617d"},"geometry":{"type":"Point","coordinates":[27.851685,43.171483]}},{"type":"Feature","properties":{"lines":"36, 37","arr":["36","37"],"mode":"bus","angle":83.4,"extra":1,"ei":14,"l0":"36, ","c0":"#7b3aa8","l1":"37","c1":"#05617d"},"geometry":{"type":"Point","coordinates":[27.851243,43.173342]}},{"type":"Feature","properties":{"lines":"36, 37","arr":["36","37"],"mode":"bus","angle":83.7,"extra":1,"ei":15,"l0":"36, ","c0":"#7b3aa8","l1":"37","c1":"#05617d"},"geometry":{"type":"Point","coordinates":[27.850952,43.175219]}},{"type":"Feature","properties":{"lines":"36, 37","arr":["36","37"],"mode":"bus","angle":83,"extra":1,"ei":16,"l0":"36, ","c0":"#7b3aa8","l1":"37","c1":"#05617d"},"geometry":{"type":"Point","coordinates":[27.850659,43.177095]}},{"type":"Feature","properties":{"lines":"36, 37","arr":["36","37"],"mode":"bus","angle":83,"extra":1,"ei":17,"l0":"36, ","c0":"#7b3aa8","l1":"37","c1":"#05617d"},"geometry":{"type":"Point","coordinates":[27.850344,43.17897]}},{"type":"Feature","properties":{"lines":"36, 37","arr":["36","37"],"mode":"bus","angle":85.7,"extra":1,"ei":18,"l0":"36, ","c0":"#7b3aa8","l1":"37","c1":"#05617d"},"geometry":{"type":"Point","coordinates":[27.850099,43.18085]}},{"type":"Feature","properties":{"lines":"36, 37","arr":["36","37"],"mode":"bus","angle":59.2,"extra":1,"ei":19,"l0":"36, ","c0":"#7b3aa8","l1":"37","c1":"#05617d"},"geometry":{"type":"Point","coordinates":[27.849475,43.182652]}},{"type":"Feature","properties":{"lines":"36, 37","arr":["36","37"],"mode":"bus","angle":-44.9,"l0":"36, ","c0":"#7b3aa8","l1":"37","c1":"#05617d"},"geometry":{"type":"Point","coordinates":[27.848465,43.183923]}},{"type":"Feature","properties":{"lines":"36, 37","arr":["36","37"],"mode":"bus","angle":-41.1,"mi":4,"l0":"36, ","c0":"#7b3aa8","l1":"37","c1":"#05617d"},"geometry":{"type":"Point","coordinates":[27.864734,43.185671]}},{"type":"Feature","properties":{"lines":"36, 37","arr":["36","37"],"mode":"bus","angle":7.3,"mi":1,"l0":"36, ","c0":"#7b3aa8","l1":"37","c1":"#05617d"},"geometry":{"type":"Point","coordinates":[27.872882,43.188056]}},{"type":"Feature","properties":{"lines":"36, 37","arr":["36","37"],"mode":"bus","angle":-22.7,"extra":1,"ei":0,"l0":"36, ","c0":"#7b3aa8","l1":"37","c1":"#05617d"},"geometry":{"type":"Point","coordinates":[27.849315,43.184667]}},{"type":"Feature","properties":{"lines":"36, 37","arr":["36","37"],"mode":"bus","angle":24.1,"extra":1,"ei":1,"l0":"36, ","c0":"#7b3aa8","l1":"37","c1":"#05617d"},"geometry":{"type":"Point","coordinates":[27.851777,43.184985]}},{"type":"Feature","properties":{"lines":"36, 37","arr":["36","37"],"mode":"bus","angle":-1.8,"extra":1,"ei":2,"l0":"36, ","c0":"#7b3aa8","l1":"37","c1":"#05617d"},"geometry":{"type":"Point","coordinates":[27.854168,43.184373]}},{"type":"Feature","properties":{"lines":"36, 37","arr":["36","37"],"mode":"bus","angle":-2.4,"extra":1,"ei":3,"l0":"36, ","c0":"#7b3aa8","l1":"37","c1":"#05617d"},"geometry":{"type":"Point","coordinates":[27.856758,43.184453]}},{"type":"Feature","properties":{"lines":"36, 37","arr":["36","37"],"mode":"bus","angle":-2.4,"extra":1,"ei":4,"l0":"36, ","c0":"#7b3aa8","l1":"37","c1":"#05617d"},"geometry":{"type":"Point","coordinates":[27.859347,43.184532]}},{"type":"Feature","properties":{"lines":"36, 37","arr":["36","37"],"mode":"bus","angle":-2.4,"extra":1,"ei":5,"l0":"36, ","c0":"#7b3aa8","l1":"37","c1":"#05617d"},"geometry":{"type":"Point","coordinates":[27.861937,43.184612]}},{"type":"Feature","properties":{"lines":"36, 37","arr":["36","37"],"mode":"bus","angle":-33.4,"extra":1,"ei":6,"l0":"36, ","c0":"#7b3aa8","l1":"37","c1":"#05617d"},"geometry":{"type":"Point","coordinates":[27.866273,43.186445]}},{"type":"Feature","properties":{"lines":"36, 37","arr":["36","37"],"mode":"bus","angle":-22.9,"extra":1,"ei":7,"l0":"36, ","c0":"#7b3aa8","l1":"37","c1":"#05617d"},"geometry":{"type":"Point","coordinates":[27.868478,43.187431]}},{"type":"Feature","properties":{"lines":"36, 37","arr":["36","37"],"mode":"bus","angle":-7.9,"side":-1,"extra":1,"ei":8,"l0":"36, ","c0":"#7b3aa8","l1":"37","c1":"#05617d"},"geometry":{"type":"Point","coordinates":[27.870939,43.188009]}},{"type":"Feature","properties":{"lines":"36, 37","arr":["36","37"],"mode":"bus","angle":24.3,"extra":1,"ei":9,"l0":"36, ","c0":"#7b3aa8","l1":"37","c1":"#05617d"},"geometry":{"type":"Point","coordinates":[27.875872,43.186993]}},{"type":"Feature","properties":{"lines":"36, 37","arr":["36","37"],"mode":"bus","angle":59.4,"side":-1,"extra":1,"ei":10,"l0":"36, ","c0":"#7b3aa8","l1":"37","c1":"#05617d"},"geometry":{"type":"Point","coordinates":[27.87701,43.185453]}},{"type":"Feature","properties":{"lines":"36, 37","arr":["36","37"],"mode":"bus","angle":-13.2,"side":-1,"extra":1,"ei":11,"l0":"36, ","c0":"#7b3aa8","l1":"37","c1":"#05617d"},"geometry":{"type":"Point","coordinates":[27.879253,43.184814]}},{"type":"Feature","properties":{"lines":"36","arr":["36"],"mode":"bus","angle":-78,"mi":1,"l0":"36","c0":"#7b3aa8"},"geometry":{"type":"Point","coordinates":[27.834181,43.155337]}},{"type":"Feature","properties":{"lines":"36","arr":["36"],"mode":"bus","angle":78.3,"extra":1,"ei":0,"l0":"36","c0":"#7b3aa8"},"geometry":{"type":"Point","coordinates":[27.833732,43.153645]}},{"type":"Feature","properties":{"lines":"36","arr":["36"],"mode":"bus","angle":-12.3,"extra":1,"ei":1,"l0":"36","c0":"#7b3aa8"},"geometry":{"type":"Point","coordinates":[27.836547,43.155982]}},{"type":"Feature","properties":{"lines":"36","arr":["36"],"mode":"bus","angle":-23.3,"l0":"36","c0":"#7b3aa8"},"geometry":{"type":"Point","coordinates":[27.839254,43.154304]}},{"type":"Feature","properties":{"lines":"36","arr":["36"],"mode":"bus","angle":-22.3,"extra":1,"ei":0,"l0":"36","c0":"#7b3aa8"},"geometry":{"type":"Point","coordinates":[27.835236,43.153085]}},{"type":"Feature","properties":{"lines":"36","arr":["36"],"mode":"bus","angle":-22.3,"extra":1,"ei":1,"l0":"36","c0":"#7b3aa8"},"geometry":{"type":"Point","coordinates":[27.837634,43.153802]}},{"type":"Feature","properties":{"lines":"36","arr":["36"],"mode":"bus","angle":-53.1,"extra":1,"ei":2,"l0":"36","c0":"#7b3aa8"},"geometry":{"type":"Point","coordinates":[27.842246,43.15546]}},{"type":"Feature","properties":{"lines":"37","arr":["37"],"mode":"bus","angle":4.2,"l0":"37","c0":"#05617d"},"geometry":{"type":"Point","coordinates":[27.805172,43.182055]}},{"type":"Feature","properties":{"lines":"37","arr":["37"],"mode":"bus","angle":5.7,"extra":1,"ei":0,"l0":"37","c0":"#05617d"},"geometry":{"type":"Point","coordinates":[27.846844,43.184254]}},{"type":"Feature","properties":{"lines":"37","arr":["37"],"mode":"bus","angle":-15,"extra":1,"ei":1,"l0":"37","c0":"#05617d"},"geometry":{"type":"Point","coordinates":[27.844284,43.184212]}},{"type":"Feature","properties":{"lines":"37","arr":["37"],"mode":"bus","angle":18.9,"extra":1,"ei":2,"l0":"37","c0":"#05617d"},"geometry":{"type":"Point","coordinates":[27.841774,43.184104]}},{"type":"Feature","properties":{"lines":"37","arr":["37"],"mode":"bus","angle":10.5,"extra":1,"ei":3,"l0":"37","c0":"#05617d"},"geometry":{"type":"Point","coordinates":[27.8393,43.18466]}},{"type":"Feature","properties":{"lines":"37","arr":["37"],"mode":"bus","angle":6.5,"extra":1,"ei":4,"l0":"37","c0":"#05617d"},"geometry":{"type":"Point","coordinates":[27.836739,43.184953]}},{"type":"Feature","properties":{"lines":"37","arr":["37"],"mode":"bus","angle":-7.1,"extra":1,"ei":5,"l0":"37","c0":"#05617d"},"geometry":{"type":"Point","coordinates":[27.834165,43.184795]}},{"type":"Feature","properties":{"lines":"37","arr":["37"],"mode":"bus","angle":-7.1,"extra":1,"ei":6,"l0":"37","c0":"#05617d"},"geometry":{"type":"Point","coordinates":[27.831593,43.184561]}},{"type":"Feature","properties":{"lines":"37","arr":["37"],"mode":"bus","angle":-7.1,"extra":1,"ei":7,"l0":"37","c0":"#05617d"},"geometry":{"type":"Point","coordinates":[27.829021,43.184327]}},{"type":"Feature","properties":{"lines":"37","arr":["37"],"mode":"bus","angle":-19.4,"extra":1,"ei":8,"l0":"37","c0":"#05617d"},"geometry":{"type":"Point","coordinates":[27.826535,43.183821]}},{"type":"Feature","properties":{"lines":"37","arr":["37"],"mode":"bus","angle":-19.4,"extra":1,"ei":9,"l0":"37","c0":"#05617d"},"geometry":{"type":"Point","coordinates":[27.824091,43.183192]}},{"type":"Feature","properties":{"lines":"37","arr":["37"],"mode":"bus","angle":-15.9,"extra":1,"ei":10,"l0":"37","c0":"#05617d"},"geometry":{"type":"Point","coordinates":[27.821648,43.182563]}},{"type":"Feature","properties":{"lines":"37","arr":["37"],"mode":"bus","angle":-23.3,"extra":1,"ei":11,"l0":"37","c0":"#05617d"},"geometry":{"type":"Point","coordinates":[27.819094,43.182574]}},{"type":"Feature","properties":{"lines":"37","arr":["37"],"mode":"bus","angle":-24.1,"extra":1,"ei":12,"l0":"37","c0":"#05617d"},"geometry":{"type":"Point","coordinates":[27.817153,43.181352]}},{"type":"Feature","properties":{"lines":"37","arr":["37"],"mode":"bus","angle":-19.7,"extra":1,"ei":13,"l0":"37","c0":"#05617d"},"geometry":{"type":"Point","coordinates":[27.814714,43.180712]}},{"type":"Feature","properties":{"lines":"37","arr":["37"],"mode":"bus","angle":0.4,"extra":1,"ei":14,"l0":"37","c0":"#05617d"},"geometry":{"type":"Point","coordinates":[27.812186,43.180409]}},{"type":"Feature","properties":{"lines":"37","arr":["37"],"mode":"bus","angle":29.1,"extra":1,"ei":15,"l0":"37","c0":"#05617d"},"geometry":{"type":"Point","coordinates":[27.809677,43.180719]}},{"type":"Feature","properties":{"lines":"37","arr":["37"],"mode":"bus","angle":30.2,"extra":1,"ei":16,"l0":"37","c0":"#05617d"},"geometry":{"type":"Point","coordinates":[27.807436,43.181668]}},{"type":"Feature","properties":{"lines":"37","arr":["37"],"mode":"bus","angle":13.4,"extra":1,"ei":17,"l0":"37","c0":"#05617d"},"geometry":{"type":"Point","coordinates":[27.802389,43.182359]}},{"type":"Feature","properties":{"lines":"37","arr":["37"],"mode":"bus","angle":17.5,"extra":1,"ei":18,"l0":"37","c0":"#05617d"},"geometry":{"type":"Point","coordinates":[27.799916,43.182923]}},{"type":"Feature","properties":{"lines":"37","arr":["37"],"mode":"bus","angle":-23.2,"extra":1,"ei":19,"l0":"37","c0":"#05617d"},"geometry":{"type":"Point","coordinates":[27.797433,43.182754]}},{"type":"Feature","properties":{"lines":"37","arr":["37"],"mode":"bus","angle":-14,"extra":1,"ei":20,"l0":"37","c0":"#05617d"},"geometry":{"type":"Point","coordinates":[27.794993,43.182132]}},{"type":"Feature","properties":{"lines":"37","arr":["37"],"mode":"bus","angle":-51.1,"extra":1,"ei":21,"l0":"37","c0":"#05617d"},"geometry":{"type":"Point","coordinates":[27.79295,43.181058]}},{"type":"Feature","properties":{"lines":"37","arr":["37"],"mode":"bus","angle":-79.2,"extra":1,"ei":22,"l0":"37","c0":"#05617d"},"geometry":{"type":"Point","coordinates":[27.791672,43.179452]}},{"type":"Feature","properties":{"lines":"37","arr":["37"],"mode":"bus","angle":-79.5,"extra":1,"ei":23,"l0":"37","c0":"#05617d"},"geometry":{"type":"Point","coordinates":[27.791198,43.177595]}},{"type":"Feature","properties":{"lines":"37","arr":["37"],"mode":"bus","angle":-79.5,"extra":1,"ei":24,"l0":"37","c0":"#05617d"},"geometry":{"type":"Point","coordinates":[27.790723,43.175739]}},{"type":"Feature","properties":{"lines":"37","arr":["37"],"mode":"bus","angle":-25.3,"extra":1,"ei":25,"l0":"37","c0":"#05617d"},"geometry":{"type":"Point","coordinates":[27.789409,43.174295]}},{"type":"Feature","properties":{"lines":"37","arr":["37"],"mode":"bus","angle":85.9,"extra":1,"ei":26,"l0":"37","c0":"#05617d"},"geometry":{"type":"Point","coordinates":[27.788427,43.172765]}},{"type":"Feature","properties":{"lines":"37","arr":["37"],"mode":"bus","angle":87.5,"extra":1,"ei":27,"l0":"37","c0":"#05617d"},"geometry":{"type":"Point","coordinates":[27.78804,43.17094]}},{"type":"Feature","properties":{"lines":"37","arr":["37"],"mode":"bus","angle":-69.6,"extra":1,"ei":28,"l0":"37","c0":"#05617d"},"geometry":{"type":"Point","coordinates":[27.787927,43.169095]}},{"type":"Feature","properties":{"lines":"37","arr":["37"],"mode":"bus","angle":-11.6,"extra":1,"ei":29,"l0":"37","c0":"#05617d"},"geometry":{"type":"Point","coordinates":[27.786071,43.167897]}},{"type":"Feature","properties":{"lines":"37","arr":["37"],"mode":"bus","angle":-4.1,"extra":1,"ei":30,"l0":"37","c0":"#05617d"},"geometry":{"type":"Point","coordinates":[27.783489,43.167748]}},{"type":"Feature","properties":{"lines":"37","arr":["37"],"mode":"bus","angle":-14.1,"extra":1,"ei":31,"l0":"37","c0":"#05617d"},"geometry":{"type":"Point","coordinates":[27.78093,43.167467]}},{"type":"Feature","properties":{"lines":"37","arr":["37"],"mode":"bus","angle":28.7,"extra":1,"ei":32,"l0":"37","c0":"#05617d"},"geometry":{"type":"Point","coordinates":[27.77842,43.167225]}},{"type":"Feature","properties":{"lines":"37","arr":["37"],"mode":"bus","angle":50.9,"extra":1,"ei":33,"l0":"37","c0":"#05617d"},"geometry":{"type":"Point","coordinates":[27.776779,43.168673]}},{"type":"Feature","properties":{"lines":"37","arr":["37"],"mode":"bus","angle":68.5,"mi":1,"l0":"37","c0":"#05617d"},"geometry":{"type":"Point","coordinates":[27.776833,43.166317]}},{"type":"Feature","properties":{"lines":"37","arr":["37"],"mode":"bus","angle":87.6,"extra":1,"ei":0,"l0":"37","c0":"#05617d"},"geometry":{"type":"Point","coordinates":[27.776083,43.168084]}},{"type":"Feature","properties":{"lines":"37","arr":["37"],"mode":"bus","angle":74.9,"extra":1,"ei":1,"l0":"37","c0":"#05617d"},"geometry":{"type":"Point","coordinates":[27.777743,43.164526]}},{"type":"Feature","properties":{"lines":"37","arr":["37"],"mode":"bus","angle":-59.8,"l0":"37","c0":"#05617d"},"geometry":{"type":"Point","coordinates":[27.779196,43.16509]}},{"type":"Feature","properties":{"lines":"37","arr":["37"],"mode":"bus","angle":-11.1,"extra":1,"ei":0,"l0":"37","c0":"#05617d"},"geometry":{"type":"Point","coordinates":[27.780903,43.16567]}},{"type":"Feature","properties":{"lines":"37","arr":["37"],"mode":"bus","angle":-82.1,"side":-1,"extra":1,"ei":1,"l0":"37","c0":"#05617d"},"geometry":{"type":"Point","coordinates":[27.778955,43.162849]}},{"type":"Feature","properties":{"lines":"37","arr":["37"],"mode":"bus","angle":-4.9,"mi":2,"l0":"37","c0":"#05617d"},"geometry":{"type":"Point","coordinates":[27.777529,43.162436]}},{"type":"Feature","properties":{"lines":"39","arr":["39"],"mode":"bus","angle":-42.6,"l0":"39","c0":"#b20b42"},"geometry":{"type":"Point","coordinates":[27.868789,43.215994]}},{"type":"Feature","properties":{"lines":"39","arr":["39"],"mode":"bus","angle":59.4,"extra":1,"ei":0,"l0":"39","c0":"#b20b42"},"geometry":{"type":"Point","coordinates":[27.86324,43.213326]}},{"type":"Feature","properties":{"lines":"39","arr":["39"],"mode":"bus","angle":-24.5,"extra":1,"ei":1,"l0":"39","c0":"#b20b42"},"geometry":{"type":"Point","coordinates":[27.865078,43.214336]}},{"type":"Feature","properties":{"lines":"39","arr":["39"],"mode":"bus","angle":-33.3,"extra":1,"ei":2,"l0":"39","c0":"#b20b42"},"geometry":{"type":"Point","coordinates":[27.867413,43.21515]}},{"type":"Feature","properties":{"lines":"39","arr":["39"],"mode":"bus","angle":-16.8,"extra":1,"ei":3,"l0":"39","c0":"#b20b42"},"geometry":{"type":"Point","coordinates":[27.871745,43.217106]}},{"type":"Feature","properties":{"lines":"39","arr":["39"],"mode":"bus","angle":-58.2,"extra":1,"ei":4,"l0":"39","c0":"#b20b42"},"geometry":{"type":"Point","coordinates":[27.874154,43.217748]}},{"type":"Feature","properties":{"lines":"39","arr":["39"],"mode":"bus","angle":27,"mi":2,"l0":"39","c0":"#b20b42"},"geometry":{"type":"Point","coordinates":[27.8828,43.21138]}},{"type":"Feature","properties":{"lines":"39","arr":["39"],"mode":"bus","angle":13.2,"extra":1,"ei":0,"l0":"39","c0":"#b20b42"},"geometry":{"type":"Point","coordinates":[27.884661,43.210758]}},{"type":"Feature","properties":{"lines":"39","arr":["39"],"mode":"bus","angle":33.8,"extra":1,"ei":1,"l0":"39","c0":"#b20b42"},"geometry":{"type":"Point","coordinates":[27.880332,43.212756]}},{"type":"Feature","properties":{"lines":"39","arr":["39"],"mode":"bus","angle":13,"mi":3,"l0":"39","c0":"#b20b42"},"geometry":{"type":"Point","coordinates":[27.895891,43.207208]}},{"type":"Feature","properties":{"lines":"39","arr":["39"],"mode":"bus","angle":68,"mi":1,"l0":"39","c0":"#b20b42"},"geometry":{"type":"Point","coordinates":[27.887716,43.210375]}},{"type":"Feature","properties":{"lines":"39","arr":["39"],"mode":"bus","angle":19.5,"extra":1,"ei":0,"l0":"39","c0":"#b20b42"},"geometry":{"type":"Point","coordinates":[27.899875,43.206622]}},{"type":"Feature","properties":{"lines":"39","arr":["39"],"mode":"bus","angle":14.5,"extra":1,"ei":1,"l0":"39","c0":"#b20b42"},"geometry":{"type":"Point","coordinates":[27.892307,43.207892]}},{"type":"Feature","properties":{"lines":"39","arr":["39"],"mode":"bus","angle":41,"l0":"39","c0":"#b20b42"},"geometry":{"type":"Point","coordinates":[27.88932,43.208947]}},{"type":"Feature","properties":{"lines":"41, 83","arr":["41","83"],"mode":"bus","angle":-28.8,"side":-1,"l0":"41, ","c0":"#1cab97","l1":"83","c1":"#7b3aa8"},"geometry":{"type":"Point","coordinates":[27.851052,43.252658]}},{"type":"Feature","properties":{"lines":"41, 83","arr":["41","83"],"mode":"bus","angle":-41.6,"mi":1,"l0":"41, ","c0":"#1cab97","l1":"83","c1":"#7b3aa8"},"geometry":{"type":"Point","coordinates":[27.843066,43.25298]}},{"type":"Feature","properties":{"lines":"41, 83","arr":["41","83"],"mode":"bus","angle":-87.2,"extra":1,"ei":0,"l0":"41, ","c0":"#1cab97","l1":"83","c1":"#7b3aa8"},"geometry":{"type":"Point","coordinates":[27.840679,43.24787]}},{"type":"Feature","properties":{"lines":"41, 83","arr":["41","83"],"mode":"bus","angle":-80.6,"extra":1,"ei":1,"l0":"41, ","c0":"#1cab97","l1":"83","c1":"#7b3aa8"},"geometry":{"type":"Point","coordinates":[27.840958,43.249746]}},{"type":"Feature","properties":{"lines":"41, 83","arr":["41","83"],"mode":"bus","angle":-65.2,"extra":1,"ei":2,"l0":"41, ","c0":"#1cab97","l1":"83","c1":"#7b3aa8"},"geometry":{"type":"Point","coordinates":[27.84158,43.251575]}},{"type":"Feature","properties":{"lines":"41, 83","arr":["41","83"],"mode":"bus","angle":-15.8,"extra":1,"ei":3,"l0":"41, ","c0":"#1cab97","l1":"83","c1":"#7b3aa8"},"geometry":{"type":"Point","coordinates":[27.845456,43.253907]}},{"type":"Feature","properties":{"lines":"41, 83","arr":["41","83"],"mode":"bus","angle":9.8,"extra":1,"ei":4,"l0":"41, ","c0":"#1cab97","l1":"83","c1":"#7b3aa8"},"geometry":{"type":"Point","coordinates":[27.848018,43.253997]}},{"type":"Feature","properties":{"lines":"41, 83","arr":["41","83"],"mode":"bus","angle":34.5,"extra":1,"ei":5,"l0":"41, ","c0":"#1cab97","l1":"83","c1":"#7b3aa8"},"geometry":{"type":"Point","coordinates":[27.850337,43.253194]}},{"type":"Feature","properties":{"lines":"41, 118","arr":["41","118"],"mode":"bus","angle":46.3,"mi":1,"l0":"41, ","c0":"#1cab97","l1":"118","c1":"#6b5806"},"geometry":{"type":"Point","coordinates":[27.843054,43.241594]}},{"type":"Feature","properties":{"lines":"41, 118","arr":["41","118"],"mode":"bus","angle":87.8,"extra":1,"ei":0,"l0":"41, ","c0":"#1cab97","l1":"118","c1":"#6b5806"},"geometry":{"type":"Point","coordinates":[27.840744,43.245982]}},{"type":"Feature","properties":{"lines":"41, 118","arr":["41","118"],"mode":"bus","angle":75.6,"extra":1,"ei":1,"l0":"41, ","c0":"#1cab97","l1":"118","c1":"#6b5806"},"geometry":{"type":"Point","coordinates":[27.841181,43.244127]}},{"type":"Feature","properties":{"lines":"41, 118","arr":["41","118"],"mode":"bus","angle":27.6,"extra":1,"ei":2,"l0":"41, ","c0":"#1cab97","l1":"118","c1":"#6b5806"},"geometry":{"type":"Point","coordinates":[27.846202,43.240097]}},{"type":"Feature","properties":{"lines":"41, 118","arr":["41","118"],"mode":"bus","angle":6.2,"extra":1,"ei":3,"l0":"41, ","c0":"#1cab97","l1":"118","c1":"#6b5806"},"geometry":{"type":"Point","coordinates":[27.848623,43.239456]}},{"type":"Feature","properties":{"lines":"41","arr":["41"],"mode":"bus","angle":84.3,"l0":"41","c0":"#1cab97"},"geometry":{"type":"Point","coordinates":[27.876089,43.231365]}},{"type":"Feature","properties":{"lines":"41","arr":["41"],"mode":"bus","angle":-80.5,"extra":1,"ei":0,"l0":"41","c0":"#1cab97"},"geometry":{"type":"Point","coordinates":[27.876424,43.233494]}},{"type":"Feature","properties":{"lines":"41","arr":["41"],"mode":"bus","angle":-81,"extra":1,"ei":1,"l0":"41","c0":"#1cab97"},"geometry":{"type":"Point","coordinates":[27.876017,43.229754]}},{"type":"Feature","properties":{"lines":"41, 118","arr":["41","118"],"mode":"bus","angle":10.2,"l0":"41, ","c0":"#1cab97","l1":"118","c1":"#6b5806"},"geometry":{"type":"Point","coordinates":[27.876849,43.228146]}},{"type":"Feature","properties":{"lines":"41","arr":["41"],"mode":"bus","angle":-50.7,"side":-1,"mi":1,"l0":"41","c0":"#1cab97"},"geometry":{"type":"Point","coordinates":[27.877437,43.227472]}},{"type":"Feature","properties":{"lines":"41, 118","arr":["41","118"],"mode":"bus","angle":80.4,"side":-1,"l0":"41, ","c0":"#1cab97","l1":"118","c1":"#6b5806"},"geometry":{"type":"Point","coordinates":[27.850063,43.239879]}},{"type":"Feature","properties":{"lines":"46 Б","arr":["46 Б"],"mode":"bus","angle":-33.9,"l0":"46 Б","c0":"#5a5d02"},"geometry":{"type":"Point","coordinates":[27.930671,43.160733]}},{"type":"Feature","properties":{"lines":"55","arr":["55"],"mode":"bus","angle":-67.7,"l0":"55","c0":"#19a9a8"},"geometry":{"type":"Point","coordinates":[27.868043,43.1448]}},{"type":"Feature","properties":{"lines":"55","arr":["55"],"mode":"bus","angle":83,"extra":1,"ei":0,"l0":"55","c0":"#19a9a8"},"geometry":{"type":"Point","coordinates":[27.882198,43.15175]}},{"type":"Feature","properties":{"lines":"55","arr":["55"],"mode":"bus","angle":-69.5,"extra":1,"ei":1,"l0":"55","c0":"#19a9a8"},"geometry":{"type":"Point","coordinates":[27.882326,43.14988]}},{"type":"Feature","properties":{"lines":"55","arr":["55"],"mode":"bus","angle":-29.4,"extra":1,"ei":2,"l0":"55","c0":"#19a9a8"},"geometry":{"type":"Point","coordinates":[27.880339,43.148723]}},{"type":"Feature","properties":{"lines":"55","arr":["55"],"mode":"bus","angle":-1,"extra":1,"ei":3,"l0":"55","c0":"#19a9a8"},"geometry":{"type":"Point","coordinates":[27.877909,43.148177]}},{"type":"Feature","properties":{"lines":"55","arr":["55"],"mode":"bus","angle":1,"extra":1,"ei":4,"l0":"55","c0":"#19a9a8"},"geometry":{"type":"Point","coordinates":[27.875318,43.148208]}},{"type":"Feature","properties":{"lines":"55","arr":["55"],"mode":"bus","angle":-17,"extra":1,"ei":5,"l0":"55","c0":"#19a9a8"},"geometry":{"type":"Point","coordinates":[27.872785,43.147887]}},{"type":"Feature","properties":{"lines":"55","arr":["55"],"mode":"bus","angle":-24.6,"extra":1,"ei":6,"l0":"55","c0":"#19a9a8"},"geometry":{"type":"Point","coordinates":[27.87032,43.147308]}},{"type":"Feature","properties":{"lines":"55","arr":["55"],"mode":"bus","angle":-67.7,"extra":1,"ei":7,"l0":"55","c0":"#19a9a8"},"geometry":{"type":"Point","coordinates":[27.868676,43.145924]}},{"type":"Feature","properties":{"lines":"55","arr":["55"],"mode":"bus","angle":-27.9,"extra":1,"ei":8,"l0":"55","c0":"#19a9a8"},"geometry":{"type":"Point","coordinates":[27.865694,43.143022]}},{"type":"Feature","properties":{"lines":"55","arr":["55"],"mode":"bus","angle":-24.9,"extra":1,"ei":9,"l0":"55","c0":"#19a9a8"},"geometry":{"type":"Point","coordinates":[27.863352,43.142213]}},{"type":"Feature","properties":{"lines":"55","arr":["55"],"mode":"bus","angle":-24,"extra":1,"ei":10,"l0":"55","c0":"#19a9a8"},"geometry":{"type":"Point","coordinates":[27.860999,43.141421]}},{"type":"Feature","properties":{"lines":"55","arr":["55"],"mode":"bus","angle":-23.9,"extra":1,"ei":11,"l0":"55","c0":"#19a9a8"},"geometry":{"type":"Point","coordinates":[27.85863,43.140655]}},{"type":"Feature","properties":{"lines":"55","arr":["55"],"mode":"bus","angle":-2,"extra":1,"ei":12,"l0":"55","c0":"#19a9a8"},"geometry":{"type":"Point","coordinates":[27.856156,43.140175]}},{"type":"Feature","properties":{"lines":"55","arr":["55"],"mode":"bus","angle":-2,"extra":1,"ei":13,"l0":"55","c0":"#19a9a8"},"geometry":{"type":"Point","coordinates":[27.853566,43.140109]}},{"type":"Feature","properties":{"lines":"55","arr":["55"],"mode":"bus","angle":-2,"extra":1,"ei":14,"l0":"55","c0":"#19a9a8"},"geometry":{"type":"Point","coordinates":[27.850976,43.140043]}},{"type":"Feature","properties":{"lines":"55","arr":["55"],"mode":"bus","angle":75.8,"l0":"55","c0":"#19a9a8"},"geometry":{"type":"Point","coordinates":[27.880879,43.143982]}},{"type":"Feature","properties":{"lines":"55","arr":["55"],"mode":"bus","angle":-72.8,"extra":1,"ei":0,"l0":"55","c0":"#19a9a8"},"geometry":{"type":"Point","coordinates":[27.88093,43.148213]}},{"type":"Feature","properties":{"lines":"55","arr":["55"],"mode":"bus","angle":-74.8,"extra":1,"ei":1,"l0":"55","c0":"#19a9a8"},"geometry":{"type":"Point","coordinates":[27.880045,43.14644]}},{"type":"Feature","properties":{"lines":"55","arr":["55"],"mode":"bus","angle":50.2,"extra":1,"ei":2,"l0":"55","c0":"#19a9a8"},"geometry":{"type":"Point","coordinates":[27.881357,43.142835]}},{"type":"Feature","properties":{"lines":"55","arr":["55"],"mode":"bus","angle":-41,"extra":1,"ei":3,"l0":"55","c0":"#19a9a8"},"geometry":{"type":"Point","coordinates":[27.88253,43.141568]}},{"type":"Feature","properties":{"lines":"55","arr":["55"],"mode":"bus","angle":77.6,"extra":1,"ei":4,"l0":"55","c0":"#19a9a8"},"geometry":{"type":"Point","coordinates":[27.881836,43.13996]}},{"type":"Feature","properties":{"lines":"55","arr":["55"],"mode":"bus","angle":-63.4,"l0":"55","c0":"#19a9a8"},"geometry":{"type":"Point","coordinates":[27.849652,43.135182]}},{"type":"Feature","properties":{"lines":"55","arr":["55"],"mode":"bus","angle":87.8,"extra":1,"ei":0,"l0":"55","c0":"#19a9a8"},"geometry":{"type":"Point","coordinates":[27.84898,43.139041]}},{"type":"Feature","properties":{"lines":"55","arr":["55"],"mode":"bus","angle":87.5,"extra":1,"ei":1,"l0":"55","c0":"#19a9a8"},"geometry":{"type":"Point","coordinates":[27.849049,43.137154]}},{"type":"Feature","properties":{"lines":"55","arr":["55"],"mode":"bus","angle":-3.9,"extra":1,"ei":2,"l0":"55","c0":"#19a9a8"},"geometry":{"type":"Point","coordinates":[27.847403,43.135162]}},{"type":"Feature","properties":{"lines":"55","arr":["55"],"mode":"bus","angle":19.9,"extra":1,"ei":3,"l0":"55","c0":"#19a9a8"},"geometry":{"type":"Point","coordinates":[27.844956,43.135621]}},{"type":"Feature","properties":{"lines":"82, 118","arr":["82","118"],"mode":"bus","angle":9.7,"side":-1,"l0":"82, ","c0":"#05617d","l1":"118","c1":"#6b5806"},"geometry":{"type":"Point","coordinates":[27.873366,43.228516]}},{"type":"Feature","properties":{"lines":"82, 118","arr":["82","118"],"mode":"bus","angle":8.9,"mi":1,"l0":"82, ","c0":"#05617d","l1":"118","c1":"#6b5806"},"geometry":{"type":"Point","coordinates":[27.869964,43.229015]}},{"type":"Feature","properties":{"lines":"82","arr":["82"],"mode":"bus","angle":11.3,"side":-1,"l0":"82","c0":"#05617d"},"geometry":{"type":"Point","coordinates":[27.876712,43.228088]}},{"type":"Feature","properties":{"lines":"82, 83, 88","arr":["82","83","88"],"mode":"bus","angle":43.7,"side":-1,"mi":1,"l0":"82, ","c0":"#05617d","l1":"83, ","c1":"#7b3aa8","l2":"88","c2":"#a72d06"},"geometry":{"type":"Point","coordinates":[27.909475,43.212345]}},{"type":"Feature","properties":{"lines":"82, 83, 88","arr":["82","83","88"],"mode":"bus","angle":44,"side":-1,"extra":1,"ei":0,"l0":"82, ","c0":"#05617d","l1":"83, ","c1":"#7b3aa8","l2":"88","c2":"#a72d06"},"geometry":{"type":"Point","coordinates":[27.907354,43.213826]}},{"type":"Feature","properties":{"lines":"82, 83, 88","arr":["82","83","88"],"mode":"bus","angle":47.6,"side":-1,"extra":1,"ei":1,"l0":"82, ","c0":"#05617d","l1":"83, ","c1":"#7b3aa8","l2":"88","c2":"#a72d06"},"geometry":{"type":"Point","coordinates":[27.911097,43.211213]}},{"type":"Feature","properties":{"lines":"82, 83, 88","arr":["82","83","88"],"mode":"bus","angle":67.2,"side":-1,"l0":"82, ","c0":"#05617d","l1":"83, ","c1":"#7b3aa8","l2":"88","c2":"#a72d06"},"geometry":{"type":"Point","coordinates":[27.91273,43.208916]}},{"type":"Feature","properties":{"lines":"83, 88, 148","arr":["83","88","148"],"mode":"bus","angle":-81.5,"l0":"83, ","c0":"#7b3aa8","l1":"88, ","c1":"#a72d06","l2":"148","c2":"#10a5d2"},"geometry":{"type":"Point","coordinates":[27.88964,43.229706]}},{"type":"Feature","properties":{"lines":"83, 88, 148","arr":["83","88","148"],"mode":"bus","angle":-82.3,"extra":1,"ei":0,"l0":"83, ","c0":"#7b3aa8","l1":"88, ","c1":"#a72d06","l2":"148","c2":"#10a5d2"},"geometry":{"type":"Point","coordinates":[27.890076,43.231834]}},{"type":"Feature","properties":{"lines":"83, 88, 148","arr":["83","88","148"],"mode":"bus","angle":-81.3,"extra":1,"ei":1,"l0":"83, ","c0":"#7b3aa8","l1":"88, ","c1":"#a72d06","l2":"148","c2":"#10a5d2"},"geometry":{"type":"Point","coordinates":[27.889321,43.228098]}},{"type":"Feature","properties":{"lines":"83","arr":["83"],"mode":"bus","angle":81.9,"l0":"83","c0":"#7b3aa8"},"geometry":{"type":"Point","coordinates":[27.890961,43.236142]}},{"type":"Feature","properties":{"lines":"83, 118","arr":["83","118"],"mode":"bus","angle":-9.1,"l0":"83, ","c0":"#7b3aa8","l1":"118","c1":"#6b5806"},"geometry":{"type":"Point","coordinates":[27.844237,43.246163]}},{"type":"Feature","properties":{"lines":"83, 118","arr":["83","118"],"mode":"bus","angle":3.6,"extra":1,"ei":0,"l0":"83, ","c0":"#7b3aa8","l1":"118","c1":"#6b5806"},"geometry":{"type":"Point","coordinates":[27.846243,43.246316]}},{"type":"Feature","properties":{"lines":"83, 118","arr":["83","118"],"mode":"bus","angle":25.9,"extra":1,"ei":1,"l0":"83, ","c0":"#7b3aa8","l1":"118","c1":"#6b5806"},"geometry":{"type":"Point","coordinates":[27.841253,43.246727]}},{"type":"Feature","properties":{"lines":"88, 148","arr":["88","148"],"mode":"bus","angle":52.1,"l0":"88, ","c0":"#a72d06","l1":"148","c1":"#10a5d2"},"geometry":{"type":"Point","coordinates":[27.889137,43.226602]}},{"type":"Feature","properties":{"lines":"88","arr":["88"],"mode":"bus","angle":-0.2,"l0":"88","c0":"#a72d06"},"geometry":{"type":"Point","coordinates":[27.897369,43.181967]}},{"type":"Feature","properties":{"lines":"109, 409","arr":["109","409"],"mode":"bus","angle":-22.6,"l0":"109, ","c0":"#03636c","l1":"409","c1":"#7c5001"},"geometry":{"type":"Point","coordinates":[28.017184,43.244752]}},{"type":"Feature","properties":{"lines":"109, 409","arr":["109","409"],"mode":"bus","angle":-70.9,"side":-1,"extra":1,"ei":0,"l0":"109, ","c0":"#03636c","l1":"409","c1":"#7c5001"},"geometry":{"type":"Point","coordinates":[28.016017,43.242993]}},{"type":"Feature","properties":{"lines":"109, 409","arr":["109","409"],"mode":"bus","angle":44.5,"l0":"109, ","c0":"#03636c","l1":"409","c1":"#7c5001"},"geometry":{"type":"Point","coordinates":[28.017792,43.258238]}},{"type":"Feature","properties":{"lines":"109, 409","arr":["109","409"],"mode":"bus","angle":-20.9,"mi":3,"l0":"109, ","c0":"#03636c","l1":"409","c1":"#7c5001"},"geometry":{"type":"Point","coordinates":[28.015735,43.256387]}},{"type":"Feature","properties":{"lines":"109, 409","arr":["109","409"],"mode":"bus","angle":80,"l0":"109, ","c0":"#03636c","l1":"409","c1":"#7c5001"},"geometry":{"type":"Point","coordinates":[28.027421,43.250771]}},{"type":"Feature","properties":{"lines":"109, 409","arr":["109","409"],"mode":"bus","angle":-62.9,"extra":1,"ei":0,"l0":"109, ","c0":"#03636c","l1":"409","c1":"#7c5001"},"geometry":{"type":"Point","coordinates":[28.018183,43.245592]}},{"type":"Feature","properties":{"lines":"109, 409","arr":["109","409"],"mode":"bus","angle":4.4,"extra":1,"ei":1,"l0":"109, ","c0":"#03636c","l1":"409","c1":"#7c5001"},"geometry":{"type":"Point","coordinates":[28.020426,43.246308]}},{"type":"Feature","properties":{"lines":"109, 409","arr":["109","409"],"mode":"bus","angle":-1.5,"extra":1,"ei":2,"l0":"109, ","c0":"#03636c","l1":"409","c1":"#7c5001"},"geometry":{"type":"Point","coordinates":[28.02299,43.24615]}},{"type":"Feature","properties":{"lines":"109, 409","arr":["109","409"],"mode":"bus","angle":-35.6,"extra":1,"ei":3,"l0":"109, ","c0":"#03636c","l1":"409","c1":"#7c5001"},"geometry":{"type":"Point","coordinates":[28.02549,43.246536]}},{"type":"Feature","properties":{"lines":"109, 409","arr":["109","409"],"mode":"bus","angle":-50.6,"extra":1,"ei":4,"l0":"109, ","c0":"#03636c","l1":"409","c1":"#7c5001"},"geometry":{"type":"Point","coordinates":[28.027175,43.247965]}},{"type":"Feature","properties":{"lines":"109, 409","arr":["109","409"],"mode":"bus","angle":-74,"extra":1,"ei":5,"l0":"109, ","c0":"#03636c","l1":"409","c1":"#7c5001"},"geometry":{"type":"Point","coordinates":[28.028327,43.253345]}},{"type":"Feature","properties":{"lines":"109, 409","arr":["109","409"],"mode":"bus","angle":-81.1,"extra":1,"ei":6,"l0":"109, ","c0":"#03636c","l1":"409","c1":"#7c5001"},"geometry":{"type":"Point","coordinates":[28.028863,43.255189]}},{"type":"Feature","properties":{"lines":"109, 409","arr":["109","409"],"mode":"bus","angle":-64.9,"extra":1,"ei":7,"l0":"109, ","c0":"#03636c","l1":"409","c1":"#7c5001"},"geometry":{"type":"Point","coordinates":[28.03011,43.256807]}},{"type":"Feature","properties":{"lines":"109, 409","arr":["109","409"],"mode":"bus","angle":-71.3,"extra":1,"ei":8,"l0":"109, ","c0":"#03636c","l1":"409","c1":"#7c5001"},"geometry":{"type":"Point","coordinates":[28.030403,43.258657]}},{"type":"Feature","properties":{"lines":"109, 409","arr":["109","409"],"mode":"bus","angle":-52.6,"extra":1,"ei":9,"l0":"109, ","c0":"#03636c","l1":"409","c1":"#7c5001"},"geometry":{"type":"Point","coordinates":[28.031556,43.260341]}},{"type":"Feature","properties":{"lines":"109, 409","arr":["109","409"],"mode":"bus","angle":50,"mi":4,"l0":"109, ","c0":"#03636c","l1":"409","c1":"#7c5001"},"geometry":{"type":"Point","coordinates":[28.030518,43.262094]}},{"type":"Feature","properties":{"lines":"109, 409","arr":["109","409"],"mode":"bus","angle":-25.7,"mi":1,"l0":"109, ","c0":"#03636c","l1":"409","c1":"#7c5001"},"geometry":{"type":"Point","coordinates":[28.025148,43.259773]}},{"type":"Feature","properties":{"lines":"109, 409","arr":["109","409"],"mode":"bus","angle":-80.9,"extra":1,"ei":0,"l0":"109, ","c0":"#03636c","l1":"409","c1":"#7c5001"},"geometry":{"type":"Point","coordinates":[28.028229,43.262139]}},{"type":"Feature","properties":{"lines":"109, 409","arr":["109","409"],"mode":"bus","angle":-47,"extra":1,"ei":1,"l0":"109, ","c0":"#03636c","l1":"409","c1":"#7c5001"},"geometry":{"type":"Point","coordinates":[28.026946,43.26052]}},{"type":"Feature","properties":{"lines":"109, 409","arr":["109","409"],"mode":"bus","angle":-25.7,"extra":1,"ei":2,"l0":"109, ","c0":"#03636c","l1":"409","c1":"#7c5001"},"geometry":{"type":"Point","coordinates":[28.022379,43.258763]}},{"type":"Feature","properties":{"lines":"109, 409","arr":["109","409"],"mode":"bus","angle":-16.2,"extra":1,"ei":3,"l0":"109, ","c0":"#03636c","l1":"409","c1":"#7c5001"},"geometry":{"type":"Point","coordinates":[28.020003,43.258018]}},{"type":"Feature","properties":{"lines":"109, 409","arr":["109","409"],"mode":"bus","angle":-13.6,"mi":2,"l0":"109, ","c0":"#03636c","l1":"409","c1":"#7c5001"},"geometry":{"type":"Point","coordinates":[28.016984,43.257507]}},{"type":"Feature","properties":{"lines":"109, 209 Б","arr":["109","209 Б"],"mode":"bus","angle":-71.1,"l0":"109, ","c0":"#03636c","l1":"209 Б","c1":"#b0045c"},"geometry":{"type":"Point","coordinates":[28.043795,43.297701]}},{"type":"Feature","properties":{"lines":"109, 209 Б","arr":["109","209 Б"],"mode":"bus","angle":-58.8,"extra":1,"ei":0,"l0":"109, ","c0":"#03636c","l1":"209 Б","c1":"#b0045c"},"geometry":{"type":"Point","coordinates":[28.038017,43.288682]}},{"type":"Feature","properties":{"lines":"109, 209 Б","arr":["109","209 Б"],"mode":"bus","angle":-72.6,"extra":1,"ei":1,"l0":"109, ","c0":"#03636c","l1":"209 Б","c1":"#b0045c"},"geometry":{"type":"Point","coordinates":[28.038672,43.290498]}},{"type":"Feature","properties":{"lines":"109, 209 Б","arr":["109","209 Б"],"mode":"bus","angle":-16.3,"extra":1,"ei":2,"l0":"109, ","c0":"#03636c","l1":"209 Б","c1":"#b0045c"},"geometry":{"type":"Point","coordinates":[28.040672,43.291539]}},{"type":"Feature","properties":{"lines":"109, 209 Б","arr":["109","209 Б"],"mode":"bus","angle":-54.8,"extra":1,"ei":3,"l0":"109, ","c0":"#03636c","l1":"209 Б","c1":"#b0045c"},"geometry":{"type":"Point","coordinates":[28.042506,43.292761]}},{"type":"Feature","properties":{"lines":"109, 209 Б","arr":["109","209 Б"],"mode":"bus","angle":-89.9,"extra":1,"ei":4,"l0":"109, ","c0":"#03636c","l1":"209 Б","c1":"#b0045c"},"geometry":{"type":"Point","coordinates":[28.042942,43.294544]}},{"type":"Feature","properties":{"lines":"109, 209 Б","arr":["109","209 Б"],"mode":"bus","angle":-79.5,"extra":1,"ei":5,"l0":"109, ","c0":"#03636c","l1":"209 Б","c1":"#b0045c"},"geometry":{"type":"Point","coordinates":[28.043392,43.296398]}},{"type":"Feature","properties":{"lines":"109, 209 Б","arr":["109","209 Б"],"mode":"bus","angle":-34.5,"extra":1,"ei":6,"l0":"109, ","c0":"#03636c","l1":"209 Б","c1":"#b0045c"},"geometry":{"type":"Point","coordinates":[28.046049,43.299402]}},{"type":"Feature","properties":{"lines":"109, 209 Б","arr":["109","209 Б"],"mode":"bus","angle":-68.2,"extra":1,"ei":7,"l0":"109, ","c0":"#03636c","l1":"209 Б","c1":"#b0045c"},"geometry":{"type":"Point","coordinates":[28.047407,43.300938]}},{"type":"Feature","properties":{"lines":"109, 209 Б","arr":["109","209 Б"],"mode":"bus","angle":-59.1,"extra":1,"ei":8,"l0":"109, ","c0":"#03636c","l1":"209 Б","c1":"#b0045c"},"geometry":{"type":"Point","coordinates":[28.048737,43.302554]}},{"type":"Feature","properties":{"lines":"109, 209 Б","arr":["109","209 Б"],"mode":"bus","angle":-65.4,"extra":1,"ei":9,"l0":"109, ","c0":"#03636c","l1":"209 Б","c1":"#b0045c"},"geometry":{"type":"Point","coordinates":[28.049995,43.304205]}},{"type":"Feature","properties":{"lines":"109, 209 Б","arr":["109","209 Б"],"mode":"bus","angle":-65.2,"extra":1,"ei":10,"l0":"109, ","c0":"#03636c","l1":"209 Б","c1":"#b0045c"},"geometry":{"type":"Point","coordinates":[28.050859,43.30598]}},{"type":"Feature","properties":{"lines":"118","arr":["118"],"mode":"bus","angle":-59.9,"mi":4,"l0":"118","c0":"#6b5806"},"geometry":{"type":"Point","coordinates":[27.860576,43.22811]}},{"type":"Feature","properties":{"lines":"118","arr":["118"],"mode":"bus","angle":-61.7,"side":-1,"mi":2,"l0":"118","c0":"#6b5806"},"geometry":{"type":"Point","coordinates":[27.863627,43.231846]}},{"type":"Feature","properties":{"lines":"118","arr":["118"],"mode":"bus","angle":-62.3,"side":-1,"extra":1,"ei":0,"l0":"118","c0":"#6b5806"},"geometry":{"type":"Point","coordinates":[27.859724,43.226794]}},{"type":"Feature","properties":{"lines":"118","arr":["118"],"mode":"bus","angle":-53.6,"side":-1,"extra":1,"ei":1,"l0":"118","c0":"#6b5806"},"geometry":{"type":"Point","coordinates":[27.862285,43.230078]}},{"type":"Feature","properties":{"lines":"118","arr":["118"],"mode":"bus","angle":9.3,"mi":7,"l0":"118","c0":"#6b5806"},"geometry":{"type":"Point","coordinates":[27.873381,43.228586]}},{"type":"Feature","properties":{"lines":"118","arr":["118"],"mode":"bus","angle":8.8,"side":-1,"mi":5,"l0":"118","c0":"#6b5806"},"geometry":{"type":"Point","coordinates":[27.869936,43.228939]}},{"type":"Feature","properties":{"lines":"118","arr":["118"],"mode":"bus","angle":-88.3,"l0":"118","c0":"#6b5806"},"geometry":{"type":"Point","coordinates":[27.820817,43.218499]}},{"type":"Feature","properties":{"lines":"118","arr":["118"],"mode":"bus","angle":-57.7,"mi":3,"l0":"118","c0":"#6b5806"},"geometry":{"type":"Point","coordinates":[27.856279,43.235479]}},{"type":"Feature","properties":{"lines":"118","arr":["118"],"mode":"bus","angle":19.2,"l0":"118","c0":"#6b5806"},"geometry":{"type":"Point","coordinates":[27.859707,43.234204]}},{"type":"Feature","properties":{"lines":"118","arr":["118"],"mode":"bus","angle":20.2,"extra":1,"ei":0,"l0":"118","c0":"#6b5806"},"geometry":{"type":"Point","coordinates":[27.857242,43.234861]}},{"type":"Feature","properties":{"lines":"118","arr":["118"],"mode":"bus","angle":19.4,"extra":1,"ei":1,"l0":"118","c0":"#6b5806"},"geometry":{"type":"Point","coordinates":[27.862119,43.23358]}},{"type":"Feature","properties":{"lines":"118","arr":["118"],"mode":"bus","angle":59.1,"side":-1,"mi":1,"l0":"118","c0":"#6b5806"},"geometry":{"type":"Point","coordinates":[27.86391,43.233169]}},{"type":"Feature","properties":{"lines":"148, 209, 209 Б","arr":["148","209","209 Б"],"mode":"bus","angle":11.2,"l0":"148, ","c0":"#10a5d2","l1":"209, ","c1":"#076734","l2":"209 Б","c2":"#b0045c"},"geometry":{"type":"Point","coordinates":[27.884546,43.233592]}},{"type":"Feature","properties":{"lines":"148, 209, 209 Б","arr":["148","209","209 Б"],"mode":"bus","angle":0.1,"mi":1,"l0":"148, ","c0":"#10a5d2","l1":"209, ","c1":"#076734","l2":"209 Б","c2":"#b0045c"},"geometry":{"type":"Point","coordinates":[27.888947,43.23299]}},{"type":"Feature","properties":{"lines":"148, 209, 209 Б","arr":["148","209","209 Б"],"mode":"bus","angle":10.6,"extra":1,"ei":0,"l0":"148, ","c0":"#10a5d2","l1":"209, ","c1":"#076734","l2":"209 Б","c2":"#b0045c"},"geometry":{"type":"Point","coordinates":[27.88158,43.233993]}},{"type":"Feature","properties":{"lines":"148, 209, 209 Б","arr":["148","209","209 Б"],"mode":"bus","angle":10.6,"extra":1,"ei":1,"l0":"148, ","c0":"#10a5d2","l1":"209, ","c1":"#076734","l2":"209 Б","c2":"#b0045c"},"geometry":{"type":"Point","coordinates":[27.886675,43.233299]}},{"type":"Feature","properties":{"lines":"148","arr":["148"],"mode":"bus","angle":53.1,"side":-1,"mi":1,"l0":"148","c0":"#10a5d2"},"geometry":{"type":"Point","coordinates":[27.890078,43.232677]}},{"type":"Feature","properties":{"lines":"148","arr":["148"],"mode":"bus","angle":-81.3,"l0":"148","c0":"#10a5d2"},"geometry":{"type":"Point","coordinates":[27.889087,43.227629]}},{"type":"Feature","properties":{"lines":"148","arr":["148"],"mode":"bus","angle":-65,"side":-1,"mi":2,"l0":"148","c0":"#10a5d2"},"geometry":{"type":"Point","coordinates":[27.890119,43.22196]}},{"type":"Feature","properties":{"lines":"148","arr":["148"],"mode":"bus","angle":-39.7,"extra":1,"ei":0,"l0":"148","c0":"#10a5d2"},"geometry":{"type":"Point","coordinates":[27.891518,43.223488]}},{"type":"Feature","properties":{"lines":"148","arr":["148"],"mode":"bus","angle":-59,"extra":1,"ei":1,"l0":"148","c0":"#10a5d2"},"geometry":{"type":"Point","coordinates":[27.888776,43.220344]}},{"type":"Feature","properties":{"lines":"148, 209, 209 Б","arr":["148","209","209 Б"],"mode":"bus","angle":56.4,"l0":"148, ","c0":"#10a5d2","l1":"209, ","c1":"#076734","l2":"209 Б","c2":"#b0045c"},"geometry":{"type":"Point","coordinates":[27.870293,43.233855]}},{"type":"Feature","properties":{"lines":"209","arr":["209"],"mode":"bus","angle":-75.4,"l0":"209","c0":"#076734"},"geometry":{"type":"Point","coordinates":[27.94009,43.223493]}},{"type":"Feature","properties":{"lines":"209","arr":["209"],"mode":"bus","angle":-51.2,"extra":1,"ei":0,"l0":"209","c0":"#076734"},"geometry":{"type":"Point","coordinates":[27.941715,43.223553]}},{"type":"Feature","properties":{"lines":"209","arr":["209"],"mode":"bus","angle":-80.9,"mi":2,"l0":"209","c0":"#076734"},"geometry":{"type":"Point","coordinates":[27.92534,43.225668]}},{"type":"Feature","properties":{"lines":"209","arr":["209"],"mode":"bus","angle":-14.7,"l0":"209","c0":"#076734"},"geometry":{"type":"Point","coordinates":[27.926683,43.221036]}},{"type":"Feature","properties":{"lines":"209","arr":["209"],"mode":"bus","angle":-1.8,"side":-1,"mi":1,"l0":"209","c0":"#076734"},"geometry":{"type":"Point","coordinates":[27.925831,43.22058]}},{"type":"Feature","properties":{"lines":"209 Б","arr":["209 Б"],"mode":"bus","angle":-20.7,"mi":1,"l0":"209 Б","c0":"#b0045c"},"geometry":{"type":"Point","coordinates":[27.909659,43.218722]}},{"type":"Feature","properties":{"lines":"209 Б","arr":["209 Б"],"mode":"bus","angle":11.5,"side":-1,"mi":3,"l0":"209 Б","c0":"#b0045c"},"geometry":{"type":"Point","coordinates":[27.91887,43.220253]}},{"type":"Feature","properties":{"lines":"209 Б","arr":["209 Б"],"mode":"bus","angle":-4.7,"mi":2,"l0":"209 Б","c0":"#b0045c"},"geometry":{"type":"Point","coordinates":[27.90905,43.219062]}},{"type":"Feature","properties":{"lines":"209 Б","arr":["209 Б"],"mode":"bus","angle":19.8,"l0":"209 Б","c0":"#b0045c"},"geometry":{"type":"Point","coordinates":[27.851138,43.251116]}},{"type":"Feature","properties":{"lines":"209 Б","arr":["209 Б"],"mode":"bus","angle":-28.9,"l0":"209 Б","c0":"#b0045c"},"geometry":{"type":"Point","coordinates":[27.912357,43.219992]}},{"type":"Feature","properties":{"lines":"209 Б","arr":["209 Б"],"mode":"bus","angle":8.2,"l0":"209 Б","c0":"#b0045c"},"geometry":{"type":"Point","coordinates":[27.934562,43.219004]}},{"type":"Feature","properties":{"lines":"209 Б","arr":["209 Б"],"mode":"bus","angle":-26.7,"extra":1,"ei":0,"l0":"209 Б","c0":"#b0045c"},"geometry":{"type":"Point","coordinates":[27.910696,43.219328]}},{"type":"Feature","properties":{"lines":"209 Б, 409","arr":["209 Б","409"],"mode":"bus","angle":-49,"side":-1,"l0":"209 Б, ","c0":"#b0045c","l1":"409","c1":"#7c5001"},"geometry":{"type":"Point","coordinates":[27.976361,43.221529]}},{"type":"Feature","properties":{"lines":"409","arr":["409"],"mode":"bus","angle":72.5,"l0":"409","c0":"#7c5001"},"geometry":{"type":"Point","coordinates":[27.82032,43.253522]}},{"type":"Feature","properties":{"lines":"409","arr":["409"],"mode":"bus","angle":48,"extra":1,"ei":0,"l0":"409","c0":"#7c5001"},"geometry":{"type":"Point","coordinates":[27.814095,43.262462]}},{"type":"Feature","properties":{"lines":"409","arr":["409"],"mode":"bus","angle":53.9,"extra":1,"ei":1,"l0":"409","c0":"#7c5001"},"geometry":{"type":"Point","coordinates":[27.815675,43.260966]}},{"type":"Feature","properties":{"lines":"409","arr":["409"],"mode":"bus","angle":53.9,"extra":1,"ei":2,"l0":"409","c0":"#7c5001"},"geometry":{"type":"Point","coordinates":[27.817193,43.259435]}},{"type":"Feature","properties":{"lines":"409","arr":["409"],"mode":"bus","angle":76.7,"extra":1,"ei":3,"l0":"409","c0":"#7c5001"},"geometry":{"type":"Point","coordinates":[27.818328,43.257766]}},{"type":"Feature","properties":{"lines":"409","arr":["409"],"mode":"bus","angle":60.3,"extra":1,"ei":4,"l0":"409","c0":"#7c5001"},"geometry":{"type":"Point","coordinates":[27.819129,43.255985]}},{"type":"Feature","properties":{"lines":"409","arr":["409"],"mode":"bus","angle":66.1,"extra":1,"ei":5,"l0":"409","c0":"#7c5001"},"geometry":{"type":"Point","coordinates":[27.82197,43.250725]}},{"type":"Feature","properties":{"lines":"409","arr":["409"],"mode":"bus","angle":45.4,"extra":1,"ei":6,"l0":"409","c0":"#7c5001"},"geometry":{"type":"Point","coordinates":[27.823156,43.249061]}},{"type":"Feature","properties":{"lines":"409","arr":["409"],"mode":"bus","angle":42.1,"extra":1,"ei":7,"l0":"409","c0":"#7c5001"},"geometry":{"type":"Point","coordinates":[27.825092,43.247805]}},{"type":"Feature","properties":{"lines":"409","arr":["409"],"mode":"bus","angle":42.2,"extra":1,"ei":8,"l0":"409","c0":"#7c5001"},"geometry":{"type":"Point","coordinates":[27.827022,43.246544]}},{"type":"Feature","properties":{"lines":"409","arr":["409"],"mode":"bus","angle":8.7,"extra":1,"ei":9,"l0":"409","c0":"#7c5001"},"geometry":{"type":"Point","coordinates":[27.829072,43.245433]}},{"type":"Feature","properties":{"lines":"409","arr":["409"],"mode":"bus","angle":-26.8,"l0":"409","c0":"#7c5001"},"geometry":{"type":"Point","coordinates":[27.834017,43.241434]}},{"type":"Feature","properties":{"lines":"409","arr":["409"],"mode":"bus","angle":-65.7,"mi":3,"l0":"409","c0":"#7c5001"},"geometry":{"type":"Point","coordinates":[27.836122,43.239895]}},{"type":"Feature","properties":{"lines":"409","arr":["409"],"mode":"bus","angle":53,"mi":4,"l0":"409","c0":"#7c5001"},"geometry":{"type":"Point","coordinates":[27.830884,43.244692]}},{"type":"Feature","properties":{"lines":"409","arr":["409"],"mode":"bus","angle":89.5,"mi":1,"l0":"409","c0":"#7c5001"},"geometry":{"type":"Point","coordinates":[27.832977,43.240222]}},{"type":"Feature","properties":{"lines":"409","arr":["409"],"mode":"bus","angle":50.6,"extra":1,"ei":0,"l0":"409","c0":"#7c5001"},"geometry":{"type":"Point","coordinates":[27.832541,43.243111]}},{"type":"Feature","properties":{"lines":"409","arr":["409"],"mode":"bus","angle":31.7,"l0":"409","c0":"#7c5001"},"geometry":{"type":"Point","coordinates":[27.855139,43.230446]}},{"type":"Feature","properties":{"lines":"409","arr":["409"],"mode":"bus","angle":32.5,"side":-1,"extra":1,"ei":0,"l0":"409","c0":"#7c5001"},"geometry":{"type":"Point","coordinates":[27.840122,43.237141]}},{"type":"Feature","properties":{"lines":"409","arr":["409"],"mode":"bus","angle":31.9,"side":-1,"extra":1,"ei":1,"l0":"409","c0":"#7c5001"},"geometry":{"type":"Point","coordinates":[27.842326,43.236148]}},{"type":"Feature","properties":{"lines":"409","arr":["409"],"mode":"bus","angle":31.9,"side":-1,"extra":1,"ei":2,"l0":"409","c0":"#7c5001"},"geometry":{"type":"Point","coordinates":[27.844526,43.23515]}},{"type":"Feature","properties":{"lines":"409","arr":["409"],"mode":"bus","angle":31.9,"side":-1,"extra":1,"ei":3,"l0":"409","c0":"#7c5001"},"geometry":{"type":"Point","coordinates":[27.846727,43.234151]}},{"type":"Feature","properties":{"lines":"409","arr":["409"],"mode":"bus","angle":31.9,"side":-1,"extra":1,"ei":4,"l0":"409","c0":"#7c5001"},"geometry":{"type":"Point","coordinates":[27.848927,43.233153]}},{"type":"Feature","properties":{"lines":"409","arr":["409"],"mode":"bus","angle":32.7,"side":-1,"extra":1,"ei":5,"l0":"409","c0":"#7c5001"},"geometry":{"type":"Point","coordinates":[27.851125,43.232152]}},{"type":"Feature","properties":{"lines":"409","arr":["409"],"mode":"bus","angle":33.4,"side":-1,"extra":1,"ei":6,"l0":"409","c0":"#7c5001"},"geometry":{"type":"Point","coordinates":[27.853312,43.231139]}},{"type":"Feature","properties":{"lines":"409","arr":["409"],"mode":"bus","angle":32.6,"side":-1,"extra":1,"ei":0,"l0":"409","c0":"#7c5001"},"geometry":{"type":"Point","coordinates":[27.858971,43.228549]}},{"type":"Feature","properties":{"lines":"409","arr":["409"],"mode":"bus","angle":34.8,"side":-1,"extra":1,"ei":1,"l0":"409","c0":"#7c5001"},"geometry":{"type":"Point","coordinates":[27.861136,43.227512]}},{"type":"Feature","properties":{"lines":"409","arr":["409"],"mode":"bus","angle":37.4,"side":-1,"extra":1,"ei":2,"l0":"409","c0":"#7c5001"},"geometry":{"type":"Point","coordinates":[27.863231,43.2264]}},{"type":"Feature","properties":{"lines":"409","arr":["409"],"mode":"bus","angle":39.6,"side":-1,"extra":1,"ei":3,"l0":"409","c0":"#7c5001"},"geometry":{"type":"Point","coordinates":[27.865259,43.225225]}},{"type":"Feature","properties":{"lines":"409","arr":["409"],"mode":"bus","angle":40.5,"extra":1,"ei":4,"l0":"409","c0":"#7c5001"},"geometry":{"type":"Point","coordinates":[27.867243,43.224009]}},{"type":"Feature","properties":{"lines":"409","arr":["409"],"mode":"bus","angle":32.4,"extra":1,"ei":0,"l0":"409","c0":"#7c5001"},"geometry":{"type":"Point","coordinates":[27.868854,43.223233]}},{"type":"Feature","properties":{"lines":"409","arr":["409"],"mode":"bus","angle":38.2,"mi":2,"l0":"409","c0":"#7c5001"},"geometry":{"type":"Point","coordinates":[27.836398,43.240764]}},{"type":"Feature","properties":{"lines":"39","arr":["39"],"mode":"bus","angle":-4.2,"l0":"39","c0":"#b20b42"},"geometry":{"type":"Point","coordinates":[27.957084,43.218634]}},{"type":"Feature","properties":{"lines":"12","arr":["12"],"mode":"bus","angle":8.8,"l0":"12","c0":"#dc357c"},"geometry":{"type":"Point","coordinates":[27.888937,43.179525]}}]}