{"type":"FeatureCollection","features":[{"type":"Feature","geometry":{"type":"Point","coordinates":[27.856617,43.227284]},"properties":{"name":"Бизнес Парк","lines":"1, 7, 118","arr":["1","7","118"],"terminus":1,"mode":"bus","color":"#0059a9","colorDark":"#00294f","angle":19.9,"snapDist":8,"label":1}},{"type":"Feature","geometry":{"type":"Point","coordinates":[27.85661,43.226323]},"properties":{"name":"Млекозавод","lines":"1, 18, 118","arr":["1","18","118"],"terminus":0,"mode":"bus","color":"#0059a9","colorDark":"#00294f","angle":112.7,"snapDist":9,"label":1}},{"type":"Feature","geometry":{"type":"Point","coordinates":[27.857971,43.222989]},"properties":{"name":"Картонажна Фабрика","lines":"1, 7","arr":["1","7"],"terminus":0,"mode":"bus","color":"#0059a9","colorDark":"#00294f","angle":281.7,"snapDist":6,"label":1}},{"type":"Feature","geometry":{"type":"Point","coordinates":[27.855651,43.216238]},"properties":{"name":"ЗПЗ","lines":"1, 7","arr":["1","7"],"terminus":1,"mode":"bus","color":"#0059a9","colorDark":"#00294f","angle":241.2,"snapDist":2,"label":1}},{"type":"Feature","geometry":{"type":"Point","coordinates":[27.864684,43.218921]},"properties":{"name":"Янко Костов","lines":"1, 7","arr":["1","7"],"terminus":0,"mode":"bus","color":"#0059a9","colorDark":"#00294f","angle":175.5,"snapDist":17,"label":1}},{"type":"Feature","geometry":{"type":"Point","coordinates":[27.866678,43.219182]},"properties":{"name":"Метал - 2","lines":"1, 7","arr":["1","7"],"terminus":0,"mode":"bus","color":"#0059a9","colorDark":"#00294f","angle":149.1,"snapDist":7,"label":1}},{"type":"Feature","geometry":{"type":"Point","coordinates":[27.869136,43.221789]},"properties":{"name":"Електротерм","lines":"1, 7","arr":["1","7"],"terminus":0,"mode":"bus","color":"#0059a9","colorDark":"#00294f","angle":101,"snapDist":5,"label":1}},{"type":"Feature","geometry":{"type":"Point","coordinates":[27.871727,43.222301]},"properties":{"name":"Елпром","lines":"1, 7, 18, 22, 122, 409","arr":["1","7","18","22","122","409"],"terminus":0,"mode":"bus","color":"#0059a9","colorDark":"#00294f","angle":195.5,"snapDist":8,"label":1}},{"type":"Feature","geometry":{"type":"Point","coordinates":[27.875661,43.221627]},"properties":{"name":"Радиозавод","lines":"1, 18, 22, 41, 409","arr":["1","18","22","41","409"],"terminus":0,"mode":"bus","color":"#0059a9","colorDark":"#00294f","angle":192.5,"snapDist":16,"label":1}},{"type":"Feature","geometry":{"type":"Point","coordinates":[27.881015,43.220765]},"properties":{"name":"Вамо","lines":"1, 18, 22, 41, 409","arr":["1","18","22","41","409"],"terminus":0,"mode":"bus","color":"#0059a9","colorDark":"#00294f","angle":192.5,"snapDist":13,"label":1}},{"type":"Feature","geometry":{"type":"Point","coordinates":[27.884742,43.220165]},"properties":{"name":"Борсата","lines":"1, 18, 22, 41, 409","arr":["1","18","22","41","409"],"terminus":0,"mode":"bus","color":"#0059a9","colorDark":"#00294f","angle":192.5,"snapDist":12,"label":1}},{"type":"Feature","geometry":{"type":"Point","coordinates":[27.888831,43.218946]},"properties":{"name":"Иван Рилски","lines":"1, 18, 22, 41, 148, 409","arr":["1","18","22","41","148","409"],"terminus":0,"mode":"bus","color":"#0059a9","colorDark":"#00294f","angle":211.5,"snapDist":13,"label":1}},{"type":"Feature","geometry":{"type":"Point","coordinates":[27.893258,43.216965]},"properties":{"name":"Родина","lines":"1, 22, 41, 148","arr":["1","22","41","148"],"terminus":0,"mode":"bus","color":"#0059a9","colorDark":"#00294f","angle":211.5,"snapDist":6,"label":1}},{"type":"Feature","geometry":{"type":"Point","coordinates":[27.896601,43.215487]},"properties":{"name":"Автогара","lines":"1, 18, 22, 41, 122, 148, 409","arr":["1","18","22","41","122","148","409"],"terminus":0,"mode":"bus","color":"#0059a9","colorDark":"#00294f","angle":211,"snapDist":11,"label":1}},{"type":"Feature","geometry":{"type":"Point","coordinates":[27.900367,43.213834]},"properties":{"name":"Патриарх Евтимий","lines":"1, 18, 22, 41, 148, 409","arr":["1","18","22","41","148","409"],"terminus":0,"mode":"bus","color":"#0059a9","colorDark":"#00294f","angle":210.2,"snapDist":11,"label":1}},{"type":"Feature","geometry":{"type":"Point","coordinates":[27.907024,43.211541]},"properties":{"name":"Тракия","lines":"1, 10, 18, 22, 41, 122, 148, 409","arr":["1","10","18","22","41","122","148","409"],"terminus":0,"mode":"bus","color":"#0059a9","colorDark":"#00294f","angle":220.2,"snapDist":12,"label":1}},{"type":"Feature","geometry":{"type":"Point","coordinates":[27.910507,43.205715]},"properties":{"name":"Катедралата","lines":"1, 10, 13, 18, 22, 41, 122, 148, 409","arr":["1","10","13","18","22","41","122","148","409"],"terminus":0,"mode":"bus","color":"#0059a9","colorDark":"#00294f","angle":263.1,"snapDist":5,"label":1}},{"type":"Feature","geometry":{"type":"Point","coordinates":[27.910785,43.199034]},"properties":{"name":"ЖП гара / Пристигащи","lines":"1, 7, 9, 10, 13, 17, 18, 22, 23, 29, 31, 31A, 36, 37, 41, 46 Б, 55, 109","arr":["1","7","9","10","13","17","18","22","23","29","31","31A","36","37","41","46 Б","55","109"],"terminus":0,"mode":"bus","color":"#0059a9","colorDark":"#00294f","angle":13.6,"snapDist":9,"label":1}},{"type":"Feature","geometry":{"type":"Point","coordinates":[27.906536,43.200549]},"properties":{"name":"Обръщач 1","lines":"1, 7, 9, 10, 13, 17, 18, 20, 22, 23, 29, 31, 31A, 36, 37, 41, 46 Б, 55, 109","arr":["1","7","9","10","13","17","18","20","22","23","29","31","31A","36","37","41","46 Б","55","109"],"terminus":1,"mode":"bus","color":"#0059a9","colorDark":"#00294f","angle":103.4,"snapDist":14,"label":1}},{"type":"Feature","geometry":{"type":"Point","coordinates":[27.911166,43.198709]},"properties":{"name":"ЖП. гара","lines":"1, 7, 9, 10, 13, 18, 22, 23, 29, 31, 31A, 36, 41, 55, 109","arr":["1","7","9","10","13","18","22","23","29","31","31A","36","41","55","109"],"terminus":0,"mode":"bus","color":"#0059a9","colorDark":"#00294f","angle":180.4,"snapDist":7,"label":1}},{"type":"Feature","geometry":{"type":"Point","coordinates":[27.909454,43.205987]},"properties":{"name":"Централна Поща","lines":"1, 12, 18, 22, 41, 82, 83, 88, 122","arr":["1","12","18","22","41","82","83","88","122"],"terminus":0,"mode":"bus","color":"#0059a9","colorDark":"#00294f","angle":148.6,"snapDist":9,"label":1}},{"type":"Feature","geometry":{"type":"Point","coordinates":[27.906992,43.21169]},"properties":{"name":"Тракия","lines":"1, 10, 18, 22, 41, 122, 148, 409","arr":["1","10","18","22","41","122","148","409"],"terminus":0,"mode":"bus","color":"#0059a9","colorDark":"#00294f","angle":34.9,"snapDist":7,"label":0}},{"type":"Feature","geometry":{"type":"Point","coordinates":[27.901289,43.213543]},"properties":{"name":"Патриарх Евтимий","lines":"1, 18, 22, 41, 148, 409","arr":["1","18","22","41","148","409"],"terminus":0,"mode":"bus","color":"#0059a9","colorDark":"#00294f","angle":30.3,"snapDist":3,"label":0}},{"type":"Feature","geometry":{"type":"Point","coordinates":[27.896998,43.215418]},"properties":{"name":"Автогара","lines":"1, 18, 22, 41, 122, 148, 409","arr":["1","18","22","41","122","148","409"],"terminus":0,"mode":"bus","color":"#0059a9","colorDark":"#00294f","angle":31.2,"snapDist":8,"label":0}},{"type":"Feature","geometry":{"type":"Point","coordinates":[27.89336,43.217076]},"properties":{"name":"Родина","lines":"1, 22, 41, 148","arr":["1","22","41","148"],"terminus":0,"mode":"bus","color":"#0059a9","colorDark":"#00294f","angle":31.6,"snapDist":3,"label":0}},{"type":"Feature","geometry":{"type":"Point","coordinates":[27.887425,43.219723]},"properties":{"name":"Иван Рилски","lines":"1, 18, 22, 41, 409","arr":["1","18","22","41","409"],"terminus":0,"mode":"bus","color":"#0059a9","colorDark":"#00294f","angle":27.7,"snapDist":1,"label":0}},{"type":"Feature","geometry":{"type":"Point","coordinates":[27.884177,43.220368]},"properties":{"name":"Борсата","lines":"1, 18, 22, 41, 409","arr":["1","18","22","41","409"],"terminus":0,"mode":"bus","color":"#0059a9","colorDark":"#00294f","angle":12.4,"snapDist":5,"label":0}},{"type":"Feature","geometry":{"type":"Point","coordinates":[27.880558,43.22095]},"properties":{"name":"Вамо","lines":"1, 18, 22, 41, 409","arr":["1","18","22","41","409"],"terminus":0,"mode":"bus","color":"#0059a9","colorDark":"#00294f","angle":12.5,"snapDist":5,"label":0}},{"type":"Feature","geometry":{"type":"Point","coordinates":[27.876265,43.221641]},"properties":{"name":"Радиозавод","lines":"1, 18, 22, 41, 409","arr":["1","18","22","41","409"],"terminus":0,"mode":"bus","color":"#0059a9","colorDark":"#00294f","angle":12.4,"snapDist":6,"label":0}},{"type":"Feature","geometry":{"type":"Point","coordinates":[27.872226,43.222002]},"properties":{"name":"Елпром-3","lines":"1, 7","arr":["1","7"],"terminus":1,"mode":"bus","color":"#0059a9","colorDark":"#00294f","angle":12.8,"snapDist":6,"label":1}},{"type":"Feature","geometry":{"type":"Point","coordinates":[27.869141,43.22181]},"properties":{"name":"Електротерм","lines":"1, 7","arr":["1","7"],"terminus":0,"mode":"bus","color":"#0059a9","colorDark":"#00294f","angle":281,"snapDist":12,"label":0}},{"type":"Feature","geometry":{"type":"Point","coordinates":[27.867003,43.21933]},"properties":{"name":"Метал","lines":"1, 7","arr":["1","7"],"terminus":0,"mode":"bus","color":"#0059a9","colorDark":"#00294f","angle":325.8,"snapDist":13,"label":1}},{"type":"Feature","geometry":{"type":"Point","coordinates":[27.864831,43.218929]},"properties":{"name":"Янко Костов","lines":"1, 7","arr":["1","7"],"terminus":0,"mode":"bus","color":"#0059a9","colorDark":"#00294f","angle":355.5,"snapDist":11,"label":0}},{"type":"Feature","geometry":{"type":"Point","coordinates":[27.856008,43.216226]},"properties":{"name":"ЗПЗ / Пристигащи","lines":"1, 7","arr":["1","7"],"terminus":1,"mode":"bus","color":"#0059a9","colorDark":"#00294f","angle":350.8,"snapDist":4,"label":1}},{"type":"Feature","geometry":{"type":"Point","coordinates":[27.858156,43.223164]},"properties":{"name":"Картонажна Фабрика","lines":"1, 7","arr":["1","7"],"terminus":0,"mode":"bus","color":"#0059a9","colorDark":"#00294f","angle":101.3,"snapDist":8,"label":0}},{"type":"Feature","geometry":{"type":"Point","coordinates":[27.856794,43.227238]},"properties":{"name":"Бизнес Парк / Пристигащи","lines":"1, 7, 118","arr":["1","7","118"],"terminus":1,"mode":"bus","color":"#0059a9","colorDark":"#00294f","angle":19.9,"snapDist":9,"label":1}},{"type":"Feature","geometry":{"type":"Point","coordinates":[27.864012,43.224298]},"properties":{"name":"Винзавод за Център","lines":"7, 18","arr":["7","18"],"terminus":0,"mode":"bus","color":"#0059a9","colorDark":"#00294f","angle":201.5,"snapDist":9,"label":1}},{"type":"Feature","geometry":{"type":"Point","coordinates":[27.874545,43.222927]},"properties":{"name":"НПК Черно море / до 2-ТЕ кули","lines":"7","arr":["7"],"terminus":0,"mode":"bus","color":"#0059a9","colorDark":"#00294f","angle":94.7,"snapDist":9,"label":1}},{"type":"Feature","geometry":{"type":"Point","coordinates":[27.875205,43.225114]},"properties":{"name":"Детско Градче","lines":"7, 41","arr":["7","41"],"terminus":0,"mode":"bus","color":"#0059a9","colorDark":"#00294f","angle":116,"snapDist":11,"label":1}},{"type":"Feature","geometry":{"type":"Point","coordinates":[27.87938,43.226267]},"properties":{"name":"Банката","lines":"7","arr":["7"],"terminus":0,"mode":"bus","color":"#0059a9","colorDark":"#00294f","angle":203.1,"snapDist":17,"label":1}},{"type":"Feature","geometry":{"type":"Point","coordinates":[27.882892,43.225103]},"properties":{"name":"Драгаш","lines":"7","arr":["7"],"terminus":0,"mode":"bus","color":"#0059a9","colorDark":"#00294f","angle":203.8,"snapDist":13,"label":1}},{"type":"Feature","geometry":{"type":"Point","coordinates":[27.886397,43.224502]},"properties":{"name":"Апостол Славов","lines":"7","arr":["7"],"terminus":0,"mode":"bus","color":"#0059a9","colorDark":"#00294f","angle":133.7,"snapDist":12,"label":1}},{"type":"Feature","geometry":{"type":"Point","coordinates":[27.889705,43.226111]},"properties":{"name":"ДОМ Младост","lines":"7, 14, 82, 83, 88, 118, 148","arr":["7","14","82","83","88","118","148"],"terminus":0,"mode":"bus","color":"#0059a9","colorDark":"#00294f","angle":218.8,"snapDist":6,"label":1}},{"type":"Feature","geometry":{"type":"Point","coordinates":[27.894361,43.223092]},"properties":{"name":"Тих Труд","lines":"7, 14, 82, 83, 88, 118","arr":["7","14","82","83","88","118"],"terminus":0,"mode":"bus","color":"#0059a9","colorDark":"#00294f","angle":215.6,"snapDist":10,"label":1}},{"type":"Feature","geometry":{"type":"Point","coordinates":[27.899208,43.220707]},"properties":{"name":"Техникумите / Сахаров","lines":"7","arr":["7"],"terminus":0,"mode":"bus","color":"#0059a9","colorDark":"#00294f","angle":124.9,"snapDist":9,"label":1}},{"type":"Feature","geometry":{"type":"Point","coordinates":[27.901939,43.222569]},"properties":{"name":"Победа Сахаров","lines":"7","arr":["7"],"terminus":0,"mode":"bus","color":"#0059a9","colorDark":"#00294f","angle":148.1,"snapDist":8,"label":1}},{"type":"Feature","geometry":{"type":"Point","coordinates":[27.907037,43.21959]},"properties":{"name":"Струга","lines":"7, 20, 209, 209 Б","arr":["7","20","209","209 Б"],"terminus":0,"mode":"bus","color":"#0059a9","colorDark":"#00294f","angle":219.5,"snapDist":19,"label":1}},{"type":"Feature","geometry":{"type":"Point","coordinates":[27.912693,43.219971]},"properties":{"name":"Спартак","lines":"7, 209","arr":["7","209"],"terminus":0,"mode":"bus","color":"#0059a9","colorDark":"#00294f","angle":151.8,"snapDist":17,"label":1}},{"type":"Feature","geometry":{"type":"Point","coordinates":[27.917318,43.220557]},"properties":{"name":"ХЕИ","lines":"7, 209, 209 Б","arr":["7","209","209 Б"],"terminus":0,"mode":"bus","color":"#0059a9","colorDark":"#00294f","angle":191.3,"snapDist":8,"label":1}},{"type":"Feature","geometry":{"type":"Point","coordinates":[27.924457,43.220521]},"properties":{"name":"Дубровник за КК","lines":"7, 209, 209 Б","arr":["7","209","209 Б"],"terminus":0,"mode":"bus","color":"#0059a9","colorDark":"#00294f","angle":169.8,"snapDist":10,"label":1}},{"type":"Feature","geometry":{"type":"Point","coordinates":[27.930912,43.219913]},"properties":{"name":"Базар Левски","lines":"7, 209 Б","arr":["7","209 Б"],"terminus":0,"mode":"bus","color":"#0059a9","colorDark":"#00294f","angle":200.3,"snapDist":10,"label":1}},{"type":"Feature","geometry":{"type":"Point","coordinates":[27.933616,43.218369]},"properties":{"name":"Явор","lines":"7, 29, 31, 31A, 118, 148","arr":["7","29","31","31A","118","148"],"terminus":0,"mode":"bus","color":"#0059a9","colorDark":"#00294f","angle":318.7,"snapDist":11,"label":1}},{"type":"Feature","geometry":{"type":"Point","coordinates":[27.928114,43.215376]},"properties":{"name":"Паметника","lines":"7, 29, 31, 31A, 118, 148","arr":["7","29","31","31A","118","148"],"terminus":0,"mode":"bus","color":"#0059a9","colorDark":"#00294f","angle":323.7,"snapDist":6,"label":1}},{"type":"Feature","geometry":{"type":"Point","coordinates":[27.923902,43.2123]},"properties":{"name":"Чаталджа","lines":"7, 29, 31, 31A, 118, 148","arr":["7","29","31","31A","118","148"],"terminus":0,"mode":"bus","color":"#0059a9","colorDark":"#00294f","angle":313.8,"snapDist":8,"label":1}},{"type":"Feature","geometry":{"type":"Point","coordinates":[27.92019,43.209481]},"properties":{"name":"Площад Съединение","lines":"7, 12, 29, 31, 31A, 148","arr":["7","12","29","31","31A","148"],"terminus":0,"mode":"bus","color":"#0059a9","colorDark":"#00294f","angle":313.7,"snapDist":8,"label":1}},{"type":"Feature","geometry":{"type":"Point","coordinates":[27.916576,43.20705]},"properties":{"name":"Музея","lines":"7, 9, 12, 14, 29, 31, 31A, 109, 148, 409","arr":["7","9","12","14","29","31","31A","109","148","409"],"terminus":0,"mode":"bus","color":"#0059a9","colorDark":"#00294f","angle":333,"snapDist":10,"label":1}},{"type":"Feature","geometry":{"type":"Point","coordinates":[27.908192,43.203619]},"properties":{"name":"Димчо Дебелянов","lines":"7, 10, 13, 17, 18, 22, 29, 31, 31A, 36, 37, 41, 46 Б, 55, 82, 83","arr":["7","10","13","17","18","22","29","31","31A","36","37","41","46 Б","55","82","83"],"terminus":0,"mode":"bus","color":"#0059a9","colorDark":"#00294f","angle":290.1,"snapDist":4,"label":1}},{"type":"Feature","geometry":{"type":"Point","coordinates":[27.905699,43.204212]},"properties":{"name":"Полиграфия","lines":"7, 12, 18, 29, 31, 31A, 88","arr":["7","12","18","29","31","31A","88"],"terminus":0,"mode":"bus","color":"#0059a9","colorDark":"#00294f","angle":161.9,"snapDist":11,"label":1}},{"type":"Feature","geometry":{"type":"Point","coordinates":[27.909924,43.204698]},"properties":{"name":"Козирката","lines":"7, 9, 14, 29, 31, 31A, 109","arr":["7","9","14","29","31","31A","109"],"terminus":0,"mode":"bus","color":"#0059a9","colorDark":"#00294f","angle":172.5,"snapDist":10,"label":1}},{"type":"Feature","geometry":{"type":"Point","coordinates":[27.918395,43.207957]},"properties":{"name":"Музея","lines":"7, 29, 31, 31A, 148","arr":["7","29","31","31A","148"],"terminus":0,"mode":"bus","color":"#0059a9","colorDark":"#00294f","angle":134.3,"snapDist":11,"label":0}},{"type":"Feature","geometry":{"type":"Point","coordinates":[27.921475,43.210298]},"properties":{"name":"Площад Съединение","lines":"7, 29, 31, 31A, 118, 148","arr":["7","29","31","31A","118","148"],"terminus":0,"mode":"bus","color":"#0059a9","colorDark":"#00294f","angle":133,"snapDist":13,"label":0}},{"type":"Feature","geometry":{"type":"Point","coordinates":[27.924705,43.212802]},"properties":{"name":"Чаталджа","lines":"7, 29, 31, 31A, 118, 148","arr":["7","29","31","31A","118","148"],"terminus":0,"mode":"bus","color":"#0059a9","colorDark":"#00294f","angle":127.1,"snapDist":8,"label":0}},{"type":"Feature","geometry":{"type":"Point","coordinates":[27.929408,43.215916]},"properties":{"name":"Паметника","lines":"7, 29, 31, 31A, 118, 148","arr":["7","29","31","31A","118","148"],"terminus":0,"mode":"bus","color":"#0059a9","colorDark":"#00294f","angle":145.4,"snapDist":9,"label":0}},{"type":"Feature","geometry":{"type":"Point","coordinates":[27.933976,43.218393]},"properties":{"name":"Явор","lines":"7, 29, 31, 31A, 118, 148","arr":["7","29","31","31A","118","148"],"terminus":0,"mode":"bus","color":"#0059a9","colorDark":"#00294f","angle":143.9,"snapDist":10,"label":0}},{"type":"Feature","geometry":{"type":"Point","coordinates":[27.930838,43.220054]},"properties":{"name":"Базар Левски","lines":"7, 209 Б","arr":["7","209 Б"],"terminus":0,"mode":"bus","color":"#0059a9","colorDark":"#00294f","angle":19.3,"snapDist":8,"label":0}},{"type":"Feature","geometry":{"type":"Point","coordinates":[27.924549,43.220663]},"properties":{"name":"Дубровник","lines":"7, 209, 209 Б","arr":["7","209","209 Б"],"terminus":0,"mode":"bus","color":"#0059a9","colorDark":"#00294f","angle":347.8,"snapDist":11,"label":1}},{"type":"Feature","geometry":{"type":"Point","coordinates":[27.917273,43.220728]},"properties":{"name":"ХЕИ","lines":"7, 209, 209 Б","arr":["7","209","209 Б"],"terminus":0,"mode":"bus","color":"#0059a9","colorDark":"#00294f","angle":7,"snapDist":11,"label":0}},{"type":"Feature","geometry":{"type":"Point","coordinates":[27.912272,43.2201]},"properties":{"name":"Спартак","lines":"7, 10, 209","arr":["7","10","209"],"terminus":0,"mode":"bus","color":"#0059a9","colorDark":"#00294f","angle":332.6,"snapDist":5,"label":0}},{"type":"Feature","geometry":{"type":"Point","coordinates":[27.906292,43.220252]},"properties":{"name":"Струга","lines":"7, 20, 209, 209 Б","arr":["7","20","209","209 Б"],"terminus":0,"mode":"bus","color":"#0059a9","colorDark":"#00294f","angle":56.3,"snapDist":4,"label":0}},{"type":"Feature","geometry":{"type":"Point","coordinates":[27.902382,43.22275]},"properties":{"name":"Победа / Сахаров","lines":"7","arr":["7"],"terminus":0,"mode":"bus","color":"#0059a9","colorDark":"#00294f","angle":331.7,"snapDist":9,"label":1}},{"type":"Feature","geometry":{"type":"Point","coordinates":[27.89901,43.220484]},"properties":{"name":"Техникумите / Сахаров","lines":"7","arr":["7"],"terminus":0,"mode":"bus","color":"#0059a9","colorDark":"#00294f","angle":298.3,"snapDist":4,"label":0}},{"type":"Feature","geometry":{"type":"Point","coordinates":[27.8944,43.223173]},"properties":{"name":"Тих Труд","lines":"7, 14, 82, 83, 88, 118","arr":["7","14","82","83","88","118"],"terminus":0,"mode":"bus","color":"#0059a9","colorDark":"#00294f","angle":37.8,"snapDist":8,"label":0}},{"type":"Feature","geometry":{"type":"Point","coordinates":[27.887842,43.226085]},"properties":{"name":"МОЛ Пфое","lines":"7","arr":["7"],"terminus":0,"mode":"bus","color":"#0059a9","colorDark":"#00294f","angle":345.8,"snapDist":7,"label":1}},{"type":"Feature","geometry":{"type":"Point","coordinates":[27.886268,43.224403]},"properties":{"name":"Апостол Славов","lines":"7","arr":["7"],"terminus":0,"mode":"bus","color":"#0059a9","colorDark":"#00294f","angle":313.7,"snapDist":8,"label":0}},{"type":"Feature","geometry":{"type":"Point","coordinates":[27.88284,43.22512]},"properties":{"name":"Драгаш","lines":"7","arr":["7"],"terminus":0,"mode":"bus","color":"#0059a9","colorDark":"#00294f","angle":23.8,"snapDist":6,"label":0}},{"type":"Feature","geometry":{"type":"Point","coordinates":[27.879035,43.226373]},"properties":{"name":"Банката","lines":"7","arr":["7"],"terminus":0,"mode":"bus","color":"#0059a9","colorDark":"#00294f","angle":22,"snapDist":3,"label":0}},{"type":"Feature","geometry":{"type":"Point","coordinates":[27.87504,43.225102]},"properties":{"name":"Детско Градче","lines":"7, 41","arr":["7","41"],"terminus":0,"mode":"bus","color":"#0059a9","colorDark":"#00294f","angle":291.8,"snapDist":11,"label":0}},{"type":"Feature","geometry":{"type":"Point","coordinates":[27.874422,43.222748]},"properties":{"name":"НПК Черно море / до Практикер","lines":"7","arr":["7"],"terminus":0,"mode":"bus","color":"#0059a9","colorDark":"#00294f","angle":265.2,"snapDist":11,"label":1}},{"type":"Feature","geometry":{"type":"Point","coordinates":[27.872466,43.221962]},"properties":{"name":"Елпром - 4 / Пристигащи","lines":"7","arr":["7"],"terminus":1,"mode":"bus","color":"#0059a9","colorDark":"#00294f","angle":-167.2,"snapDist":9,"label":1}},{"type":"Feature","geometry":{"type":"Point","coordinates":[27.860138,43.219036]},"properties":{"name":"Кораба","lines":"7","arr":["7"],"terminus":0,"mode":"bus","color":"#0059a9","colorDark":"#00294f","angle":355.5,"snapDist":8,"label":1}},{"type":"Feature","geometry":{"type":"Point","coordinates":[27.93876,43.219698]},"properties":{"name":"Спортист","lines":"7, 30, 31A, 118, 148, 209, 209 Б","arr":["7","30","31A","118","148","209","209 Б"],"terminus":0,"mode":"bus","color":"#0059a9","colorDark":"#00294f","angle":185.5,"snapDist":9,"label":1}},{"type":"Feature","geometry":{"type":"Point","coordinates":[27.942887,43.219129]},"properties":{"name":"Стадион Варна","lines":"7, 30, 31A, 118, 148, 209","arr":["7","30","31A","118","148","209"],"terminus":0,"mode":"bus","color":"#0059a9","colorDark":"#00294f","angle":190.4,"snapDist":12,"label":1}},{"type":"Feature","geometry":{"type":"Point","coordinates":[27.948403,43.216615]},"properties":{"name":"Средношколска","lines":"7, 30, 31A, 118, 148, 209, 209 Б","arr":["7","30","31A","118","148","209","209 Б"],"terminus":0,"mode":"bus","color":"#0059a9","colorDark":"#00294f","angle":223.8,"snapDist":9,"label":1}},{"type":"Feature","geometry":{"type":"Point","coordinates":[27.948643,43.216893]},"properties":{"name":"Средношколска","lines":"7, 30, 31A, 118, 148, 209, 209 Б","arr":["7","30","31A","118","148","209","209 Б"],"terminus":0,"mode":"bus","color":"#0059a9","colorDark":"#00294f","angle":40.1,"snapDist":10,"label":0}},{"type":"Feature","geometry":{"type":"Point","coordinates":[27.942881,43.219288]},"properties":{"name":"Стадион Варна","lines":"7, 30, 31A, 118, 148, 209","arr":["7","30","31A","118","148","209"],"terminus":0,"mode":"bus","color":"#0059a9","colorDark":"#00294f","angle":10.7,"snapDist":8,"label":0}},{"type":"Feature","geometry":{"type":"Point","coordinates":[27.940011,43.219665]},"properties":{"name":"Спортист","lines":"7, 30, 31A, 118, 148, 209, 209 Б","arr":["7","30","31A","118","148","209","209 Б"],"terminus":0,"mode":"bus","color":"#0059a9","colorDark":"#00294f","angle":10.5,"snapDist":8,"label":0}},{"type":"Feature","geometry":{"type":"Point","coordinates":[27.887807,43.226951]},"properties":{"name":"ДОМ Младост","lines":"7, 14, 82, 118","arr":["7","14","82","118"],"terminus":0,"mode":"bus","color":"#0059a9","colorDark":"#00294f","angle":9,"snapDist":7,"label":0}},{"type":"Feature","geometry":{"type":"Point","coordinates":[27.884227,43.227243]},"properties":{"name":"Георги Петлешев","lines":"7, 14, 82, 118","arr":["7","14","82","118"],"terminus":0,"mode":"bus","color":"#0059a9","colorDark":"#00294f","angle":8.8,"snapDist":12,"label":1}},{"type":"Feature","geometry":{"type":"Point","coordinates":[27.879677,43.227742]},"properties":{"name":"Петя Дубарова","lines":"7, 14, 82, 118","arr":["7","14","82","118"],"terminus":0,"mode":"bus","color":"#0059a9","colorDark":"#00294f","angle":9,"snapDist":12,"label":1}},{"type":"Feature","geometry":{"type":"Point","coordinates":[27.877238,43.217004]},"properties":{"name":"Коопизкупуване","lines":"7, 39","arr":["7","39"],"terminus":0,"mode":"bus","color":"#0059a9","colorDark":"#00294f","angle":242.2,"snapDist":8,"label":1}},{"type":"Feature","geometry":{"type":"Point","coordinates":[27.878917,43.214623]},"properties":{"name":"Топливо","lines":"7, 39","arr":["7","39"],"terminus":0,"mode":"bus","color":"#0059a9","colorDark":"#00294f","angle":243.7,"snapDist":3,"label":1}},{"type":"Feature","geometry":{"type":"Point","coordinates":[27.880346,43.212537]},"properties":{"name":"СМК - 7 и 15","lines":"7","arr":["7"],"terminus":0,"mode":"bus","color":"#0059a9","colorDark":"#00294f","angle":61.9,"snapDist":8,"label":1}},{"type":"Feature","geometry":{"type":"Point","coordinates":[27.873941,43.211603]},"properties":{"name":"Топливо / Пристигащи","lines":"7","arr":["7"],"terminus":1,"mode":"bus","color":"#0059a9","colorDark":"#00294f","angle":65.5,"snapDist":10,"label":1}},{"type":"Feature","geometry":{"type":"Point","coordinates":[27.871716,43.222419]},"properties":{"name":"Елпром","lines":"7, 18, 22, 122, 409","arr":["7","18","22","122","409"],"terminus":0,"mode":"bus","color":"#0059a9","colorDark":"#00294f","angle":14.3,"snapDist":5,"label":0}},{"type":"Feature","geometry":{"type":"Point","coordinates":[27.863407,43.224471]},"properties":{"name":"Винзавод","lines":"7, 18","arr":["7","18"],"terminus":0,"mode":"bus","color":"#0059a9","colorDark":"#00294f","angle":21.5,"snapDist":9,"label":1}},{"type":"Feature","geometry":{"type":"Point","coordinates":[27.873941,43.211603]},"properties":{"name":"Топливо ВХ. 2","lines":"7","arr":["7"],"terminus":1,"mode":"bus","color":"#0059a9","colorDark":"#00294f","angle":-28.2,"snapDist":91,"label":1}},{"type":"Feature","geometry":{"type":"Point","coordinates":[27.880098,43.21288]},"properties":{"name":"СМК","lines":"7, 39","arr":["7","39"],"terminus":0,"mode":"bus","color":"#0059a9","colorDark":"#00294f","angle":61.8,"snapDist":9,"label":1}},{"type":"Feature","geometry":{"type":"Point","coordinates":[27.877377,43.216811]},"properties":{"name":"Коопизкупуване","lines":"7, 39","arr":["7","39"],"terminus":0,"mode":"bus","color":"#0059a9","colorDark":"#00294f","angle":62.2,"snapDist":9,"label":0}},{"type":"Feature","geometry":{"type":"Point","coordinates":[27.907312,43.2045]},"properties":{"name":"Македонски ДОМ","lines":"9, 10, 13, 36, 37, 39, 55, 109","arr":["9","10","13","36","37","39","55","109"],"terminus":0,"mode":"bus","color":"#0059a9","colorDark":"#00294f","angle":173.9,"snapDist":13,"label":1}},{"type":"Feature","geometry":{"type":"Point","coordinates":[27.917851,43.206983]},"properties":{"name":"Севастопол","lines":"9, 14, 109, 409","arr":["9","14","109","409"],"terminus":0,"mode":"bus","color":"#0059a9","colorDark":"#00294f","angle":224.4,"snapDist":18,"label":1}},{"type":"Feature","geometry":{"type":"Point","coordinates":[27.921879,43.20734]},"properties":{"name":"Академията Княз Борис","lines":"9, 14, 109, 409","arr":["9","14","109","409"],"terminus":0,"mode":"bus","color":"#0059a9","colorDark":"#00294f","angle":133.8,"snapDist":8,"label":1}},{"type":"Feature","geometry":{"type":"Point","coordinates":[27.929849,43.209475]},"properties":{"name":"Спортна Зала","lines":"9, 14, 17, 39, 109, 409","arr":["9","14","17","39","109","409"],"terminus":0,"mode":"bus","color":"#0059a9","colorDark":"#00294f","angle":164.4,"snapDist":6,"label":1}},{"type":"Feature","geometry":{"type":"Point","coordinates":[27.936154,43.211965]},"properties":{"name":"Акациите","lines":"9, 14, 17, 39, 109, 409","arr":["9","14","17","39","109","409"],"terminus":0,"mode":"bus","color":"#0059a9","colorDark":"#00294f","angle":143.3,"snapDist":9,"label":1}},{"type":"Feature","geometry":{"type":"Point","coordinates":[27.94112,43.21392]},"properties":{"name":"Делфинариума","lines":"9, 14, 17, 39, 109, 409","arr":["9","14","17","39","109","409"],"terminus":0,"mode":"bus","color":"#0059a9","colorDark":"#00294f","angle":166.2,"snapDist":10,"label":1}},{"type":"Feature","geometry":{"type":"Point","coordinates":[27.948471,43.214758]},"properties":{"name":"СВ. Никола","lines":"9, 14, 17, 39, 109, 409","arr":["9","14","17","39","109","409"],"terminus":0,"mode":"bus","color":"#0059a9","colorDark":"#00294f","angle":170.9,"snapDist":10,"label":1}},{"type":"Feature","geometry":{"type":"Point","coordinates":[27.956064,43.216093]},"properties":{"name":"Пикадили Парк","lines":"9, 31A, 109, 209 Б, 409","arr":["9","31A","109","209 Б","409"],"terminus":0,"mode":"bus","color":"#0059a9","colorDark":"#00294f","angle":157.5,"snapDist":16,"label":1}},{"type":"Feature","geometry":{"type":"Point","coordinates":[27.961766,43.217888]},"properties":{"name":"Студентска","lines":"9, 31A, 109, 409","arr":["9","31A","109","409"],"terminus":0,"mode":"bus","color":"#0059a9","colorDark":"#00294f","angle":156.6,"snapDist":7,"label":1}},{"type":"Feature","geometry":{"type":"Point","coordinates":[27.977676,43.222168]},"properties":{"name":"Траката","lines":"9, 31A, 109, 209 Б, 409","arr":["9","31A","109","209 Б","409"],"terminus":0,"mode":"bus","color":"#0059a9","colorDark":"#00294f","angle":130,"snapDist":15,"label":1}},{"type":"Feature","geometry":{"type":"Point","coordinates":[27.987532,43.223339]},"properties":{"name":"Стамболийски","lines":"9, 31A, 109, 409","arr":["9","31A","109","409"],"terminus":0,"mode":"bus","color":"#0059a9","colorDark":"#00294f","angle":181.5,"snapDist":7,"label":1}},{"type":"Feature","geometry":{"type":"Point","coordinates":[27.994325,43.223837]},"properties":{"name":"Евксиноград","lines":"9, 31A, 109, 209 Б, 409","arr":["9","31A","109","209 Б","409"],"terminus":0,"mode":"bus","color":"#0059a9","colorDark":"#00294f","angle":169.2,"snapDist":6,"label":1}},{"type":"Feature","geometry":{"type":"Point","coordinates":[28.001146,43.227897]},"properties":{"name":"Балкан","lines":"9, 31A, 109, 209 Б, 409","arr":["9","31A","109","209 Б","409"],"terminus":0,"mode":"bus","color":"#0059a9","colorDark":"#00294f","angle":101.9,"snapDist":9,"label":1}},{"type":"Feature","geometry":{"type":"Point","coordinates":[28.007341,43.233595]},"properties":{"name":"Ботаническа Градина","lines":"9, 109, 209 Б, 409","arr":["9","109","209 Б","409"],"terminus":0,"mode":"bus","color":"#0059a9","colorDark":"#00294f","angle":147.7,"snapDist":6,"label":1}},{"type":"Feature","geometry":{"type":"Point","coordinates":[28.012597,43.236792]},"properties":{"name":"Миньор","lines":"9, 109, 209 Б, 409","arr":["9","109","209 Б","409"],"terminus":0,"mode":"bus","color":"#0059a9","colorDark":"#00294f","angle":109.4,"snapDist":11,"label":1}},{"type":"Feature","geometry":{"type":"Point","coordinates":[28.014955,43.241153]},"properties":{"name":"Странджа","lines":"9, 109, 209 Б, 409","arr":["9","109","209 Б","409"],"terminus":0,"mode":"bus","color":"#0059a9","colorDark":"#00294f","angle":112.6,"snapDist":7,"label":1}},{"type":"Feature","geometry":{"type":"Point","coordinates":[28.015491,43.248312]},"properties":{"name":"Дървен Мост","lines":"9, 209 Б","arr":["9","209 Б"],"terminus":0,"mode":"bus","color":"#0059a9","colorDark":"#00294f","angle":79.4,"snapDist":11,"label":1}},{"type":"Feature","geometry":{"type":"Point","coordinates":[28.015414,43.253976]},"properties":{"name":"Изгрев","lines":"9, 209 Б","arr":["9","209 Б"],"terminus":0,"mode":"bus","color":"#0059a9","colorDark":"#00294f","angle":108.4,"snapDist":9,"label":1}},{"type":"Feature","geometry":{"type":"Point","coordinates":[28.018305,43.262585]},"properties":{"name":"Майстор Манол","lines":"9, 109, 209 Б, 409","arr":["9","109","209 Б","409"],"terminus":0,"mode":"bus","color":"#0059a9","colorDark":"#00294f","angle":100.4,"snapDist":9,"label":1}},{"type":"Feature","geometry":{"type":"Point","coordinates":[28.019548,43.266294]},"properties":{"name":"Чайка Златни Пясъци","lines":"9, 109, 409","arr":["9","109","409"],"terminus":0,"mode":"bus","color":"#0059a9","colorDark":"#00294f","angle":103.8,"snapDist":11,"label":1}},{"type":"Feature","geometry":{"type":"Point","coordinates":[28.037155,43.287339]},"properties":{"name":"Травел Златни Пясъци","lines":"9, 409","arr":["9","409"],"terminus":0,"mode":"bus","color":"#0059a9","colorDark":"#00294f","angle":274.1,"snapDist":9,"label":1}},{"type":"Feature","geometry":{"type":"Point","coordinates":[28.036998,43.283587]},"properties":{"name":"Мадара Златни Пясъци","lines":"9, 409","arr":["9","409"],"terminus":0,"mode":"bus","color":"#0059a9","colorDark":"#00294f","angle":266.6,"snapDist":13,"label":1}},{"type":"Feature","geometry":{"type":"Point","coordinates":[28.037221,43.279412]},"properties":{"name":"Аква Парк Златни Пясъци","lines":"9, 409","arr":["9","409"],"terminus":0,"mode":"bus","color":"#0059a9","colorDark":"#00294f","angle":269.1,"snapDist":11,"label":1}},{"type":"Feature","geometry":{"type":"Point","coordinates":[28.039957,43.27487]},"properties":{"name":"Република / Златни Пясъци","lines":"9, 409","arr":["9","409"],"terminus":1,"mode":"bus","color":"#0059a9","colorDark":"#00294f","angle":-46.7,"snapDist":10,"label":1}},{"type":"Feature","geometry":{"type":"Point","coordinates":[28.039336,43.274487]},"properties":{"name":"Република","lines":"9, 409","arr":["9","409"],"terminus":1,"mode":"bus","color":"#0059a9","colorDark":"#00294f","angle":302.1,"snapDist":11,"label":1}},{"type":"Feature","geometry":{"type":"Point","coordinates":[28.037361,43.280109]},"properties":{"name":"Аква Парк","lines":"9, 409","arr":["9","409"],"terminus":0,"mode":"bus","color":"#0059a9","colorDark":"#00294f","angle":100.6,"snapDist":6,"label":1}},{"type":"Feature","geometry":{"type":"Point","coordinates":[28.03733,43.285401]},"properties":{"name":"Мадара","lines":"9, 409","arr":["9","409"],"terminus":0,"mode":"bus","color":"#0059a9","colorDark":"#00294f","angle":90.4,"snapDist":8,"label":1}},{"type":"Feature","geometry":{"type":"Point","coordinates":[28.03717,43.287488]},"properties":{"name":"Травел Златни Пясъци","lines":"9, 409","arr":["9","409"],"terminus":0,"mode":"bus","color":"#0059a9","colorDark":"#00294f","angle":97.9,"snapDist":7,"label":0}},{"type":"Feature","geometry":{"type":"Point","coordinates":[28.019571,43.266764]},"properties":{"name":"Чайка Златни Пясъци","lines":"9, 109, 409","arr":["9","109","409"],"terminus":0,"mode":"bus","color":"#0059a9","colorDark":"#00294f","angle":285.2,"snapDist":11,"label":0}},{"type":"Feature","geometry":{"type":"Point","coordinates":[28.018682,43.264101]},"properties":{"name":"Майстор Манол","lines":"9, 109, 209 Б, 409","arr":["9","109","209 Б","409"],"terminus":0,"mode":"bus","color":"#0059a9","colorDark":"#00294f","angle":284,"snapDist":9,"label":0}},{"type":"Feature","geometry":{"type":"Point","coordinates":[28.015171,43.25375]},"properties":{"name":"Изгрев","lines":"9, 209 Б","arr":["9","209 Б"],"terminus":0,"mode":"bus","color":"#0059a9","colorDark":"#00294f","angle":284.9,"snapDist":8,"label":0}},{"type":"Feature","geometry":{"type":"Point","coordinates":[28.015486,43.247795]},"properties":{"name":"Дървен Мост","lines":"9, 209 Б","arr":["9","209 Б"],"terminus":0,"mode":"bus","color":"#0059a9","colorDark":"#00294f","angle":259.1,"snapDist":9,"label":0}},{"type":"Feature","geometry":{"type":"Point","coordinates":[28.014078,43.239832]},"properties":{"name":"Странджа","lines":"9, 109, 209 Б, 409","arr":["9","109","209 Б","409"],"terminus":0,"mode":"bus","color":"#0059a9","colorDark":"#00294f","angle":291.3,"snapDist":9,"label":0}},{"type":"Feature","geometry":{"type":"Point","coordinates":[28.010741,43.235464]},"properties":{"name":"Миньор","lines":"9, 109, 209 Б, 409","arr":["9","109","209 Б","409"],"terminus":0,"mode":"bus","color":"#0059a9","colorDark":"#00294f","angle":325.9,"snapDist":10,"label":0}},{"type":"Feature","geometry":{"type":"Point","coordinates":[28.006501,43.233296]},"properties":{"name":"Ботаническа Градина","lines":"9, 109, 209 Б, 409","arr":["9","109","209 Б","409"],"terminus":0,"mode":"bus","color":"#0059a9","colorDark":"#00294f","angle":326,"snapDist":5,"label":0}},{"type":"Feature","geometry":{"type":"Point","coordinates":[28.001035,43.22797]},"properties":{"name":"Балкан","lines":"9, 31A, 109, 209 Б, 409","arr":["9","31A","109","209 Б","409"],"terminus":0,"mode":"bus","color":"#0059a9","colorDark":"#00294f","angle":282.5,"snapDist":10,"label":0}},{"type":"Feature","geometry":{"type":"Point","coordinates":[27.994028,43.224129]},"properties":{"name":"Евксиноград","lines":"9, 31A, 109, 209 Б, 409","arr":["9","31A","109","209 Б","409"],"terminus":0,"mode":"bus","color":"#0059a9","colorDark":"#00294f","angle":349.8,"snapDist":7,"label":0}},{"type":"Feature","geometry":{"type":"Point","coordinates":[27.987239,43.22343]},"properties":{"name":"Стамболийски","lines":"9, 31A, 109, 409","arr":["9","31A","109","409"],"terminus":0,"mode":"bus","color":"#0059a9","colorDark":"#00294f","angle":0.4,"snapDist":10,"label":0}},{"type":"Feature","geometry":{"type":"Point","coordinates":[27.978582,43.22254]},"properties":{"name":"Траката","lines":"9, 31A, 109, 209 Б, 409","arr":["9","31A","109","209 Б","409"],"terminus":0,"mode":"bus","color":"#0059a9","colorDark":"#00294f","angle":358.5,"snapDist":7,"label":0}},{"type":"Feature","geometry":{"type":"Point","coordinates":[27.961321,43.217851]},"properties":{"name":"Студентска","lines":"9, 31A, 109, 409","arr":["9","31A","109","409"],"terminus":0,"mode":"bus","color":"#0059a9","colorDark":"#00294f","angle":336.4,"snapDist":8,"label":0}},{"type":"Feature","geometry":{"type":"Point","coordinates":[27.955808,43.216121]},"properties":{"name":"Пикадили Парк","lines":"9, 31A, 109, 209 Б, 409","arr":["9","31A","109","209 Б","409"],"terminus":0,"mode":"bus","color":"#0059a9","colorDark":"#00294f","angle":337.4,"snapDist":6,"label":0}},{"type":"Feature","geometry":{"type":"Point","coordinates":[27.947785,43.214847]},"properties":{"name":"СВ.Никола","lines":"9, 14, 17, 39, 109, 409","arr":["9","14","17","39","109","409"],"terminus":0,"mode":"bus","color":"#0059a9","colorDark":"#00294f","angle":353.2,"snapDist":4,"label":1}},{"type":"Feature","geometry":{"type":"Point","coordinates":[27.940952,43.214137]},"properties":{"name":"Делфинариума","lines":"9, 14, 17, 39, 109, 409","arr":["9","14","17","39","109","409"],"terminus":0,"mode":"bus","color":"#0059a9","colorDark":"#00294f","angle":345.6,"snapDist":7,"label":0}},{"type":"Feature","geometry":{"type":"Point","coordinates":[27.93657,43.212491]},"properties":{"name":"Акациите","lines":"9, 14, 17, 39, 109, 409","arr":["9","14","17","39","109","409"],"terminus":0,"mode":"bus","color":"#0059a9","colorDark":"#00294f","angle":322.8,"snapDist":5,"label":0}},{"type":"Feature","geometry":{"type":"Point","coordinates":[27.928001,43.209206]},"properties":{"name":"Спортна Зала","lines":"9, 14, 17, 39, 109, 409","arr":["9","14","17","39","109","409"],"terminus":0,"mode":"bus","color":"#0059a9","colorDark":"#00294f","angle":344.1,"snapDist":6,"label":0}},{"type":"Feature","geometry":{"type":"Point","coordinates":[27.922747,43.207997]},"properties":{"name":"Академията Княз Борис","lines":"9, 14, 109, 409","arr":["9","14","109","409"],"terminus":0,"mode":"bus","color":"#0059a9","colorDark":"#00294f","angle":314,"snapDist":5,"label":0}},{"type":"Feature","geometry":{"type":"Point","coordinates":[27.919872,43.205802]},"properties":{"name":"Севастопол","lines":"9, 14, 109, 409","arr":["9","14","109","409"],"terminus":0,"mode":"bus","color":"#0059a9","colorDark":"#00294f","angle":321.9,"snapDist":7,"label":0}},{"type":"Feature","geometry":{"type":"Point","coordinates":[27.909885,43.204798]},"properties":{"name":"Катедралата / Площад","lines":"9, 109","arr":["9","109"],"terminus":0,"mode":"bus","color":"#0059a9","colorDark":"#00294f","angle":350.4,"snapDist":3,"label":1}},{"type":"Feature","geometry":{"type":"Point","coordinates":[27.910314,43.206908]},"properties":{"name":"Централна Поща / АПТ. Санита","lines":"10, 13","arr":["10","13"],"terminus":0,"mode":"bus","color":"#0059a9","colorDark":"#00294f","angle":67.3,"snapDist":9,"label":1}},{"type":"Feature","geometry":{"type":"Point","coordinates":[27.909225,43.216579]},"properties":{"name":"Янко Михайлов","lines":"10, 23, 118","arr":["10","23","118"],"terminus":0,"mode":"bus","color":"#0059a9","colorDark":"#00294f","angle":131.9,"snapDist":5,"label":1}},{"type":"Feature","geometry":{"type":"Point","coordinates":[27.909434,43.222091]},"properties":{"name":"ВиК","lines":"10, 12, 23","arr":["10","12","23"],"terminus":0,"mode":"bus","color":"#0059a9","colorDark":"#00294f","angle":73.4,"snapDist":7,"label":1}},{"type":"Feature","geometry":{"type":"Point","coordinates":[27.909463,43.226331]},"properties":{"name":"Вятърна Мелница","lines":"10, 12","arr":["10","12"],"terminus":0,"mode":"bus","color":"#0059a9","colorDark":"#00294f","angle":171.3,"snapDist":9,"label":1}},{"type":"Feature","geometry":{"type":"Point","coordinates":[27.913063,43.226857]},"properties":{"name":"Роза","lines":"10","arr":["10"],"terminus":0,"mode":"bus","color":"#0059a9","colorDark":"#00294f","angle":171.9,"snapDist":4,"label":1}},{"type":"Feature","geometry":{"type":"Point","coordinates":[27.917027,43.225654]},"properties":{"name":"Хаджи Димитър / Пристигащи","lines":"10","arr":["10"],"terminus":1,"mode":"bus","color":"#0059a9","colorDark":"#00294f","angle":89.3,"snapDist":10,"label":1}},{"type":"Feature","geometry":{"type":"Point","coordinates":[27.892835,43.188299]},"properties":{"name":"Крз","lines":"10, 13, 122","arr":["10","13","122"],"terminus":1,"mode":"bus","color":"#0059a9","colorDark":"#00294f","angle":18.1,"snapDist":12,"label":1}},{"type":"Feature","geometry":{"type":"Point","coordinates":[27.889775,43.189213]},"properties":{"name":"Моряк","lines":"10, 13, 122","arr":["10","13","122"],"terminus":0,"mode":"bus","color":"#0059a9","colorDark":"#00294f","angle":23.2,"snapDist":9,"label":1}},{"type":"Feature","geometry":{"type":"Point","coordinates":[27.889063,43.190843]},"properties":{"name":"Пясъка","lines":"10, 13, 122","arr":["10","13","122"],"terminus":0,"mode":"bus","color":"#0059a9","colorDark":"#00294f","angle":-79.2,"snapDist":10,"label":1}},{"type":"Feature","geometry":{"type":"Point","coordinates":[27.890481,43.193048]},"properties":{"name":"Аспарухов Мост","lines":"10, 13, 122","arr":["10","13","122"],"terminus":0,"mode":"bus","color":"#0059a9","colorDark":"#00294f","angle":131.8,"snapDist":10,"label":1}},{"type":"Feature","geometry":{"type":"Point","coordinates":[27.894052,43.194746]},"properties":{"name":"Родопа","lines":"10, 13, 122","arr":["10","13","122"],"terminus":0,"mode":"bus","color":"#0059a9","colorDark":"#00294f","angle":152.7,"snapDist":3,"label":1}},{"type":"Feature","geometry":{"type":"Point","coordinates":[27.896654,43.200428]},"properties":{"name":"КЗ","lines":"10, 12, 13, 17, 36, 37, 46 Б, 55, 88, 122","arr":["10","12","13","17","36","37","46 Б","55","88","122"],"terminus":0,"mode":"bus","color":"#0059a9","colorDark":"#00294f","angle":98.5,"snapDist":6,"label":1}},{"type":"Feature","geometry":{"type":"Point","coordinates":[27.900494,43.203543]},"properties":{"name":"8-МИ Декември","lines":"10, 12, 13, 17, 36, 37, 46 Б, 55, 88, 122","arr":["10","12","13","17","36","37","46 Б","55","88","122"],"terminus":0,"mode":"bus","color":"#0059a9","colorDark":"#00294f","angle":167.1,"snapDist":10,"label":1}},{"type":"Feature","geometry":{"type":"Point","coordinates":[27.917029,43.225572]},"properties":{"name":"Хаджи Димитър","lines":"10","arr":["10"],"terminus":1,"mode":"bus","color":"#0059a9","colorDark":"#00294f","angle":268.8,"snapDist":10,"label":1}},{"type":"Feature","geometry":{"type":"Point","coordinates":[27.916768,43.221006]},"properties":{"name":"Зеленика","lines":"10","arr":["10"],"terminus":0,"mode":"bus","color":"#0059a9","colorDark":"#00294f","angle":298.1,"snapDist":8,"label":1}},{"type":"Feature","geometry":{"type":"Point","coordinates":[27.909287,43.216634]},"properties":{"name":"Янко Михайлов","lines":"10, 23, 118","arr":["10","23","118"],"terminus":0,"mode":"bus","color":"#0059a9","colorDark":"#00294f","angle":313.2,"snapDist":7,"label":0}},{"type":"Feature","geometry":{"type":"Point","coordinates":[27.90891,43.204691]},"properties":{"name":"Матроски Клуб","lines":"10, 13, 14, 122","arr":["10","13","14","122"],"terminus":0,"mode":"bus","color":"#0059a9","colorDark":"#00294f","angle":356.1,"snapDist":12,"label":1}},{"type":"Feature","geometry":{"type":"Point","coordinates":[27.900401,43.20365]},"properties":{"name":"8-МИ Декември","lines":"10, 12, 13, 17, 36, 37, 46 Б, 55, 88","arr":["10","12","13","17","36","37","46 Б","55","88"],"terminus":0,"mode":"bus","color":"#0059a9","colorDark":"#00294f","angle":343.3,"snapDist":6,"label":0}},{"type":"Feature","geometry":{"type":"Point","coordinates":[27.895902,43.200558]},"properties":{"name":"КЗ","lines":"10, 12, 13, 17, 36, 37, 46 Б, 55, 88, 122","arr":["10","12","13","17","36","37","46 Б","55","88","122"],"terminus":0,"mode":"bus","color":"#0059a9","colorDark":"#00294f","angle":271,"snapDist":11,"label":0}},{"type":"Feature","geometry":{"type":"Point","coordinates":[27.893692,43.194607]},"properties":{"name":"Родопа","lines":"10, 13, 122","arr":["10","13","122"],"terminus":0,"mode":"bus","color":"#0059a9","colorDark":"#00294f","angle":331.7,"snapDist":5,"label":0}},{"type":"Feature","geometry":{"type":"Point","coordinates":[27.890523,43.193083]},"properties":{"name":"Аспарухов Мост","lines":"10, 13, 122","arr":["10","13","122"],"terminus":0,"mode":"bus","color":"#0059a9","colorDark":"#00294f","angle":311.8,"snapDist":8,"label":0}},{"type":"Feature","geometry":{"type":"Point","coordinates":[27.889828,43.189197]},"properties":{"name":"Моряк","lines":"10, 13, 122","arr":["10","13","122"],"terminus":0,"mode":"bus","color":"#0059a9","colorDark":"#00294f","angle":203.2,"snapDist":6,"label":0}},{"type":"Feature","geometry":{"type":"Point","coordinates":[27.892903,43.188283]},"properties":{"name":"Крз","lines":"10, 13, 122","arr":["10","13","122"],"terminus":1,"mode":"bus","color":"#0059a9","colorDark":"#00294f","angle":198.1,"snapDist":4,"label":0}},{"type":"Feature","geometry":{"type":"Point","coordinates":[27.887515,43.174724]},"properties":{"name":"Зора","lines":"12, 46 Б, 55","arr":["12","46 Б","55"],"terminus":1,"mode":"bus","color":"#0059a9","colorDark":"#00294f","angle":130,"snapDist":16,"label":1}},{"type":"Feature","geometry":{"type":"Point","coordinates":[27.887561,43.177827]},"properties":{"name":"Чонгора","lines":"12","arr":["12"],"terminus":0,"mode":"bus","color":"#0059a9","colorDark":"#00294f","angle":121.9,"snapDist":6,"label":1}},{"type":"Feature","geometry":{"type":"Point","coordinates":[27.889498,43.179469]},"properties":{"name":"Христо Манолов","lines":"12","arr":["12"],"terminus":0,"mode":"bus","color":"#0059a9","colorDark":"#00294f","angle":189.4,"snapDist":9,"label":1}},{"type":"Feature","geometry":{"type":"Point","coordinates":[27.893073,43.1791]},"properties":{"name":"Христо Баев","lines":"12","arr":["12"],"terminus":0,"mode":"bus","color":"#0059a9","colorDark":"#00294f","angle":187.5,"snapDist":8,"label":1}},{"type":"Feature","geometry":{"type":"Point","coordinates":[27.89719,43.18061]},"properties":{"name":"Център Аспарухово","lines":"12, 17, 46 Б, 55, 88","arr":["12","17","46 Б","55","88"],"terminus":0,"mode":"bus","color":"#0059a9","colorDark":"#00294f","angle":59.3,"snapDist":7,"label":1}},{"type":"Feature","geometry":{"type":"Point","coordinates":[27.893942,43.183338]},"properties":{"name":"Народни будители","lines":"12, 17, 46 Б, 55, 88","arr":["12","17","46 Б","55","88"],"terminus":0,"mode":"bus","color":"#0059a9","colorDark":"#00294f","angle":45,"snapDist":7,"label":1}},{"type":"Feature","geometry":{"type":"Point","coordinates":[27.890653,43.183907]},"properties":{"name":"Любен Каравелов","lines":"12, 17, 46 Б, 55, 88","arr":["12","17","46 Б","55","88"],"terminus":0,"mode":"bus","color":"#0059a9","colorDark":"#00294f","angle":5.7,"snapDist":14,"label":1}},{"type":"Feature","geometry":{"type":"Point","coordinates":[27.887615,43.183729]},"properties":{"name":"Калин","lines":"12, 17, 46 Б, 55, 88","arr":["12","17","46 Б","55","88"],"terminus":0,"mode":"bus","color":"#0059a9","colorDark":"#00294f","angle":340.5,"snapDist":6,"label":1}},{"type":"Feature","geometry":{"type":"Point","coordinates":[27.884031,43.184222]},"properties":{"name":"Джанавара","lines":"12, 17, 46 Б, 55, 88","arr":["12","17","46 Б","55","88"],"terminus":0,"mode":"bus","color":"#0059a9","colorDark":"#00294f","angle":42.2,"snapDist":7,"label":1}},{"type":"Feature","geometry":{"type":"Point","coordinates":[27.91525,43.208328]},"properties":{"name":"Музея / Съборни","lines":"12","arr":["12"],"terminus":0,"mode":"bus","color":"#0059a9","colorDark":"#00294f","angle":194,"snapDist":7,"label":1}},{"type":"Feature","geometry":{"type":"Point","coordinates":[27.91618,43.21311]},"properties":{"name":"Окръжна Болница Цар Освободител","lines":"12, 20, 118","arr":["12","20","118"],"terminus":0,"mode":"bus","color":"#0059a9","colorDark":"#00294f","angle":43.9,"snapDist":9,"label":1}},{"type":"Feature","geometry":{"type":"Point","coordinates":[27.912293,43.215878]},"properties":{"name":"Проектантска","lines":"12, 20, 118","arr":["12","20","118"],"terminus":0,"mode":"bus","color":"#0059a9","colorDark":"#00294f","angle":44.7,"snapDist":7,"label":1}},{"type":"Feature","geometry":{"type":"Point","coordinates":[27.914815,43.227313]},"properties":{"name":"Подвис","lines":"12","arr":["12"],"terminus":0,"mode":"bus","color":"#0059a9","colorDark":"#00294f","angle":170.4,"snapDist":7,"label":1}},{"type":"Feature","geometry":{"type":"Point","coordinates":[27.925251,43.226747]},"properties":{"name":"Военна Болница / Смирненски","lines":"12","arr":["12"],"terminus":0,"mode":"bus","color":"#0059a9","colorDark":"#00294f","angle":192.6,"snapDist":8,"label":1}},{"type":"Feature","geometry":{"type":"Point","coordinates":[27.934335,43.225485]},"properties":{"name":"Медицински К-с","lines":"12, 209","arr":["12","209"],"terminus":0,"mode":"bus","color":"#0059a9","colorDark":"#00294f","angle":193.5,"snapDist":5,"label":1}},{"type":"Feature","geometry":{"type":"Point","coordinates":[27.938997,43.22473]},"properties":{"name":"Сотира","lines":"12, 209","arr":["12","209"],"terminus":0,"mode":"bus","color":"#0059a9","colorDark":"#00294f","angle":191.5,"snapDist":7,"label":1}},{"type":"Feature","geometry":{"type":"Point","coordinates":[27.941964,43.223908]},"properties":{"name":"Бриз / Пристигащи","lines":"12","arr":["12"],"terminus":1,"mode":"bus","color":"#0059a9","colorDark":"#00294f","angle":244.9,"snapDist":22,"label":1}},{"type":"Feature","geometry":{"type":"Point","coordinates":[27.941955,43.223921]},"properties":{"name":"Бриз","lines":"12","arr":["12"],"terminus":1,"mode":"bus","color":"#0059a9","colorDark":"#00294f","angle":45.9,"snapDist":10,"label":1}},{"type":"Feature","geometry":{"type":"Point","coordinates":[27.937737,43.224929]},"properties":{"name":"Сотира","lines":"12, 209","arr":["12","209"],"terminus":0,"mode":"bus","color":"#0059a9","colorDark":"#00294f","angle":13.2,"snapDist":8,"label":0}},{"type":"Feature","geometry":{"type":"Point","coordinates":[27.934986,43.225378]},"properties":{"name":"Медицински Комплекс","lines":"12, 209","arr":["12","209"],"terminus":0,"mode":"bus","color":"#0059a9","colorDark":"#00294f","angle":12.5,"snapDist":13,"label":1}},{"type":"Feature","geometry":{"type":"Point","coordinates":[27.925137,43.226766]},"properties":{"name":"Военна Болница Смирненски","lines":"12, 13","arr":["12","13"],"terminus":0,"mode":"bus","color":"#0059a9","colorDark":"#00294f","angle":12.6,"snapDist":8,"label":1}},{"type":"Feature","geometry":{"type":"Point","coordinates":[27.914612,43.227291]},"properties":{"name":"Подвис","lines":"12","arr":["12"],"terminus":0,"mode":"bus","color":"#0059a9","colorDark":"#00294f","angle":351.7,"snapDist":7,"label":0}},{"type":"Feature","geometry":{"type":"Point","coordinates":[27.90997,43.226426]},"properties":{"name":"Вятърна Мелница","lines":"12","arr":["12"],"terminus":0,"mode":"bus","color":"#0059a9","colorDark":"#00294f","angle":338.4,"snapDist":9,"label":0}},{"type":"Feature","geometry":{"type":"Point","coordinates":[27.909311,43.222388]},"properties":{"name":"ВиК","lines":"12, 23","arr":["12","23"],"terminus":0,"mode":"bus","color":"#0059a9","colorDark":"#00294f","angle":253.8,"snapDist":11,"label":0}},{"type":"Feature","geometry":{"type":"Point","coordinates":[27.912634,43.21549]},"properties":{"name":"Проектантска","lines":"12, 20, 118","arr":["12","20","118"],"terminus":0,"mode":"bus","color":"#0059a9","colorDark":"#00294f","angle":224.5,"snapDist":11,"label":0}},{"type":"Feature","geometry":{"type":"Point","coordinates":[27.915104,43.213706]},"properties":{"name":"Окръжна Болница / Цар Освободител","lines":"12, 20, 118","arr":["12","20","118"],"terminus":0,"mode":"bus","color":"#0059a9","colorDark":"#00294f","angle":223.9,"snapDist":9,"label":1}},{"type":"Feature","geometry":{"type":"Point","coordinates":[27.909774,43.206259]},"properties":{"name":"Централна Поща","lines":"12, 82, 83, 88","arr":["12","82","83","88"],"terminus":0,"mode":"bus","color":"#0059a9","colorDark":"#00294f","angle":328.8,"snapDist":5,"label":0}},{"type":"Feature","geometry":{"type":"Point","coordinates":[27.905984,43.204401]},"properties":{"name":"Полиграфия","lines":"12, 23, 39, 88","arr":["12","23","39","88"],"terminus":0,"mode":"bus","color":"#0059a9","colorDark":"#00294f","angle":345,"snapDist":5,"label":0}},{"type":"Feature","geometry":{"type":"Point","coordinates":[27.877245,43.186471]},"properties":{"name":"Под Моста","lines":"12, 17, 36, 37, 46 Б, 55, 88","arr":["12","17","36","37","46 Б","55","88"],"terminus":0,"mode":"bus","color":"#0059a9","colorDark":"#00294f","angle":307.3,"snapDist":4,"label":1}},{"type":"Feature","geometry":{"type":"Point","coordinates":[27.883578,43.184042]},"properties":{"name":"Джанавара","lines":"12, 17, 46 Б, 55, 88","arr":["12","17","46 Б","55","88"],"terminus":0,"mode":"bus","color":"#0059a9","colorDark":"#00294f","angle":212.5,"snapDist":15,"label":0}},{"type":"Feature","geometry":{"type":"Point","coordinates":[27.887165,43.183438]},"properties":{"name":"Калин","lines":"12, 17, 46 Б, 55, 88","arr":["12","17","46 Б","55","88"],"terminus":0,"mode":"bus","color":"#0059a9","colorDark":"#00294f","angle":156.4,"snapDist":7,"label":0}},{"type":"Feature","geometry":{"type":"Point","coordinates":[27.890902,43.183788]},"properties":{"name":"Любен Каравелов","lines":"12, 17, 46 Б, 55, 88","arr":["12","17","46 Б","55","88"],"terminus":0,"mode":"bus","color":"#0059a9","colorDark":"#00294f","angle":187.1,"snapDist":8,"label":0}},{"type":"Feature","geometry":{"type":"Point","coordinates":[27.893973,43.183225]},"properties":{"name":"Народни будители","lines":"12, 17, 46 Б, 55, 88","arr":["12","17","46 Б","55","88"],"terminus":0,"mode":"bus","color":"#0059a9","colorDark":"#00294f","angle":224.4,"snapDist":1,"label":0}},{"type":"Feature","geometry":{"type":"Point","coordinates":[27.89666,43.181042]},"properties":{"name":"Център Аспарухово","lines":"12, 17, 46 Б, 55","arr":["12","17","46 Б","55"],"terminus":0,"mode":"bus","color":"#0059a9","colorDark":"#00294f","angle":234.3,"snapDist":8,"label":0}},{"type":"Feature","geometry":{"type":"Point","coordinates":[27.893578,43.179086]},"properties":{"name":"Христо Баев","lines":"12","arr":["12"],"terminus":0,"mode":"bus","color":"#0059a9","colorDark":"#00294f","angle":0.9,"snapDist":10,"label":0}},{"type":"Feature","geometry":{"type":"Point","coordinates":[27.888592,43.179345]},"properties":{"name":"Христо Манолов","lines":"12","arr":["12"],"terminus":0,"mode":"bus","color":"#0059a9","colorDark":"#00294f","angle":292.6,"snapDist":7,"label":0}},{"type":"Feature","geometry":{"type":"Point","coordinates":[27.887949,43.177689]},"properties":{"name":"Чонгора","lines":"12","arr":["12"],"terminus":0,"mode":"bus","color":"#0059a9","colorDark":"#00294f","angle":258.7,"snapDist":5,"label":0}},{"type":"Feature","geometry":{"type":"Point","coordinates":[27.887402,43.174621]},"properties":{"name":"Зора Пристигащи","lines":"12, 17, 46 Б, 55","arr":["12","17","46 Б","55"],"terminus":1,"mode":"bus","color":"#0059a9","colorDark":"#00294f","angle":292,"snapDist":3,"label":1}},{"type":"Feature","geometry":{"type":"Point","coordinates":[27.921223,43.226658]},"properties":{"name":"БЛ. 22","lines":"13","arr":["13"],"terminus":1,"mode":"bus","color":"#0059a9","colorDark":"#00294f","angle":283.8,"snapDist":8,"label":1}},{"type":"Feature","geometry":{"type":"Point","coordinates":[27.920626,43.22405]},"properties":{"name":"НОВ Корпус ИУ","lines":"13","arr":["13"],"terminus":0,"mode":"bus","color":"#0059a9","colorDark":"#00294f","angle":269.5,"snapDist":6,"label":1}},{"type":"Feature","geometry":{"type":"Point","coordinates":[27.924831,43.223531]},"properties":{"name":"Железни врата","lines":"13","arr":["13"],"terminus":0,"mode":"bus","color":"#0059a9","colorDark":"#00294f","angle":180.4,"snapDist":8,"label":1}},{"type":"Feature","geometry":{"type":"Point","coordinates":[27.927042,43.224481]},"properties":{"name":"Черноризец Храбър","lines":"13, 209","arr":["13","209"],"terminus":0,"mode":"bus","color":"#0059a9","colorDark":"#00294f","angle":186.9,"snapDist":8,"label":1}},{"type":"Feature","geometry":{"type":"Point","coordinates":[27.929635,43.223841]},"properties":{"name":"Мир","lines":"13, 209","arr":["13","209"],"terminus":0,"mode":"bus","color":"#0059a9","colorDark":"#00294f","angle":290.7,"snapDist":9,"label":1}},{"type":"Feature","geometry":{"type":"Point","coordinates":[27.924545,43.217548]},"properties":{"name":"Електрон","lines":"13","arr":["13"],"terminus":0,"mode":"bus","color":"#0059a9","colorDark":"#00294f","angle":314.4,"snapDist":5,"label":1}},{"type":"Feature","geometry":{"type":"Point","coordinates":[27.920287,43.214355]},"properties":{"name":"Окръжна Болница / Ген. Колев","lines":"13","arr":["13"],"terminus":0,"mode":"bus","color":"#0059a9","colorDark":"#00294f","angle":313.6,"snapDist":4,"label":1}},{"type":"Feature","geometry":{"type":"Point","coordinates":[27.914541,43.209987]},"properties":{"name":"Раковски","lines":"13","arr":["13"],"terminus":0,"mode":"bus","color":"#0059a9","colorDark":"#00294f","angle":313.6,"snapDist":10,"label":1}},{"type":"Feature","geometry":{"type":"Point","coordinates":[27.912649,43.209323]},"properties":{"name":"Нептун","lines":"13, 82, 83, 88","arr":["13","82","83","88"],"terminus":0,"mode":"bus","color":"#0059a9","colorDark":"#00294f","angle":69.9,"snapDist":9,"label":1}},{"type":"Feature","geometry":{"type":"Point","coordinates":[27.913252,43.212783]},"properties":{"name":"Пирин","lines":"13","arr":["13"],"terminus":0,"mode":"bus","color":"#0059a9","colorDark":"#00294f","angle":133.3,"snapDist":5,"label":1}},{"type":"Feature","geometry":{"type":"Point","coordinates":[27.915703,43.214643]},"properties":{"name":"Битоля","lines":"13","arr":["13"],"terminus":0,"mode":"bus","color":"#0059a9","colorDark":"#00294f","angle":133.8,"snapDist":5,"label":1}},{"type":"Feature","geometry":{"type":"Point","coordinates":[27.918998,43.216219]},"properties":{"name":"Пикадили / Чаталджа","lines":"13","arr":["13"],"terminus":0,"mode":"bus","color":"#0059a9","colorDark":"#00294f","angle":225.7,"snapDist":8,"label":1}},{"type":"Feature","geometry":{"type":"Point","coordinates":[27.924026,43.217145]},"properties":{"name":"Електрон","lines":"13","arr":["13"],"terminus":0,"mode":"bus","color":"#0059a9","colorDark":"#00294f","angle":134,"snapDist":7,"label":0}},{"type":"Feature","geometry":{"type":"Point","coordinates":[27.929294,43.223184]},"properties":{"name":"Мир","lines":"13, 209","arr":["13","209"],"terminus":0,"mode":"bus","color":"#0059a9","colorDark":"#00294f","angle":110.7,"snapDist":7,"label":0}},{"type":"Feature","geometry":{"type":"Point","coordinates":[27.926154,43.224547]},"properties":{"name":"Черноризец Храбър","lines":"13, 209","arr":["13","209"],"terminus":0,"mode":"bus","color":"#0059a9","colorDark":"#00294f","angle":4.4,"snapDist":6,"label":0}},{"type":"Feature","geometry":{"type":"Point","coordinates":[27.92475,43.223531]},"properties":{"name":"Железни врата","lines":"13","arr":["13"],"terminus":0,"mode":"bus","color":"#0059a9","colorDark":"#00294f","angle":0,"snapDist":4,"label":0}},{"type":"Feature","geometry":{"type":"Point","coordinates":[27.920625,43.224149]},"properties":{"name":"НОВ Корпус ИУ","lines":"13","arr":["13"],"terminus":0,"mode":"bus","color":"#0059a9","colorDark":"#00294f","angle":89.5,"snapDist":7,"label":0}},{"type":"Feature","geometry":{"type":"Point","coordinates":[27.921667,43.22698]},"properties":{"name":"БЛ. 22 - Пристигащи","lines":"13","arr":["13"],"terminus":1,"mode":"bus","color":"#0059a9","colorDark":"#00294f","angle":98.7,"snapDist":4,"label":1}},{"type":"Feature","geometry":{"type":"Point","coordinates":[27.933475,43.231851]},"properties":{"name":"Хлебозавод","lines":"13","arr":["13"],"terminus":0,"mode":"bus","color":"#0059a9","colorDark":"#00294f","angle":157.5,"snapDist":1,"label":1}},{"type":"Feature","geometry":{"type":"Point","coordinates":[27.889095,43.190962]},"properties":{"name":"Пясъка","lines":"13, 122","arr":["13","122"],"terminus":0,"mode":"bus","color":"#0059a9","colorDark":"#00294f","angle":100.8,"snapDist":7,"label":0}},{"type":"Feature","geometry":{"type":"Point","coordinates":[27.851028,43.25164]},"properties":{"name":"Владиславово БЛ 407 / обръщач","lines":"14, 20, 22, 41, 82, 83, 88, 122, 148, 209, 209 Б","arr":["14","20","22","41","82","83","88","122","148","209","209 Б"],"terminus":1,"mode":"bus","color":"#0059a9","colorDark":"#00294f","angle":32.9,"snapDist":9,"label":1}},{"type":"Feature","geometry":{"type":"Point","coordinates":[27.849468,43.250948]},"properties":{"name":"БЛ. 407 Владиславово","lines":"14, 20, 22, 82, 88, 122, 148, 209, 209 Б","arr":["14","20","22","82","88","122","148","209","209 Б"],"terminus":0,"mode":"bus","color":"#0059a9","colorDark":"#00294f","angle":303,"snapDist":7,"label":1}},{"type":"Feature","geometry":{"type":"Point","coordinates":[27.847659,43.245421]},"properties":{"name":"Кап. Петко войвода","lines":"14, 82, 83, 88","arr":["14","82","83","88"],"terminus":0,"mode":"bus","color":"#0059a9","colorDark":"#00294f","angle":257.3,"snapDist":6,"label":1}},{"type":"Feature","geometry":{"type":"Point","coordinates":[27.849605,43.242727]},"properties":{"name":"Детелина","lines":"14, 41, 82, 83, 88, 118","arr":["14","41","82","83","88","118"],"terminus":0,"mode":"bus","color":"#0059a9","colorDark":"#00294f","angle":181.7,"snapDist":13,"label":1}},{"type":"Feature","geometry":{"type":"Point","coordinates":[27.853889,43.242324]},"properties":{"name":"Вежен","lines":"14, 41, 82, 83, 88, 118","arr":["14","41","82","83","88","118"],"terminus":0,"mode":"bus","color":"#0059a9","colorDark":"#00294f","angle":203.9,"snapDist":14,"label":1}},{"type":"Feature","geometry":{"type":"Point","coordinates":[27.857452,43.239018]},"properties":{"name":"Общежитието","lines":"14, 41, 118","arr":["14","41","118"],"terminus":0,"mode":"bus","color":"#0059a9","colorDark":"#00294f","angle":271.4,"snapDist":7,"label":1}},{"type":"Feature","geometry":{"type":"Point","coordinates":[27.857205,43.236777]},"properties":{"name":"Кайсиева Градина","lines":"14, 41, 118","arr":["14","41","118"],"terminus":0,"mode":"bus","color":"#0059a9","colorDark":"#00294f","angle":287,"snapDist":9,"label":1}},{"type":"Feature","geometry":{"type":"Point","coordinates":[27.862862,43.234555]},"properties":{"name":"БЛ. 222 Кайсиева Градина","lines":"14, 41","arr":["14","41"],"terminus":0,"mode":"bus","color":"#0059a9","colorDark":"#00294f","angle":180.9,"snapDist":12,"label":1}},{"type":"Feature","geometry":{"type":"Point","coordinates":[27.864117,43.236867]},"properties":{"name":"БЛ. 221","lines":"14, 41","arr":["14","41"],"terminus":0,"mode":"bus","color":"#0059a9","colorDark":"#00294f","angle":112.3,"snapDist":11,"label":1}},{"type":"Feature","geometry":{"type":"Point","coordinates":[27.864602,43.240362]},"properties":{"name":"БЛ. 212","lines":"14, 41","arr":["14","41"],"terminus":0,"mode":"bus","color":"#0059a9","colorDark":"#00294f","angle":91.6,"snapDist":10,"label":1}},{"type":"Feature","geometry":{"type":"Point","coordinates":[27.866454,43.24085]},"properties":{"name":"Армейска","lines":"14, 20, 22, 41, 82, 83, 88, 118, 122, 148, 209, 209 Б","arr":["14","20","22","41","82","83","88","118","122","148","209","209 Б"],"terminus":0,"mode":"bus","color":"#0059a9","colorDark":"#00294f","angle":203.8,"snapDist":11,"label":1}},{"type":"Feature","geometry":{"type":"Point","coordinates":[27.871103,43.238676]},"properties":{"name":"ТИС-Север","lines":"14, 22, 41, 82, 118, 122, 148, 209, 209 Б","arr":["14","22","41","82","118","122","148","209","209 Б"],"terminus":0,"mode":"bus","color":"#0059a9","colorDark":"#00294f","angle":279.1,"snapDist":10,"label":1}},{"type":"Feature","geometry":{"type":"Point","coordinates":[27.87024,43.234655]},"properties":{"name":"КАТ","lines":"14, 22, 41, 82, 118, 148, 209","arr":["14","22","41","82","118","148","209"],"terminus":0,"mode":"bus","color":"#0059a9","colorDark":"#00294f","angle":280.8,"snapDist":9,"label":1}},{"type":"Feature","geometry":{"type":"Point","coordinates":[27.873889,43.234148]},"properties":{"name":"Георги Георгиев","lines":"14, 41, 148, 209, 209 Б","arr":["14","41","148","209","209 Б"],"terminus":0,"mode":"bus","color":"#0059a9","colorDark":"#00294f","angle":169.2,"snapDist":13,"label":1}},{"type":"Feature","geometry":{"type":"Point","coordinates":[27.879696,43.231841]},"properties":{"name":"Гео Милев","lines":"14","arr":["14"],"terminus":0,"mode":"bus","color":"#0059a9","colorDark":"#00294f","angle":277.4,"snapDist":8,"label":1}},{"type":"Feature","geometry":{"type":"Point","coordinates":[27.879321,43.229955]},"properties":{"name":"Поглед / Център и Метал","lines":"14","arr":["14"],"terminus":0,"mode":"bus","color":"#0059a9","colorDark":"#00294f","angle":279.7,"snapDist":10,"label":1}},{"type":"Feature","geometry":{"type":"Point","coordinates":[27.880482,43.227649]},"properties":{"name":"Петя Дубарова","lines":"14, 82, 118","arr":["14","82","118"],"terminus":0,"mode":"bus","color":"#0059a9","colorDark":"#00294f","angle":188.1,"snapDist":7,"label":0}},{"type":"Feature","geometry":{"type":"Point","coordinates":[27.885,43.227157]},"properties":{"name":"Георги Петлешев","lines":"14, 82, 118","arr":["14","82","118"],"terminus":0,"mode":"bus","color":"#0059a9","colorDark":"#00294f","angle":188.9,"snapDist":5,"label":0}},{"type":"Feature","geometry":{"type":"Point","coordinates":[27.900059,43.219018]},"properties":{"name":"Техникумите Сливница","lines":"14, 82, 83, 88, 118","arr":["14","82","83","88","118"],"terminus":0,"mode":"bus","color":"#0059a9","colorDark":"#00294f","angle":227.8,"snapDist":13,"label":1}},{"type":"Feature","geometry":{"type":"Point","coordinates":[27.903906,43.21629]},"properties":{"name":"Трансформатора","lines":"14, 82, 83, 88, 118","arr":["14","82","83","88","118"],"terminus":0,"mode":"bus","color":"#0059a9","colorDark":"#00294f","angle":221.9,"snapDist":10,"label":1}},{"type":"Feature","geometry":{"type":"Point","coordinates":[27.904426,43.208978]},"properties":{"name":"Кооперативен Пазар","lines":"14, 23","arr":["14","23"],"terminus":0,"mode":"bus","color":"#0059a9","colorDark":"#00294f","angle":246.1,"snapDist":8,"label":1}},{"type":"Feature","geometry":{"type":"Point","coordinates":[27.901944,43.206543]},"properties":{"name":"Георги Кирков","lines":"14","arr":["14"],"terminus":0,"mode":"bus","color":"#0059a9","colorDark":"#00294f","angle":334.7,"snapDist":5,"label":1}},{"type":"Feature","geometry":{"type":"Point","coordinates":[27.953248,43.214865]},"properties":{"name":"Карин ДОМ","lines":"14, 17, 30, 39, 118, 148, 209","arr":["14","17","30","39","118","148","209"],"terminus":0,"mode":"bus","color":"#0059a9","colorDark":"#00294f","angle":166,"snapDist":4,"label":1}},{"type":"Feature","geometry":{"type":"Point","coordinates":[27.952993,43.218144]},"properties":{"name":"Ученически Комплекс / Пристигащи","lines":"14, 17, 30, 39, 118, 148, 209","arr":["14","17","30","39","118","148","209"],"terminus":0,"mode":"bus","color":"#0059a9","colorDark":"#00294f","angle":183.1,"snapDist":4,"label":1}},{"type":"Feature","geometry":{"type":"Point","coordinates":[27.957233,43.218581]},"properties":{"name":"Почивка / обръщач","lines":"14, 17, 30, 39, 118, 148, 209","arr":["14","17","30","39","118","148","209"],"terminus":1,"mode":"bus","color":"#0059a9","colorDark":"#00294f","angle":55.8,"snapDist":2,"label":1}},{"type":"Feature","geometry":{"type":"Point","coordinates":[27.95635,43.218456]},"properties":{"name":"Почивка / Заминаващи","lines":"14, 17, 30, 39, 118, 148, 209","arr":["14","17","30","39","118","148","209"],"terminus":1,"mode":"bus","color":"#0059a9","colorDark":"#00294f","angle":107.9,"snapDist":14,"label":1}},{"type":"Feature","geometry":{"type":"Point","coordinates":[27.953065,43.218141]},"properties":{"name":"Ученически Комплекс / Заминаващи","lines":"14, 17, 30, 39, 118, 148, 209","arr":["14","17","30","39","118","148","209"],"terminus":0,"mode":"bus","color":"#0059a9","colorDark":"#00294f","angle":3.1,"snapDist":8,"label":1}},{"type":"Feature","geometry":{"type":"Point","coordinates":[27.953075,43.21625]},"properties":{"name":"Почивка Mitsubishi","lines":"14, 17, 39","arr":["14","17","39"],"terminus":0,"mode":"bus","color":"#0059a9","colorDark":"#00294f","angle":195.2,"snapDist":14,"label":1}},{"type":"Feature","geometry":{"type":"Point","coordinates":[27.903986,43.209706]},"properties":{"name":"Кооперативен Пазар","lines":"14, 23","arr":["14","23"],"terminus":0,"mode":"bus","color":"#0059a9","colorDark":"#00294f","angle":66.2,"snapDist":4,"label":0}},{"type":"Feature","geometry":{"type":"Point","coordinates":[27.905896,43.215019]},"properties":{"name":"Лятно Кино Тракия","lines":"14, 82, 83, 88, 118","arr":["14","82","83","88","118"],"terminus":0,"mode":"bus","color":"#0059a9","colorDark":"#00294f","angle":44.1,"snapDist":11,"label":1}},{"type":"Feature","geometry":{"type":"Point","coordinates":[27.903402,43.216783]},"properties":{"name":"Трансформатора","lines":"14, 82, 83, 88, 118","arr":["14","82","83","88","118"],"terminus":0,"mode":"bus","color":"#0059a9","colorDark":"#00294f","angle":41.4,"snapDist":8,"label":0}},{"type":"Feature","geometry":{"type":"Point","coordinates":[27.90027,43.21902]},"properties":{"name":"Техникумите Сливница","lines":"14, 82, 83, 88, 118","arr":["14","82","83","88","118"],"terminus":0,"mode":"bus","color":"#0059a9","colorDark":"#00294f","angle":45.7,"snapDist":8,"label":0}},{"type":"Feature","geometry":{"type":"Point","coordinates":[27.879451,43.230011]},"properties":{"name":"Поглед / Квартали","lines":"14","arr":["14"],"terminus":0,"mode":"bus","color":"#0059a9","colorDark":"#00294f","angle":99.5,"snapDist":7,"label":1}},{"type":"Feature","geometry":{"type":"Point","coordinates":[27.879931,43.232265]},"properties":{"name":"Гео Милев / Квартали","lines":"14","arr":["14"],"terminus":0,"mode":"bus","color":"#0059a9","colorDark":"#00294f","angle":99.6,"snapDist":10,"label":1}},{"type":"Feature","geometry":{"type":"Point","coordinates":[27.873087,43.234048]},"properties":{"name":"Георги Георгиев","lines":"14, 41, 148, 209, 209 Б","arr":["14","41","148","209","209 Б"],"terminus":0,"mode":"bus","color":"#0059a9","colorDark":"#00294f","angle":351.7,"snapDist":9,"label":0}},{"type":"Feature","geometry":{"type":"Point","coordinates":[27.861598,43.234786]},"properties":{"name":"БЛ. 222 Кайсиева Градина","lines":"14, 41, 118","arr":["14","41","118"],"terminus":0,"mode":"bus","color":"#0059a9","colorDark":"#00294f","angle":27.8,"snapDist":6,"label":0}},{"type":"Feature","geometry":{"type":"Point","coordinates":[27.85705,43.236473]},"properties":{"name":"Кайсиева Градина","lines":"14, 41, 118","arr":["14","41","118"],"terminus":0,"mode":"bus","color":"#0059a9","colorDark":"#00294f","angle":116.9,"snapDist":8,"label":0}},{"type":"Feature","geometry":{"type":"Point","coordinates":[27.857456,43.239191]},"properties":{"name":"Общежитието","lines":"14, 41, 118","arr":["14","41","118"],"terminus":0,"mode":"bus","color":"#0059a9","colorDark":"#00294f","angle":90.4,"snapDist":8,"label":0}},{"type":"Feature","geometry":{"type":"Point","coordinates":[27.852659,43.242727]},"properties":{"name":"Вежен","lines":"14, 41, 82, 83, 88, 118","arr":["14","41","82","83","88","118"],"terminus":0,"mode":"bus","color":"#0059a9","colorDark":"#00294f","angle":11.7,"snapDist":8,"label":0}},{"type":"Feature","geometry":{"type":"Point","coordinates":[27.848764,43.243402]},"properties":{"name":"Детелина","lines":"14, 82, 83, 88, 118","arr":["14","82","83","88","118"],"terminus":0,"mode":"bus","color":"#0059a9","colorDark":"#00294f","angle":69.1,"snapDist":6,"label":0}},{"type":"Feature","geometry":{"type":"Point","coordinates":[27.847811,43.246885]},"properties":{"name":"Кап. Петко войвода","lines":"14, 82, 88","arr":["14","82","88"],"terminus":0,"mode":"bus","color":"#0059a9","colorDark":"#00294f","angle":93.2,"snapDist":10,"label":0}},{"type":"Feature","geometry":{"type":"Point","coordinates":[27.848953,43.249807]},"properties":{"name":"Скалата","lines":"14, 20, 22, 82, 88, 122, 148, 209, 209 Б","arr":["14","20","22","82","88","122","148","209","209 Б"],"terminus":0,"mode":"bus","color":"#0059a9","colorDark":"#00294f","angle":115.7,"snapDist":7,"label":1}},{"type":"Feature","geometry":{"type":"Point","coordinates":[27.850466,43.251458]},"properties":{"name":"БЛ. 407 Владиславово / Пристигащи","lines":"14, 20, 22, 41, 82, 83, 88, 122, 148, 209","arr":["14","20","22","41","82","83","88","122","148","209"],"terminus":1,"mode":"bus","color":"#0059a9","colorDark":"#00294f","angle":214,"snapDist":4,"label":1}},{"type":"Feature","geometry":{"type":"Point","coordinates":[27.885567,43.151536]},"properties":{"name":"Малък обръщач Боровец","lines":"17, 46 Б","arr":["17","46 Б"],"terminus":1,"mode":"bus","color":"#0059a9","colorDark":"#00294f","angle":192.5,"snapDist":6,"label":1}},{"type":"Feature","geometry":{"type":"Point","coordinates":[27.887408,43.151643]},"properties":{"name":"Нпвлк","lines":"17, 46 Б","arr":["17","46 Б"],"terminus":0,"mode":"bus","color":"#0059a9","colorDark":"#00294f","angle":165.7,"snapDist":7,"label":1}},{"type":"Feature","geometry":{"type":"Point","coordinates":[27.893896,43.152805]},"properties":{"name":"СТОПАНСКИ ДВОР за Галата","lines":"17, 46 Б","arr":["17","46 Б"],"terminus":0,"mode":"bus","color":"#0059a9","colorDark":"#00294f","angle":155,"snapDist":10,"label":1}},{"type":"Feature","geometry":{"type":"Point","coordinates":[27.896885,43.153728]},"properties":{"name":"ПАРАКЛИСА за Галата","lines":"17, 46 Б","arr":["17","46 Б"],"terminus":0,"mode":"bus","color":"#0059a9","colorDark":"#00294f","angle":171.9,"snapDist":9,"label":1}},{"type":"Feature","geometry":{"type":"Point","coordinates":[27.900689,43.154159]},"properties":{"name":"Димят / Трансформатора","lines":"17, 46 Б","arr":["17","46 Б"],"terminus":0,"mode":"bus","color":"#0059a9","colorDark":"#00294f","angle":169,"snapDist":9,"label":1}},{"type":"Feature","geometry":{"type":"Point","coordinates":[27.903961,43.154645]},"properties":{"name":"Лозарска","lines":"17, 46 Б","arr":["17","46 Б"],"terminus":0,"mode":"bus","color":"#0059a9","colorDark":"#00294f","angle":175.8,"snapDist":10,"label":1}},{"type":"Feature","geometry":{"type":"Point","coordinates":[27.908566,43.154467]},"properties":{"name":"Тича / Старите Лоза за Галата","lines":"17, 46 Б","arr":["17","46 Б"],"terminus":0,"mode":"bus","color":"#0059a9","colorDark":"#00294f","angle":185.7,"snapDist":13,"label":1}},{"type":"Feature","geometry":{"type":"Point","coordinates":[27.91349,43.15412]},"properties":{"name":"Обръщач Боровец за Галата / Голям","lines":"17, 46 Б","arr":["17","46 Б"],"terminus":1,"mode":"bus","color":"#0059a9","colorDark":"#00294f","angle":186.7,"snapDist":13,"label":1}},{"type":"Feature","geometry":{"type":"Point","coordinates":[27.919293,43.155531]},"properties":{"name":"Санта Мария","lines":"17, 46 Б","arr":["17","46 Б"],"terminus":0,"mode":"bus","color":"#0059a9","colorDark":"#00294f","angle":142.2,"snapDist":13,"label":1}},{"type":"Feature","geometry":{"type":"Point","coordinates":[27.931003,43.161298]},"properties":{"name":"Галата обръщач","lines":"17, 46 Б","arr":["17","46 Б"],"terminus":1,"mode":"bus","color":"#0059a9","colorDark":"#00294f","angle":147.7,"snapDist":10,"label":1}},{"type":"Feature","geometry":{"type":"Point","coordinates":[27.937525,43.164311]},"properties":{"name":"Галата Център","lines":"17, 46 Б","arr":["17","46 Б"],"terminus":0,"mode":"bus","color":"#0059a9","colorDark":"#00294f","angle":52.5,"snapDist":11,"label":1}},{"type":"Feature","geometry":{"type":"Point","coordinates":[27.936217,43.165602]},"properties":{"name":"Читалище","lines":"17, 46 Б","arr":["17","46 Б"],"terminus":0,"mode":"bus","color":"#0059a9","colorDark":"#00294f","angle":52.7,"snapDist":13,"label":1}},{"type":"Feature","geometry":{"type":"Point","coordinates":[27.933982,43.167847]},"properties":{"name":"Лагера","lines":"17, 46 Б","arr":["17","46 Б"],"terminus":0,"mode":"bus","color":"#0059a9","colorDark":"#00294f","angle":20.8,"snapDist":6,"label":1}},{"type":"Feature","geometry":{"type":"Point","coordinates":[27.929053,43.170399]},"properties":{"name":"Иванова Чешма","lines":"17, 46 Б","arr":["17","46 Б"],"terminus":0,"mode":"bus","color":"#0059a9","colorDark":"#00294f","angle":47.7,"snapDist":5,"label":1}},{"type":"Feature","geometry":{"type":"Point","coordinates":[27.922412,43.169809]},"properties":{"name":"Спартак","lines":"17, 46 Б","arr":["17","46 Б"],"terminus":0,"mode":"bus","color":"#0059a9","colorDark":"#00294f","angle":312.2,"snapDist":10,"label":1}},{"type":"Feature","geometry":{"type":"Point","coordinates":[27.917675,43.168842]},"properties":{"name":"А. Калчев","lines":"17, 46 Б","arr":["17","46 Б"],"terminus":0,"mode":"bus","color":"#0059a9","colorDark":"#00294f","angle":81.9,"snapDist":6,"label":1}},{"type":"Feature","geometry":{"type":"Point","coordinates":[27.915599,43.171646]},"properties":{"name":"Пожелание","lines":"17, 46 Б","arr":["17","46 Б"],"terminus":0,"mode":"bus","color":"#0059a9","colorDark":"#00294f","angle":32.1,"snapDist":12,"label":1}},{"type":"Feature","geometry":{"type":"Point","coordinates":[27.909556,43.175751]},"properties":{"name":"Орел","lines":"17, 46 Б","arr":["17","46 Б"],"terminus":0,"mode":"bus","color":"#0059a9","colorDark":"#00294f","angle":43.9,"snapDist":17,"label":1}},{"type":"Feature","geometry":{"type":"Point","coordinates":[27.907102,43.177381]},"properties":{"name":"Сокол / Център","lines":"17, 46 Б","arr":["17","46 Б"],"terminus":0,"mode":"bus","color":"#0059a9","colorDark":"#00294f","angle":41.7,"snapDist":6,"label":1}},{"type":"Feature","geometry":{"type":"Point","coordinates":[27.902765,43.180378]},"properties":{"name":"Първи май / Център","lines":"17, 46 Б","arr":["17","46 Б"],"terminus":0,"mode":"bus","color":"#0059a9","colorDark":"#00294f","angle":55.5,"snapDist":10,"label":1}},{"type":"Feature","geometry":{"type":"Point","coordinates":[27.900725,43.183122]},"properties":{"name":"Детски кът / Център","lines":"17, 46 Б","arr":["17","46 Б"],"terminus":0,"mode":"bus","color":"#0059a9","colorDark":"#00294f","angle":59.3,"snapDist":13,"label":1}},{"type":"Feature","geometry":{"type":"Point","coordinates":[27.912368,43.198718]},"properties":{"name":"ЖП. гара ПЛ. Славейков","lines":"17, 20, 39, 82, 83","arr":["17","20","39","82","83"],"terminus":0,"mode":"bus","color":"#0059a9","colorDark":"#00294f","angle":183.8,"snapDist":10,"label":0}},{"type":"Feature","geometry":{"type":"Point","coordinates":[27.920635,43.19886]},"properties":{"name":"Басейна","lines":"17, 20, 39","arr":["17","20","39"],"terminus":0,"mode":"bus","color":"#0059a9","colorDark":"#00294f","angle":122.6,"snapDist":6,"label":1}},{"type":"Feature","geometry":{"type":"Point","coordinates":[27.921312,43.20284]},"properties":{"name":"Фестивален Комплекс","lines":"17, 20, 39","arr":["17","20","39"],"terminus":0,"mode":"bus","color":"#0059a9","colorDark":"#00294f","angle":117,"snapDist":10,"label":1}},{"type":"Feature","geometry":{"type":"Point","coordinates":[27.924187,43.207496]},"properties":{"name":"Академията / Цар Освободител","lines":"17, 20, 39","arr":["17","20","39"],"terminus":0,"mode":"bus","color":"#0059a9","colorDark":"#00294f","angle":45,"snapDist":4,"label":1}},{"type":"Feature","geometry":{"type":"Point","coordinates":[27.913314,43.19874]},"properties":{"name":"ЖП. гара ПЛ. Славейков","lines":"17, 20, 39, 46 Б, 82, 83","arr":["17","20","39","46 Б","82","83"],"terminus":1,"mode":"bus","color":"#0059a9","colorDark":"#00294f","angle":4.1,"snapDist":7,"label":1}},{"type":"Feature","geometry":{"type":"Point","coordinates":[27.908425,43.204099]},"properties":{"name":"Димчо Дебелянов","lines":"17, 22, 39, 41, 46 Б, 82, 83","arr":["17","22","39","41","46 Б","82","83"],"terminus":0,"mode":"bus","color":"#0059a9","colorDark":"#00294f","angle":89.5,"snapDist":7,"label":0}},{"type":"Feature","geometry":{"type":"Point","coordinates":[27.9005,43.183219]},"properties":{"name":"Детски кът","lines":"17","arr":["17"],"terminus":0,"mode":"bus","color":"#0059a9","colorDark":"#00294f","angle":236.9,"snapDist":4,"label":1}},{"type":"Feature","geometry":{"type":"Point","coordinates":[27.903144,43.179842]},"properties":{"name":"Първи май","lines":"17","arr":["17"],"terminus":0,"mode":"bus","color":"#0059a9","colorDark":"#00294f","angle":231.1,"snapDist":6,"label":1}},{"type":"Feature","geometry":{"type":"Point","coordinates":[27.907115,43.177237]},"properties":{"name":"Сокол","lines":"17","arr":["17"],"terminus":0,"mode":"bus","color":"#0059a9","colorDark":"#00294f","angle":220.6,"snapDist":7,"label":1}},{"type":"Feature","geometry":{"type":"Point","coordinates":[27.909803,43.175407]},"properties":{"name":"Орел","lines":"17","arr":["17"],"terminus":0,"mode":"bus","color":"#0059a9","colorDark":"#00294f","angle":226.2,"snapDist":6,"label":0}},{"type":"Feature","geometry":{"type":"Point","coordinates":[27.918029,43.168143]},"properties":{"name":"А.Калчев","lines":"17","arr":["17"],"terminus":0,"mode":"bus","color":"#0059a9","colorDark":"#00294f","angle":233.6,"snapDist":13,"label":1}},{"type":"Feature","geometry":{"type":"Point","coordinates":[27.922464,43.16985]},"properties":{"name":"Спартак","lines":"17","arr":["17"],"terminus":0,"mode":"bus","color":"#0059a9","colorDark":"#00294f","angle":132.2,"snapDist":8,"label":0}},{"type":"Feature","geometry":{"type":"Point","coordinates":[27.929219,43.170266]},"properties":{"name":"Иванова Чешма","lines":"17","arr":["17"],"terminus":0,"mode":"bus","color":"#0059a9","colorDark":"#00294f","angle":227.7,"snapDist":11,"label":0}},{"type":"Feature","geometry":{"type":"Point","coordinates":[27.933844,43.167885]},"properties":{"name":"Лагера","lines":"17","arr":["17"],"terminus":0,"mode":"bus","color":"#0059a9","colorDark":"#00294f","angle":200.8,"snapDist":10,"label":0}},{"type":"Feature","geometry":{"type":"Point","coordinates":[27.936248,43.165572]},"properties":{"name":"Читалище","lines":"17","arr":["17"],"terminus":0,"mode":"bus","color":"#0059a9","colorDark":"#00294f","angle":232.7,"snapDist":6,"label":0}},{"type":"Feature","geometry":{"type":"Point","coordinates":[27.937426,43.164409]},"properties":{"name":"Галата Център","lines":"17","arr":["17"],"terminus":0,"mode":"bus","color":"#0059a9","colorDark":"#00294f","angle":234.8,"snapDist":6,"label":0}},{"type":"Feature","geometry":{"type":"Point","coordinates":[27.930833,43.161219]},"properties":{"name":"Галата обръщач","lines":"17, 46 Б","arr":["17","46 Б"],"terminus":1,"mode":"bus","color":"#0059a9","colorDark":"#00294f","angle":327.7,"snapDist":8,"label":0}},{"type":"Feature","geometry":{"type":"Point","coordinates":[27.91921,43.155484]},"properties":{"name":"Санта Мария","lines":"17, 46 Б","arr":["17","46 Б"],"terminus":0,"mode":"bus","color":"#0059a9","colorDark":"#00294f","angle":322.2,"snapDist":9,"label":0}},{"type":"Feature","geometry":{"type":"Point","coordinates":[27.913389,43.154129]},"properties":{"name":"Обръщач Боровец / Голям","lines":"17, 46 Б","arr":["17","46 Б"],"terminus":0,"mode":"bus","color":"#0059a9","colorDark":"#00294f","angle":6.7,"snapDist":8,"label":1}},{"type":"Feature","geometry":{"type":"Point","coordinates":[27.908535,43.154469]},"properties":{"name":"Тича / Старите Лоза за Варна","lines":"17, 46 Б","arr":["17","46 Б"],"terminus":0,"mode":"bus","color":"#0059a9","colorDark":"#00294f","angle":5.7,"snapDist":12,"label":1}},{"type":"Feature","geometry":{"type":"Point","coordinates":[27.903977,43.154646]},"properties":{"name":"Кошарата / Лозарска","lines":"17, 46 Б","arr":["17","46 Б"],"terminus":0,"mode":"bus","color":"#0059a9","colorDark":"#00294f","angle":355.8,"snapDist":7,"label":1}},{"type":"Feature","geometry":{"type":"Point","coordinates":[27.895953,43.153576]},"properties":{"name":"Параклиса","lines":"17, 46 Б","arr":["17","46 Б"],"terminus":0,"mode":"bus","color":"#0059a9","colorDark":"#00294f","angle":342.3,"snapDist":6,"label":1}},{"type":"Feature","geometry":{"type":"Point","coordinates":[27.90049,43.154131]},"properties":{"name":"Димят / Трансформатора","lines":"17, 46 Б","arr":["17","46 Б"],"terminus":0,"mode":"bus","color":"#0059a9","colorDark":"#00294f","angle":349.5,"snapDist":13,"label":0}},{"type":"Feature","geometry":{"type":"Point","coordinates":[27.892945,43.1526]},"properties":{"name":"Стопански двор","lines":"17, 46 Б","arr":["17","46 Б"],"terminus":0,"mode":"bus","color":"#0059a9","colorDark":"#00294f","angle":348.6,"snapDist":10,"label":1}},{"type":"Feature","geometry":{"type":"Point","coordinates":[27.887511,43.151662]},"properties":{"name":"Нпвлк","lines":"17, 46 Б","arr":["17","46 Б"],"terminus":0,"mode":"bus","color":"#0059a9","colorDark":"#00294f","angle":345.7,"snapDist":13,"label":0}},{"type":"Feature","geometry":{"type":"Point","coordinates":[27.885841,43.151505]},"properties":{"name":"Малък обръщач Боровец","lines":"17","arr":["17"],"terminus":1,"mode":"bus","color":"#0059a9","colorDark":"#00294f","angle":3.7,"snapDist":14,"label":0}},{"type":"Feature","geometry":{"type":"Point","coordinates":[27.933013,43.157865]},"properties":{"name":"Чигана","lines":"17","arr":["17"],"terminus":0,"mode":"bus","color":"#0059a9","colorDark":"#00294f","angle":214.3,"snapDist":5,"label":1}},{"type":"Feature","geometry":{"type":"Point","coordinates":[27.93645,43.153491]},"properties":{"name":"Поделението","lines":"17","arr":["17"],"terminus":0,"mode":"bus","color":"#0059a9","colorDark":"#00294f","angle":280.6,"snapDist":12,"label":1}},{"type":"Feature","geometry":{"type":"Point","coordinates":[27.935061,43.149642]},"properties":{"name":"Прибой","lines":"17","arr":["17"],"terminus":0,"mode":"bus","color":"#0059a9","colorDark":"#00294f","angle":302,"snapDist":6,"label":1}},{"type":"Feature","geometry":{"type":"Point","coordinates":[27.93024,43.148136]},"properties":{"name":"Завоя","lines":"17","arr":["17"],"terminus":0,"mode":"bus","color":"#0059a9","colorDark":"#00294f","angle":357,"snapDist":15,"label":1}},{"type":"Feature","geometry":{"type":"Point","coordinates":[27.924081,43.147211]},"properties":{"name":"Топола","lines":"17","arr":["17"],"terminus":0,"mode":"bus","color":"#0059a9","colorDark":"#00294f","angle":307.1,"snapDist":7,"label":1}},{"type":"Feature","geometry":{"type":"Point","coordinates":[27.930405,43.141564]},"properties":{"name":"Ветеран","lines":"17","arr":["17"],"terminus":0,"mode":"bus","color":"#0059a9","colorDark":"#00294f","angle":218,"snapDist":20,"label":1}},{"type":"Feature","geometry":{"type":"Point","coordinates":[27.932188,43.135592]},"properties":{"name":"Ракитника","lines":"17","arr":["17"],"terminus":0,"mode":"bus","color":"#0059a9","colorDark":"#00294f","angle":289.9,"snapDist":9,"label":1}},{"type":"Feature","geometry":{"type":"Point","coordinates":[27.930574,43.132177]},"properties":{"name":"Параклиса СВ. Марина","lines":"17","arr":["17"],"terminus":0,"mode":"bus","color":"#0059a9","colorDark":"#00294f","angle":290.2,"snapDist":7,"label":1}},{"type":"Feature","geometry":{"type":"Point","coordinates":[27.927325,43.126821]},"properties":{"name":"Чакъла / Chakаla","lines":"17","arr":["17"],"terminus":0,"mode":"bus","color":"#0059a9","colorDark":"#00294f","angle":329.8,"snapDist":9,"label":1}},{"type":"Feature","geometry":{"type":"Point","coordinates":[27.922008,43.129229]},"properties":{"name":"Моста","lines":"17","arr":["17"],"terminus":0,"mode":"bus","color":"#0059a9","colorDark":"#00294f","angle":33.3,"snapDist":12,"label":1}},{"type":"Feature","geometry":{"type":"Point","coordinates":[27.919816,43.129516]},"properties":{"name":"Обръщач Черноморец Пристигащи","lines":"17","arr":["17"],"terminus":1,"mode":"bus","color":"#0059a9","colorDark":"#00294f","angle":350.5,"snapDist":7,"label":1}},{"type":"Feature","geometry":{"type":"Point","coordinates":[27.923841,43.207589]},"properties":{"name":"Академията Цар Освободител","lines":"17, 20, 39","arr":["17","20","39"],"terminus":0,"mode":"bus","color":"#0059a9","colorDark":"#00294f","angle":224.1,"snapDist":11,"label":1}},{"type":"Feature","geometry":{"type":"Point","coordinates":[27.921484,43.203104]},"properties":{"name":"Фестивален Комплекс","lines":"17, 20, 39","arr":["17","20","39"],"terminus":0,"mode":"bus","color":"#0059a9","colorDark":"#00294f","angle":292,"snapDist":5,"label":0}},{"type":"Feature","geometry":{"type":"Point","coordinates":[27.920902,43.199178]},"properties":{"name":"Басейна","lines":"17, 20, 39","arr":["17","20","39"],"terminus":0,"mode":"bus","color":"#0059a9","colorDark":"#00294f","angle":300.3,"snapDist":5,"label":0}},{"type":"Feature","geometry":{"type":"Point","coordinates":[27.920279,43.129556]},"properties":{"name":"Обръщач Черноморец","lines":"17","arr":["17"],"terminus":1,"mode":"bus","color":"#0059a9","colorDark":"#00294f","angle":173.6,"snapDist":20,"label":1}},{"type":"Feature","geometry":{"type":"Point","coordinates":[27.922239,43.129077]},"properties":{"name":"Моста","lines":"17","arr":["17"],"terminus":0,"mode":"bus","color":"#0059a9","colorDark":"#00294f","angle":225.9,"snapDist":12,"label":0}},{"type":"Feature","geometry":{"type":"Point","coordinates":[27.927422,43.126862]},"properties":{"name":"Чакъла","lines":"17","arr":["17"],"terminus":0,"mode":"bus","color":"#0059a9","colorDark":"#00294f","angle":149.8,"snapDist":9,"label":1}},{"type":"Feature","geometry":{"type":"Point","coordinates":[27.930606,43.13224]},"properties":{"name":"Параклис СВ. Марина","lines":"17","arr":["17"],"terminus":0,"mode":"bus","color":"#0059a9","colorDark":"#00294f","angle":110.2,"snapDist":6,"label":1}},{"type":"Feature","geometry":{"type":"Point","coordinates":[27.932064,43.135341]},"properties":{"name":"Ракитника","lines":"17","arr":["17"],"terminus":0,"mode":"bus","color":"#0059a9","colorDark":"#00294f","angle":109.9,"snapDist":13,"label":0}},{"type":"Feature","geometry":{"type":"Point","coordinates":[27.930361,43.141589]},"properties":{"name":"Ветеран","lines":"17","arr":["17"],"terminus":0,"mode":"bus","color":"#0059a9","colorDark":"#00294f","angle":38,"snapDist":16,"label":0}},{"type":"Feature","geometry":{"type":"Point","coordinates":[27.924186,43.147298]},"properties":{"name":"Топола","lines":"17","arr":["17"],"terminus":0,"mode":"bus","color":"#0059a9","colorDark":"#00294f","angle":133.9,"snapDist":6,"label":0}},{"type":"Feature","geometry":{"type":"Point","coordinates":[27.930578,43.148143]},"properties":{"name":"Завоя","lines":"17","arr":["17"],"terminus":0,"mode":"bus","color":"#0059a9","colorDark":"#00294f","angle":178.8,"snapDist":7,"label":0}},{"type":"Feature","geometry":{"type":"Point","coordinates":[27.93509,43.149677]},"properties":{"name":"Прибой","lines":"17","arr":["17"],"terminus":0,"mode":"bus","color":"#0059a9","colorDark":"#00294f","angle":121.9,"snapDist":16,"label":0}},{"type":"Feature","geometry":{"type":"Point","coordinates":[27.936427,43.153401]},"properties":{"name":"Поделението","lines":"17","arr":["17"],"terminus":0,"mode":"bus","color":"#0059a9","colorDark":"#00294f","angle":100.6,"snapDist":13,"label":0}},{"type":"Feature","geometry":{"type":"Point","coordinates":[27.933003,43.15787]},"properties":{"name":"Чигана","lines":"17","arr":["17"],"terminus":0,"mode":"bus","color":"#0059a9","colorDark":"#00294f","angle":34.3,"snapDist":7,"label":0}},{"type":"Feature","geometry":{"type":"Point","coordinates":[27.855338,43.226752]},"properties":{"name":"Млекозавод","lines":"18, 118","arr":["18","118"],"terminus":0,"mode":"bus","color":"#0059a9","colorDark":"#00294f","angle":21.8,"snapDist":7,"label":0}},{"type":"Feature","geometry":{"type":"Point","coordinates":[27.851896,43.227553]},"properties":{"name":"Пивоварен Завод","lines":"18, 118","arr":["18","118"],"terminus":0,"mode":"bus","color":"#0059a9","colorDark":"#00294f","angle":10.1,"snapDist":11,"label":1}},{"type":"Feature","geometry":{"type":"Point","coordinates":[27.806514,43.22442]},"properties":{"name":"Гробище","lines":"18, 118","arr":["18","118"],"terminus":1,"mode":"bus","color":"#0059a9","colorDark":"#00294f","angle":181.8,"snapDist":11,"label":1}},{"type":"Feature","geometry":{"type":"Point","coordinates":[27.816075,43.219201]},"properties":{"name":"Ново Село Тополи","lines":"18, 118","arr":["18","118"],"terminus":0,"mode":"bus","color":"#0059a9","colorDark":"#00294f","angle":86.6,"snapDist":13,"label":1}},{"type":"Feature","geometry":{"type":"Point","coordinates":[27.820606,43.216961]},"properties":{"name":"Център Тополи","lines":"18, 118","arr":["18","118"],"terminus":0,"mode":"bus","color":"#0059a9","colorDark":"#00294f","angle":280.7,"snapDist":11,"label":1}},{"type":"Feature","geometry":{"type":"Point","coordinates":[27.819083,43.212156]},"properties":{"name":"Обръщач Тополи / Пристигащи","lines":"18, 118","arr":["18","118"],"terminus":1,"mode":"bus","color":"#0059a9","colorDark":"#00294f","angle":96.4,"snapDist":6,"label":1}},{"type":"Feature","geometry":{"type":"Point","coordinates":[27.814803,43.206062]},"properties":{"name":"Екарисаж","lines":"18, 118","arr":["18","118"],"terminus":0,"mode":"bus","color":"#0059a9","colorDark":"#00294f","angle":298.3,"snapDist":21,"label":1}},{"type":"Feature","geometry":{"type":"Point","coordinates":[27.812986,43.200444]},"properties":{"name":"Гара Тополи","lines":"18, 118","arr":["18","118"],"terminus":0,"mode":"bus","color":"#0059a9","colorDark":"#00294f","angle":201.2,"snapDist":15,"label":1}},{"type":"Feature","geometry":{"type":"Point","coordinates":[27.81915,43.199131]},"properties":{"name":"С. Казашко / Пристигащи","lines":"18, 118","arr":["18","118"],"terminus":1,"mode":"bus","color":"#0059a9","colorDark":"#00294f","angle":262.4,"snapDist":15,"label":1}},{"type":"Feature","geometry":{"type":"Point","coordinates":[27.823596,43.224652]},"properties":{"name":"Разсадника","lines":"18, 118","arr":["18","118"],"terminus":0,"mode":"bus","color":"#0059a9","colorDark":"#00294f","angle":269.1,"snapDist":12,"label":1}},{"type":"Feature","geometry":{"type":"Point","coordinates":[27.822975,43.219431]},"properties":{"name":"Младост Тополи","lines":"18, 118","arr":["18","118"],"terminus":0,"mode":"bus","color":"#0059a9","colorDark":"#00294f","angle":314.1,"snapDist":6,"label":1}},{"type":"Feature","geometry":{"type":"Point","coordinates":[27.819155,43.199104]},"properties":{"name":"С. Казашко","lines":"18, 118","arr":["18","118"],"terminus":1,"mode":"bus","color":"#0059a9","colorDark":"#00294f","angle":82.4,"snapDist":14,"label":1}},{"type":"Feature","geometry":{"type":"Point","coordinates":[27.812611,43.200554]},"properties":{"name":"Гара Тополи","lines":"18, 118","arr":["18","118"],"terminus":0,"mode":"bus","color":"#0059a9","colorDark":"#00294f","angle":23.9,"snapDist":12,"label":0}},{"type":"Feature","geometry":{"type":"Point","coordinates":[27.814789,43.206044]},"properties":{"name":"Екарисаж","lines":"18, 118","arr":["18","118"],"terminus":0,"mode":"bus","color":"#0059a9","colorDark":"#00294f","angle":118.3,"snapDist":10,"label":0}},{"type":"Feature","geometry":{"type":"Point","coordinates":[27.819565,43.212232]},"properties":{"name":"Обръщач / Тополи","lines":"18, 118","arr":["18","118"],"terminus":1,"mode":"bus","color":"#0059a9","colorDark":"#00294f","angle":-112,"snapDist":7,"label":1}},{"type":"Feature","geometry":{"type":"Point","coordinates":[27.82061,43.21698]},"properties":{"name":"Център Тополи","lines":"18, 118","arr":["18","118"],"terminus":0,"mode":"bus","color":"#0059a9","colorDark":"#00294f","angle":100.7,"snapDist":6,"label":0}},{"type":"Feature","geometry":{"type":"Point","coordinates":[27.822811,43.219312]},"properties":{"name":"Младост Тополи","lines":"18, 118","arr":["18","118"],"terminus":0,"mode":"bus","color":"#0059a9","colorDark":"#00294f","angle":134.4,"snapDist":7,"label":0}},{"type":"Feature","geometry":{"type":"Point","coordinates":[27.823593,43.22498]},"properties":{"name":"Разсадника","lines":"18, 118","arr":["18","118"],"terminus":0,"mode":"bus","color":"#0059a9","colorDark":"#00294f","angle":90.1,"snapDist":10,"label":0}},{"type":"Feature","geometry":{"type":"Point","coordinates":[27.852694,43.227435]},"properties":{"name":"Пивоварен Завод","lines":"18, 118","arr":["18","118"],"terminus":0,"mode":"bus","color":"#0059a9","colorDark":"#00294f","angle":194.8,"snapDist":24,"label":0}},{"type":"Feature","geometry":{"type":"Point","coordinates":[27.81623,43.219291]},"properties":{"name":"Ново Село Тополи","lines":"18, 118","arr":["18","118"],"terminus":0,"mode":"bus","color":"#0059a9","colorDark":"#00294f","angle":7.1,"snapDist":7,"label":0}},{"type":"Feature","geometry":{"type":"Point","coordinates":[27.806854,43.224412]},"properties":{"name":"Гробище","lines":"18","arr":["18"],"terminus":0,"mode":"bus","color":"#0059a9","colorDark":"#00294f","angle":-178.2,"snapDist":10,"label":0}},{"type":"Feature","geometry":{"type":"Point","coordinates":[27.804869,43.226095]},"properties":{"name":"Чико","lines":"18","arr":["18"],"terminus":0,"mode":"bus","color":"#0059a9","colorDark":"#00294f","angle":-87.5,"snapDist":14,"label":1}},{"type":"Feature","geometry":{"type":"Point","coordinates":[27.920211,43.210296]},"properties":{"name":"ПЛ.Съединение / Цар Освободител","lines":"20, 118","arr":["20","118"],"terminus":0,"mode":"bus","color":"#0059a9","colorDark":"#00294f","angle":44.3,"snapDist":11,"label":1}},{"type":"Feature","geometry":{"type":"Point","coordinates":[27.904416,43.225528]},"properties":{"name":"Победа Цар Освободител","lines":"20, 209, 209 Б","arr":["20","209","209 Б"],"terminus":0,"mode":"bus","color":"#0059a9","colorDark":"#00294f","angle":70.5,"snapDist":7,"label":1}},{"type":"Feature","geometry":{"type":"Point","coordinates":[27.894768,43.231741]},"properties":{"name":"Газостанция Цар Освободител","lines":"20, 209, 209 Б","arr":["20","209","209 Б"],"terminus":0,"mode":"bus","color":"#0059a9","colorDark":"#00294f","angle":30.3,"snapDist":5,"label":1}},{"type":"Feature","geometry":{"type":"Point","coordinates":[27.89069,43.234787]},"properties":{"name":"Огоста","lines":"20, 83, 88","arr":["20","83","88"],"terminus":0,"mode":"bus","color":"#0059a9","colorDark":"#00294f","angle":96.5,"snapDist":7,"label":1}},{"type":"Feature","geometry":{"type":"Point","coordinates":[27.888998,43.237047]},"properties":{"name":"Янтра","lines":"20, 83, 88","arr":["20","83","88"],"terminus":0,"mode":"bus","color":"#0059a9","colorDark":"#00294f","angle":30.7,"snapDist":15,"label":1}},{"type":"Feature","geometry":{"type":"Point","coordinates":[27.883917,43.239154]},"properties":{"name":"Искър","lines":"20, 83, 88","arr":["20","83","88"],"terminus":0,"mode":"bus","color":"#0059a9","colorDark":"#00294f","angle":25.7,"snapDist":16,"label":1}},{"type":"Feature","geometry":{"type":"Point","coordinates":[27.880552,43.23989]},"properties":{"name":"3-ТИ март","lines":"20, 83, 88","arr":["20","83","88"],"terminus":0,"mode":"bus","color":"#0059a9","colorDark":"#00294f","angle":6.7,"snapDist":12,"label":1}},{"type":"Feature","geometry":{"type":"Point","coordinates":[27.875613,43.239527]},"properties":{"name":"Осъм","lines":"20, 83, 88","arr":["20","83","88"],"terminus":0,"mode":"bus","color":"#0059a9","colorDark":"#00294f","angle":352.4,"snapDist":8,"label":1}},{"type":"Feature","geometry":{"type":"Point","coordinates":[27.872188,43.239369]},"properties":{"name":"ТИС Север / Тролеи за Квартали","lines":"20, 83, 88","arr":["20","83","88"],"terminus":0,"mode":"bus","color":"#0059a9","colorDark":"#00294f","angle":9.2,"snapDist":11,"label":1}},{"type":"Feature","geometry":{"type":"Point","coordinates":[27.866138,43.241073]},"properties":{"name":"Армейска","lines":"20, 22, 82, 83, 88, 118, 122, 148, 209, 209 Б","arr":["20","22","82","83","88","118","122","148","209","209 Б"],"terminus":0,"mode":"bus","color":"#0059a9","colorDark":"#00294f","angle":22.5,"snapDist":7,"label":0}},{"type":"Feature","geometry":{"type":"Point","coordinates":[27.859419,43.24157]},"properties":{"name":"Мургаш","lines":"20, 22, 82, 83, 88, 118, 122, 148, 209, 209 Б","arr":["20","22","82","83","88","118","122","148","209","209 Б"],"terminus":0,"mode":"bus","color":"#0059a9","colorDark":"#00294f","angle":0.4,"snapDist":14,"label":1}},{"type":"Feature","geometry":{"type":"Point","coordinates":[27.856711,43.245562]},"properties":{"name":"Девня","lines":"20, 22, 118, 122, 148, 209, 209 Б","arr":["20","22","118","122","148","209","209 Б"],"terminus":0,"mode":"bus","color":"#0059a9","colorDark":"#00294f","angle":20.4,"snapDist":7,"label":1}},{"type":"Feature","geometry":{"type":"Point","coordinates":[27.852419,43.245976]},"properties":{"name":"Химик","lines":"20, 22, 118, 122, 148, 209, 209 Б","arr":["20","22","118","122","148","209","209 Б"],"terminus":0,"mode":"bus","color":"#0059a9","colorDark":"#00294f","angle":3.6,"snapDist":14,"label":1}},{"type":"Feature","geometry":{"type":"Point","coordinates":[27.848742,43.24613]},"properties":{"name":"Кап.Петко войвода / до Пазара","lines":"20, 22, 118, 122, 148, 209, 209 Б","arr":["20","22","118","122","148","209","209 Б"],"terminus":0,"mode":"bus","color":"#0059a9","colorDark":"#00294f","angle":3.3,"snapDist":11,"label":1}},{"type":"Feature","geometry":{"type":"Point","coordinates":[27.848545,43.246137]},"properties":{"name":"Кап. Петко войвода","lines":"20, 22, 118, 122, 148, 209, 209 Б","arr":["20","22","118","122","148","209","209 Б"],"terminus":0,"mode":"bus","color":"#0059a9","colorDark":"#00294f","angle":182.8,"snapDist":9,"label":0}},{"type":"Feature","geometry":{"type":"Point","coordinates":[27.852406,43.245976]},"properties":{"name":"Химик","lines":"20, 22, 118, 122, 148, 209, 209 Б","arr":["20","22","118","122","148","209","209 Б"],"terminus":0,"mode":"bus","color":"#0059a9","colorDark":"#00294f","angle":182.2,"snapDist":13,"label":0}},{"type":"Feature","geometry":{"type":"Point","coordinates":[27.857537,43.245073]},"properties":{"name":"Девня","lines":"20, 22, 118, 122, 148, 209, 209 Б","arr":["20","22","118","122","148","209","209 Б"],"terminus":0,"mode":"bus","color":"#0059a9","colorDark":"#00294f","angle":213.7,"snapDist":10,"label":0}},{"type":"Feature","geometry":{"type":"Point","coordinates":[27.86072,43.24143]},"properties":{"name":"Мургаш","lines":"20, 22, 82, 83, 88, 118, 122, 148, 209, 209 Б","arr":["20","22","82","83","88","118","122","148","209","209 Б"],"terminus":0,"mode":"bus","color":"#0059a9","colorDark":"#00294f","angle":179.8,"snapDist":3,"label":0}},{"type":"Feature","geometry":{"type":"Point","coordinates":[27.87176,43.239297]},"properties":{"name":"ТИС Север - Тролеи / Център","lines":"20, 83, 88","arr":["20","83","88"],"terminus":0,"mode":"bus","color":"#0059a9","colorDark":"#00294f","angle":185.4,"snapDist":9,"label":1}},{"type":"Feature","geometry":{"type":"Point","coordinates":[27.876507,43.239536]},"properties":{"name":"Осъм","lines":"20, 83, 88","arr":["20","83","88"],"terminus":0,"mode":"bus","color":"#0059a9","colorDark":"#00294f","angle":172.3,"snapDist":14,"label":0}},{"type":"Feature","geometry":{"type":"Point","coordinates":[27.880786,43.239785]},"properties":{"name":"3-ТИ март","lines":"20, 83, 88","arr":["20","83","88"],"terminus":0,"mode":"bus","color":"#0059a9","colorDark":"#00294f","angle":182.6,"snapDist":11,"label":0}},{"type":"Feature","geometry":{"type":"Point","coordinates":[27.884845,43.238763]},"properties":{"name":"Искър","lines":"20, 83, 88","arr":["20","83","88"],"terminus":0,"mode":"bus","color":"#0059a9","colorDark":"#00294f","angle":210.5,"snapDist":6,"label":0}},{"type":"Feature","geometry":{"type":"Point","coordinates":[27.888997,43.237047]},"properties":{"name":"Янтра","lines":"20, 83, 88","arr":["20","83","88"],"terminus":0,"mode":"bus","color":"#0059a9","colorDark":"#00294f","angle":210.7,"snapDist":7,"label":0}},{"type":"Feature","geometry":{"type":"Point","coordinates":[27.890513,43.234383]},"properties":{"name":"Огоста","lines":"20, 83, 88","arr":["20","83","88"],"terminus":0,"mode":"bus","color":"#0059a9","colorDark":"#00294f","angle":277.9,"snapDist":6,"label":0}},{"type":"Feature","geometry":{"type":"Point","coordinates":[27.894151,43.231965]},"properties":{"name":"Газостанция / Цар Освободител","lines":"20, 209, 209 Б","arr":["20","209","209 Б"],"terminus":0,"mode":"bus","color":"#0059a9","colorDark":"#00294f","angle":202.6,"snapDist":7,"label":1}},{"type":"Feature","geometry":{"type":"Point","coordinates":[27.904523,43.225164]},"properties":{"name":"Победа Цар Освободител","lines":"20, 209, 209 Б","arr":["20","209","209 Б"],"terminus":0,"mode":"bus","color":"#0059a9","colorDark":"#00294f","angle":249.4,"snapDist":11,"label":0}},{"type":"Feature","geometry":{"type":"Point","coordinates":[27.920989,43.209615]},"properties":{"name":"ПЛ. Съединение / Цар Освободител / до Орбита","lines":"20","arr":["20"],"terminus":0,"mode":"bus","color":"#0059a9","colorDark":"#00294f","angle":223.7,"snapDist":7,"label":1}},{"type":"Feature","geometry":{"type":"Point","coordinates":[27.869859,43.232827]},"properties":{"name":"Парк Музей ВЛ. Варненчик","lines":"22, 82, 118, 122","arr":["22","82","118","122"],"terminus":0,"mode":"bus","color":"#0059a9","colorDark":"#00294f","angle":272.7,"snapDist":6,"label":1}},{"type":"Feature","geometry":{"type":"Point","coordinates":[27.868401,43.22639]},"properties":{"name":"Школа МВР","lines":"22","arr":["22"],"terminus":0,"mode":"bus","color":"#0059a9","colorDark":"#00294f","angle":270.2,"snapDist":3,"label":1}},{"type":"Feature","geometry":{"type":"Point","coordinates":[27.868527,43.22631]},"properties":{"name":"Шkoлa МВР","lines":"22","arr":["22"],"terminus":0,"mode":"bus","color":"#0059a9","colorDark":"#00294f","angle":90,"snapDist":19,"label":1}},{"type":"Feature","geometry":{"type":"Point","coordinates":[27.869775,43.231241]},"properties":{"name":"Парк Музей ВЛ. Варненчик","lines":"22, 82, 118, 122","arr":["22","82","118","122"],"terminus":0,"mode":"bus","color":"#0059a9","colorDark":"#00294f","angle":96.2,"snapDist":12,"label":0}},{"type":"Feature","geometry":{"type":"Point","coordinates":[27.870334,43.234466]},"properties":{"name":"КАТ","lines":"22, 82, 118, 148, 209","arr":["22","82","118","148","209"],"terminus":0,"mode":"bus","color":"#0059a9","colorDark":"#00294f","angle":99.3,"snapDist":11,"label":0}},{"type":"Feature","geometry":{"type":"Point","coordinates":[27.871321,43.238931]},"properties":{"name":"ТИС-Север","lines":"22, 82, 118, 122, 148, 209, 209 Б","arr":["22","82","118","122","148","209","209 Б"],"terminus":0,"mode":"bus","color":"#0059a9","colorDark":"#00294f","angle":97.9,"snapDist":9,"label":0}},{"type":"Feature","geometry":{"type":"Point","coordinates":[27.913725,43.245134]},"properties":{"name":"Блоковете Каменар","lines":"23","arr":["23"],"terminus":1,"mode":"bus","color":"#0059a9","colorDark":"#00294f","angle":171.6,"snapDist":3,"label":1}},{"type":"Feature","geometry":{"type":"Point","coordinates":[27.908128,43.248548]},"properties":{"name":"Каменар Център","lines":"23","arr":["23"],"terminus":0,"mode":"bus","color":"#0059a9","colorDark":"#00294f","angle":12.3,"snapDist":8,"label":1}},{"type":"Feature","geometry":{"type":"Point","coordinates":[27.904573,43.250443]},"properties":{"name":"Разклон Куманово","lines":"23","arr":["23"],"terminus":0,"mode":"bus","color":"#0059a9","colorDark":"#00294f","angle":340.3,"snapDist":13,"label":1}},{"type":"Feature","geometry":{"type":"Point","coordinates":[27.899519,43.249327]},"properties":{"name":"Трафопост Каменар","lines":"23","arr":["23"],"terminus":0,"mode":"bus","color":"#0059a9","colorDark":"#00294f","angle":7.8,"snapDist":13,"label":1}},{"type":"Feature","geometry":{"type":"Point","coordinates":[27.894497,43.249903]},"properties":{"name":"Горска","lines":"23","arr":["23"],"terminus":0,"mode":"bus","color":"#0059a9","colorDark":"#00294f","angle":8.2,"snapDist":13,"label":1}},{"type":"Feature","geometry":{"type":"Point","coordinates":[27.892015,43.249768]},"properties":{"name":"Разклон Каменар","lines":"23","arr":["23"],"terminus":0,"mode":"bus","color":"#0059a9","colorDark":"#00294f","angle":60.3,"snapDist":12,"label":1}},{"type":"Feature","geometry":{"type":"Point","coordinates":[27.897626,43.242344]},"properties":{"name":"Свежест","lines":"23","arr":["23"],"terminus":0,"mode":"bus","color":"#0059a9","colorDark":"#00294f","angle":198,"snapDist":12,"label":1}},{"type":"Feature","geometry":{"type":"Point","coordinates":[27.90457,43.237662]},"properties":{"name":"Росица","lines":"23","arr":["23"],"terminus":0,"mode":"bus","color":"#0059a9","colorDark":"#00294f","angle":276.6,"snapDist":8,"label":1}},{"type":"Feature","geometry":{"type":"Point","coordinates":[27.905554,43.234991]},"properties":{"name":"Кантона","lines":"23","arr":["23"],"terminus":0,"mode":"bus","color":"#0059a9","colorDark":"#00294f","angle":244.4,"snapDist":5,"label":1}},{"type":"Feature","geometry":{"type":"Point","coordinates":[27.905913,43.232198]},"properties":{"name":"Балкантурист","lines":"23","arr":["23"],"terminus":0,"mode":"bus","color":"#0059a9","colorDark":"#00294f","angle":305.3,"snapDist":6,"label":1}},{"type":"Feature","geometry":{"type":"Point","coordinates":[27.906323,43.228549]},"properties":{"name":"Лозарска - Вятърна Мелница","lines":"23","arr":["23"],"terminus":0,"mode":"bus","color":"#0059a9","colorDark":"#00294f","angle":243.9,"snapDist":5,"label":1}},{"type":"Feature","geometry":{"type":"Point","coordinates":[27.901939,43.201559]},"properties":{"name":"Локомотивно Депо","lines":"23","arr":["23"],"terminus":0,"mode":"bus","color":"#0059a9","colorDark":"#00294f","angle":189.9,"snapDist":4,"label":1}},{"type":"Feature","geometry":{"type":"Point","coordinates":[27.901979,43.201656]},"properties":{"name":"Локомотивно Депо","lines":"23","arr":["23"],"terminus":0,"mode":"bus","color":"#0059a9","colorDark":"#00294f","angle":8.2,"snapDist":6,"label":0}},{"type":"Feature","geometry":{"type":"Point","coordinates":[27.9056,43.203287]},"properties":{"name":"Благой Касабов","lines":"23, 36, 37, 55","arr":["23","36","37","55"],"terminus":0,"mode":"bus","color":"#0059a9","colorDark":"#00294f","angle":51.6,"snapDist":4,"label":1}},{"type":"Feature","geometry":{"type":"Point","coordinates":[27.901755,43.205804]},"properties":{"name":"Лаврентий","lines":"23","arr":["23"],"terminus":0,"mode":"bus","color":"#0059a9","colorDark":"#00294f","angle":42.4,"snapDist":5,"label":1}},{"type":"Feature","geometry":{"type":"Point","coordinates":[27.906294,43.22859]},"properties":{"name":"Лозарска - Вятърна Мелница","lines":"23","arr":["23"],"terminus":0,"mode":"bus","color":"#0059a9","colorDark":"#00294f","angle":62.6,"snapDist":10,"label":0}},{"type":"Feature","geometry":{"type":"Point","coordinates":[27.906085,43.232376]},"properties":{"name":"Балкантурист","lines":"23","arr":["23"],"terminus":0,"mode":"bus","color":"#0059a9","colorDark":"#00294f","angle":125.3,"snapDist":10,"label":0}},{"type":"Feature","geometry":{"type":"Point","coordinates":[27.905336,43.235316]},"properties":{"name":"Кантона","lines":"23","arr":["23"],"terminus":0,"mode":"bus","color":"#0059a9","colorDark":"#00294f","angle":63.5,"snapDist":9,"label":0}},{"type":"Feature","geometry":{"type":"Point","coordinates":[27.904609,43.237964]},"properties":{"name":"Росица","lines":"23","arr":["23"],"terminus":0,"mode":"bus","color":"#0059a9","colorDark":"#00294f","angle":95.5,"snapDist":5,"label":0}},{"type":"Feature","geometry":{"type":"Point","coordinates":[27.897242,43.242443]},"properties":{"name":"Свежест","lines":"23","arr":["23"],"terminus":0,"mode":"bus","color":"#0059a9","colorDark":"#00294f","angle":21.3,"snapDist":15,"label":0}},{"type":"Feature","geometry":{"type":"Point","coordinates":[27.891912,43.250044]},"properties":{"name":"Разклон Каменар","lines":"23","arr":["23"],"terminus":0,"mode":"bus","color":"#0059a9","colorDark":"#00294f","angle":92.1,"snapDist":13,"label":0}},{"type":"Feature","geometry":{"type":"Point","coordinates":[27.895115,43.249833]},"properties":{"name":"Горска","lines":"23","arr":["23"],"terminus":0,"mode":"bus","color":"#0059a9","colorDark":"#00294f","angle":188.4,"snapDist":3,"label":0}},{"type":"Feature","geometry":{"type":"Point","coordinates":[27.899363,43.249343]},"properties":{"name":"Трафопост","lines":"23","arr":["23"],"terminus":0,"mode":"bus","color":"#0059a9","colorDark":"#00294f","angle":187.8,"snapDist":4,"label":1}},{"type":"Feature","geometry":{"type":"Point","coordinates":[27.904679,43.250471]},"properties":{"name":"Разклон Куманово","lines":"23","arr":["23"],"terminus":0,"mode":"bus","color":"#0059a9","colorDark":"#00294f","angle":160,"snapDist":0,"label":0}},{"type":"Feature","geometry":{"type":"Point","coordinates":[27.908471,43.248466]},"properties":{"name":"Каменар Център","lines":"23","arr":["23"],"terminus":0,"mode":"bus","color":"#0059a9","colorDark":"#00294f","angle":205.7,"snapDist":2,"label":0}},{"type":"Feature","geometry":{"type":"Point","coordinates":[27.91359,43.245119]},"properties":{"name":"Блоковете / Каменар Пристигащи","lines":"23","arr":["23"],"terminus":1,"mode":"bus","color":"#0059a9","colorDark":"#00294f","angle":351.6,"snapDist":6,"label":1}},{"type":"Feature","geometry":{"type":"Point","coordinates":[28.017551,43.277348]},"properties":{"name":"Аладжа манастир","lines":"29","arr":["29"],"terminus":1,"mode":"bus","color":"#0059a9","colorDark":"#00294f","angle":329.1,"snapDist":12,"label":1}},{"type":"Feature","geometry":{"type":"Point","coordinates":[27.998597,43.259297]},"properties":{"name":"Вилите Аладжа манастир","lines":"29","arr":["29"],"terminus":0,"mode":"bus","color":"#0059a9","colorDark":"#00294f","angle":297.2,"snapDist":23,"label":1}},{"type":"Feature","geometry":{"type":"Point","coordinates":[27.997603,43.254909]},"properties":{"name":"Ново Гробище","lines":"29","arr":["29"],"terminus":0,"mode":"bus","color":"#0059a9","colorDark":"#00294f","angle":289.8,"snapDist":27,"label":1}},{"type":"Feature","geometry":{"type":"Point","coordinates":[28.000092,43.25124]},"properties":{"name":"Бор","lines":"29","arr":["29"],"terminus":0,"mode":"bus","color":"#0059a9","colorDark":"#00294f","angle":270,"snapDist":24,"label":1}},{"type":"Feature","geometry":{"type":"Point","coordinates":[27.987986,43.249818]},"properties":{"name":"ДОМ Майка и Дете","lines":"29, 31, 31A","arr":["29","31","31A"],"terminus":1,"mode":"bus","color":"#0059a9","colorDark":"#00294f","angle":-153.5,"snapDist":8,"label":1}},{"type":"Feature","geometry":{"type":"Point","coordinates":[27.983535,43.24785]},"properties":{"name":"Черно море Виница","lines":"29, 31, 31A","arr":["29","31","31A"],"terminus":0,"mode":"bus","color":"#0059a9","colorDark":"#00294f","angle":321.4,"snapDist":7,"label":1}},{"type":"Feature","geometry":{"type":"Point","coordinates":[27.981136,43.245379]},"properties":{"name":"Център Виница","lines":"29, 31, 31A","arr":["29","31","31A"],"terminus":0,"mode":"bus","color":"#0059a9","colorDark":"#00294f","angle":308,"snapDist":11,"label":1}},{"type":"Feature","geometry":{"type":"Point","coordinates":[27.978179,43.242689]},"properties":{"name":"Чешмата Виница","lines":"29, 31","arr":["29","31"],"terminus":0,"mode":"bus","color":"#0059a9","colorDark":"#00294f","angle":309.2,"snapDist":12,"label":1}},{"type":"Feature","geometry":{"type":"Point","coordinates":[27.97371,43.239786]},"properties":{"name":"Д-Р Николаев","lines":"29, 31","arr":["29","31"],"terminus":0,"mode":"bus","color":"#0059a9","colorDark":"#00294f","angle":332.2,"snapDist":11,"label":1}},{"type":"Feature","geometry":{"type":"Point","coordinates":[27.968263,43.235349]},"properties":{"name":"Захари Дончев","lines":"29, 31","arr":["29","31"],"terminus":0,"mode":"bus","color":"#0059a9","colorDark":"#00294f","angle":271,"snapDist":9,"label":1}},{"type":"Feature","geometry":{"type":"Point","coordinates":[27.965309,43.227835]},"properties":{"name":"Разклон Виница","lines":"29, 30, 31","arr":["29","30","31"],"terminus":0,"mode":"bus","color":"#0059a9","colorDark":"#00294f","angle":296,"snapDist":4,"label":1}},{"type":"Feature","geometry":{"type":"Point","coordinates":[27.960965,43.226098]},"properties":{"name":"Светкавица","lines":"29, 30, 31","arr":["29","30","31"],"terminus":0,"mode":"bus","color":"#0059a9","colorDark":"#00294f","angle":304.3,"snapDist":4,"label":1}},{"type":"Feature","geometry":{"type":"Point","coordinates":[27.953784,43.226479]},"properties":{"name":"Моста","lines":"29, 30, 31","arr":["29","30","31"],"terminus":0,"mode":"bus","color":"#0059a9","colorDark":"#00294f","angle":356.5,"snapDist":6,"label":1}},{"type":"Feature","geometry":{"type":"Point","coordinates":[27.948874,43.226303]},"properties":{"name":"Резервоара","lines":"29, 30, 31","arr":["29","30","31"],"terminus":0,"mode":"bus","color":"#0059a9","colorDark":"#00294f","angle":357.8,"snapDist":9,"label":1}},{"type":"Feature","geometry":{"type":"Point","coordinates":[27.942209,43.225005]},"properties":{"name":"Лотос","lines":"29, 30, 31","arr":["29","30","31"],"terminus":0,"mode":"bus","color":"#0059a9","colorDark":"#00294f","angle":319.1,"snapDist":11,"label":1}},{"type":"Feature","geometry":{"type":"Point","coordinates":[27.943274,43.225601]},"properties":{"name":"Лотос","lines":"29, 30, 31","arr":["29","30","31"],"terminus":0,"mode":"bus","color":"#0059a9","colorDark":"#00294f","angle":145.3,"snapDist":12,"label":0}},{"type":"Feature","geometry":{"type":"Point","coordinates":[27.949375,43.226321]},"properties":{"name":"Резервоара","lines":"29, 30, 31","arr":["29","30","31"],"terminus":0,"mode":"bus","color":"#0059a9","colorDark":"#00294f","angle":177.9,"snapDist":11,"label":0}},{"type":"Feature","geometry":{"type":"Point","coordinates":[27.955062,43.226621]},"properties":{"name":"Моста","lines":"29, 30, 31","arr":["29","30","31"],"terminus":0,"mode":"bus","color":"#0059a9","colorDark":"#00294f","angle":151.6,"snapDist":12,"label":0}},{"type":"Feature","geometry":{"type":"Point","coordinates":[27.960425,43.225649]},"properties":{"name":"Светкавица","lines":"29, 30, 31","arr":["29","30","31"],"terminus":0,"mode":"bus","color":"#0059a9","colorDark":"#00294f","angle":142.1,"snapDist":13,"label":0}},{"type":"Feature","geometry":{"type":"Point","coordinates":[27.966057,43.228802]},"properties":{"name":"Разклон Виница","lines":"29, 30, 31","arr":["29","30","31"],"terminus":0,"mode":"bus","color":"#0059a9","colorDark":"#00294f","angle":104.7,"snapDist":9,"label":0}},{"type":"Feature","geometry":{"type":"Point","coordinates":[27.968208,43.234725]},"properties":{"name":"Захари Дончев","lines":"29, 31","arr":["29","31"],"terminus":0,"mode":"bus","color":"#0059a9","colorDark":"#00294f","angle":94,"snapDist":7,"label":0}},{"type":"Feature","geometry":{"type":"Point","coordinates":[27.972636,43.239234]},"properties":{"name":"Д-Р Николаев","lines":"29, 31","arr":["29","31"],"terminus":0,"mode":"bus","color":"#0059a9","colorDark":"#00294f","angle":144,"snapDist":9,"label":0}},{"type":"Feature","geometry":{"type":"Point","coordinates":[27.977343,43.241885]},"properties":{"name":"Чешмата Виница","lines":"29, 31","arr":["29","31"],"terminus":0,"mode":"bus","color":"#0059a9","colorDark":"#00294f","angle":127.8,"snapDist":3,"label":0}},{"type":"Feature","geometry":{"type":"Point","coordinates":[27.98093,43.245188]},"properties":{"name":"Център Виница","lines":"29, 31, 31A","arr":["29","31","31A"],"terminus":0,"mode":"bus","color":"#0059a9","colorDark":"#00294f","angle":128.6,"snapDist":10,"label":0}},{"type":"Feature","geometry":{"type":"Point","coordinates":[27.984007,43.248111]},"properties":{"name":"Черно море Виница","lines":"29, 31, 31A","arr":["29","31","31A"],"terminus":0,"mode":"bus","color":"#0059a9","colorDark":"#00294f","angle":139.7,"snapDist":2,"label":0}},{"type":"Feature","geometry":{"type":"Point","coordinates":[27.987742,43.249519]},"properties":{"name":"ДОМ Майка и Дете","lines":"29, 31, 31A","arr":["29","31","31A"],"terminus":1,"mode":"bus","color":"#0059a9","colorDark":"#00294f","angle":12.2,"snapDist":7,"label":0}},{"type":"Feature","geometry":{"type":"Point","coordinates":[28.000513,43.250505]},"properties":{"name":"Бор за Аладжа манастир","lines":"29","arr":["29"],"terminus":0,"mode":"bus","color":"#0059a9","colorDark":"#00294f","angle":58.8,"snapDist":5,"label":1}},{"type":"Feature","geometry":{"type":"Point","coordinates":[27.997673,43.25505]},"properties":{"name":"Ново Гробище","lines":"29","arr":["29"],"terminus":0,"mode":"bus","color":"#0059a9","colorDark":"#00294f","angle":-70.2,"snapDist":10,"label":0}},{"type":"Feature","geometry":{"type":"Point","coordinates":[27.99877,43.259614]},"properties":{"name":"Вилите Аладжа манастир","lines":"29","arr":["29"],"terminus":0,"mode":"bus","color":"#0059a9","colorDark":"#00294f","angle":108.5,"snapDist":12,"label":0}},{"type":"Feature","geometry":{"type":"Point","coordinates":[28.017784,43.277429]},"properties":{"name":"Аладжа манастир / Пристигащи","lines":"29","arr":["29"],"terminus":1,"mode":"bus","color":"#0059a9","colorDark":"#00294f","angle":166.7,"snapDist":5,"label":1}},{"type":"Feature","geometry":{"type":"Point","coordinates":[27.964028,43.250927]},"properties":{"name":"Добрева Чешма / Заминаващи","lines":"30","arr":["30"],"terminus":1,"mode":"bus","color":"#0059a9","colorDark":"#00294f","angle":19.7,"snapDist":16,"label":1}},{"type":"Feature","geometry":{"type":"Point","coordinates":[27.958715,43.249772]},"properties":{"name":"Добрева Чешма","lines":"30","arr":["30"],"terminus":0,"mode":"bus","color":"#0059a9","colorDark":"#00294f","angle":281.8,"snapDist":15,"label":1}},{"type":"Feature","geometry":{"type":"Point","coordinates":[27.957104,43.243374]},"properties":{"name":"Поделението","lines":"30","arr":["30"],"terminus":0,"mode":"bus","color":"#0059a9","colorDark":"#00294f","angle":263.4,"snapDist":13,"label":1}},{"type":"Feature","geometry":{"type":"Point","coordinates":[27.959607,43.23855]},"properties":{"name":"Телевизионна Кула","lines":"30","arr":["30"],"terminus":0,"mode":"bus","color":"#0059a9","colorDark":"#00294f","angle":252.7,"snapDist":26,"label":1}},{"type":"Feature","geometry":{"type":"Point","coordinates":[27.957124,43.243246]},"properties":{"name":"Поделението","lines":"30","arr":["30"],"terminus":0,"mode":"bus","color":"#0059a9","colorDark":"#00294f","angle":83.5,"snapDist":23,"label":0}},{"type":"Feature","geometry":{"type":"Point","coordinates":[27.958562,43.249149]},"properties":{"name":"Добрева Чешма","lines":"30","arr":["30"],"terminus":0,"mode":"bus","color":"#0059a9","colorDark":"#00294f","angle":103.1,"snapDist":19,"label":0}},{"type":"Feature","geometry":{"type":"Point","coordinates":[27.964091,43.250911]},"properties":{"name":"Добрева Чешма / Пристигащи","lines":"30","arr":["30"],"terminus":1,"mode":"bus","color":"#0059a9","colorDark":"#00294f","angle":200.3,"snapDist":16,"label":1}},{"type":"Feature","geometry":{"type":"Point","coordinates":[27.985519,43.240773]},"properties":{"name":"Гробище Виница","lines":"31A","arr":["31A"],"terminus":0,"mode":"bus","color":"#0059a9","colorDark":"#00294f","angle":231.3,"snapDist":4,"label":1}},{"type":"Feature","geometry":{"type":"Point","coordinates":[27.988655,43.239016]},"properties":{"name":"Вилна Зона Виница","lines":"31A","arr":["31A"],"terminus":0,"mode":"bus","color":"#0059a9","colorDark":"#00294f","angle":219.9,"snapDist":9,"label":1}},{"type":"Feature","geometry":{"type":"Point","coordinates":[27.991572,43.235729]},"properties":{"name":"Черноморец Виница","lines":"31A","arr":["31A"],"terminus":0,"mode":"bus","color":"#0059a9","colorDark":"#00294f","angle":226.8,"snapDist":8,"label":1}},{"type":"Feature","geometry":{"type":"Point","coordinates":[27.997525,43.233462]},"properties":{"name":"Летовище","lines":"31A","arr":["31A"],"terminus":0,"mode":"bus","color":"#0059a9","colorDark":"#00294f","angle":207.4,"snapDist":11,"label":1}},{"type":"Feature","geometry":{"type":"Point","coordinates":[28.006456,43.231572]},"properties":{"name":"ЛЕТОВИЩЕ / КПП / ВХОД КК за Варна","lines":"31A","arr":["31A"],"terminus":0,"mode":"bus","color":"#0059a9","colorDark":"#00294f","angle":221.4,"snapDist":3,"label":1}},{"type":"Feature","geometry":{"type":"Point","coordinates":[28.010761,43.23263]},"properties":{"name":"СВ. СВ. Константин и Елена","lines":"31A","arr":["31A"],"terminus":0,"mode":"bus","color":"#0059a9","colorDark":"#00294f","angle":281.6,"snapDist":6,"label":1}},{"type":"Feature","geometry":{"type":"Point","coordinates":[28.006584,43.231639]},"properties":{"name":"Летовище КПП / Изход за Варна","lines":"31A","arr":["31A"],"terminus":0,"mode":"bus","color":"#0059a9","colorDark":"#00294f","angle":20.7,"snapDist":1,"label":1}},{"type":"Feature","geometry":{"type":"Point","coordinates":[28.010909,43.232591]},"properties":{"name":"СВ. СВ. Константин и Елена","lines":"31A","arr":["31A"],"terminus":0,"mode":"bus","color":"#0059a9","colorDark":"#00294f","angle":107.5,"snapDist":8,"label":0}},{"type":"Feature","geometry":{"type":"Point","coordinates":[28.006707,43.231606]},"properties":{"name":"ЛЕТОВИЩЕ / КПП / ИЗХОД ОТ Варна","lines":"31A","arr":["31A"],"terminus":0,"mode":"bus","color":"#0059a9","colorDark":"#00294f","angle":20.7,"snapDist":3,"label":1}},{"type":"Feature","geometry":{"type":"Point","coordinates":[27.995114,43.234066]},"properties":{"name":"Летовище","lines":"31A","arr":["31A"],"terminus":0,"mode":"bus","color":"#0059a9","colorDark":"#00294f","angle":9.1,"snapDist":8,"label":0}},{"type":"Feature","geometry":{"type":"Point","coordinates":[27.991755,43.235594]},"properties":{"name":"Черноморец / Виница","lines":"31A","arr":["31A"],"terminus":0,"mode":"bus","color":"#0059a9","colorDark":"#00294f","angle":43.2,"snapDist":10,"label":1}},{"type":"Feature","geometry":{"type":"Point","coordinates":[27.987993,43.239439]},"properties":{"name":"Вилна Зона Виница","lines":"31A","arr":["31A"],"terminus":0,"mode":"bus","color":"#0059a9","colorDark":"#00294f","angle":41.1,"snapDist":5,"label":0}},{"type":"Feature","geometry":{"type":"Point","coordinates":[27.985544,43.240749]},"properties":{"name":"Гробище Виница","lines":"31A","arr":["31A"],"terminus":0,"mode":"bus","color":"#0059a9","colorDark":"#00294f","angle":52.1,"snapDist":4,"label":0}},{"type":"Feature","geometry":{"type":"Point","coordinates":[27.882244,43.184376]},"properties":{"name":"Джанавара","lines":"36, 37","arr":["36","37"],"terminus":0,"mode":"bus","color":"#0059a9","colorDark":"#00294f","angle":264.7,"snapDist":8,"label":0}},{"type":"Feature","geometry":{"type":"Point","coordinates":[27.87488,43.187918]},"properties":{"name":"Хидробаза","lines":"36, 37","arr":["36","37"],"terminus":0,"mode":"bus","color":"#0059a9","colorDark":"#00294f","angle":4.5,"snapDist":10,"label":1}},{"type":"Feature","geometry":{"type":"Point","coordinates":[27.869948,43.187817]},"properties":{"name":"Гребна База","lines":"36, 37","arr":["36","37"],"terminus":0,"mode":"bus","color":"#0059a9","colorDark":"#00294f","angle":341.6,"snapDist":10,"label":1}},{"type":"Feature","geometry":{"type":"Point","coordinates":[27.848306,43.184364]},"properties":{"name":"Чайка","lines":"36, 37","arr":["36","37"],"terminus":0,"mode":"bus","color":"#0059a9","colorDark":"#00294f","angle":338.2,"snapDist":8,"label":1}},{"type":"Feature","geometry":{"type":"Point","coordinates":[27.850018,43.181571]},"properties":{"name":"Туфла Кула","lines":"36, 37","arr":["36","37"],"terminus":0,"mode":"bus","color":"#0059a9","colorDark":"#00294f","angle":260.2,"snapDist":7,"label":1}},{"type":"Feature","geometry":{"type":"Point","coordinates":[27.851457,43.16477]},"properties":{"name":"Оранжериите","lines":"36, 37","arr":["36","37"],"terminus":0,"mode":"bus","color":"#0059a9","colorDark":"#00294f","angle":276,"snapDist":10,"label":1}},{"type":"Feature","geometry":{"type":"Point","coordinates":[27.849784,43.160035]},"properties":{"name":"Чешмата Звездица","lines":"36, 37","arr":["36","37"],"terminus":0,"mode":"bus","color":"#0059a9","colorDark":"#00294f","angle":62,"snapDist":11,"label":1}},{"type":"Feature","geometry":{"type":"Point","coordinates":[27.844282,43.158574]},"properties":{"name":"Звездица","lines":"36, 37","arr":["36","37"],"terminus":0,"mode":"bus","color":"#0059a9","colorDark":"#00294f","angle":296.7,"snapDist":7,"label":1}},{"type":"Feature","geometry":{"type":"Point","coordinates":[27.838017,43.156125]},"properties":{"name":"Звездица Център Пристигащи","lines":"36, 37","arr":["36","37"],"terminus":1,"mode":"bus","color":"#0059a9","colorDark":"#00294f","angle":165.8,"snapDist":14,"label":1}},{"type":"Feature","geometry":{"type":"Point","coordinates":[27.840904,43.154829]},"properties":{"name":"Касиопея","lines":"36","arr":["36"],"terminus":0,"mode":"bus","color":"#0059a9","colorDark":"#00294f","angle":337.8,"snapDist":7,"label":1}},{"type":"Feature","geometry":{"type":"Point","coordinates":[27.83397,43.152929]},"properties":{"name":"Сатурн","lines":"36","arr":["36"],"terminus":0,"mode":"bus","color":"#0059a9","colorDark":"#00294f","angle":76.4,"snapDist":10,"label":1}},{"type":"Feature","geometry":{"type":"Point","coordinates":[27.837748,43.156075]},"properties":{"name":"Звездица Център / Заминаващи","lines":"36","arr":["36"],"terminus":1,"mode":"bus","color":"#0059a9","colorDark":"#00294f","angle":165.8,"snapDist":6,"label":1}},{"type":"Feature","geometry":{"type":"Point","coordinates":[27.844302,43.158602]},"properties":{"name":"Звездица","lines":"36","arr":["36"],"terminus":0,"mode":"bus","color":"#0059a9","colorDark":"#00294f","angle":116.7,"snapDist":8,"label":0}},{"type":"Feature","geometry":{"type":"Point","coordinates":[27.849792,43.160025]},"properties":{"name":"Чешмата на Звездица","lines":"36","arr":["36"],"terminus":0,"mode":"bus","color":"#0059a9","colorDark":"#00294f","angle":242,"snapDist":1,"label":1}},{"type":"Feature","geometry":{"type":"Point","coordinates":[27.850011,43.1816]},"properties":{"name":"Туфла Кула","lines":"36","arr":["36"],"terminus":0,"mode":"bus","color":"#0059a9","colorDark":"#00294f","angle":80.2,"snapDist":7,"label":0}},{"type":"Feature","geometry":{"type":"Point","coordinates":[27.848313,43.184365]},"properties":{"name":"Чайка","lines":"36, 37","arr":["36","37"],"terminus":0,"mode":"bus","color":"#0059a9","colorDark":"#00294f","angle":158.2,"snapDist":10,"label":0}},{"type":"Feature","geometry":{"type":"Point","coordinates":[27.869083,43.187593]},"properties":{"name":"Гребна База","lines":"36, 37","arr":["36","37"],"terminus":0,"mode":"bus","color":"#0059a9","colorDark":"#00294f","angle":159.8,"snapDist":11,"label":0}},{"type":"Feature","geometry":{"type":"Point","coordinates":[27.873833,43.187551]},"properties":{"name":"Хидробаза","lines":"36, 37","arr":["36","37"],"terminus":0,"mode":"bus","color":"#0059a9","colorDark":"#00294f","angle":199.3,"snapDist":13,"label":0}},{"type":"Feature","geometry":{"type":"Point","coordinates":[27.882392,43.184178]},"properties":{"name":"Джанавара / Селата","lines":"36, 37","arr":["36","37"],"terminus":0,"mode":"bus","color":"#0059a9","colorDark":"#00294f","angle":152.6,"snapDist":4,"label":1}},{"type":"Feature","geometry":{"type":"Point","coordinates":[27.836686,43.184958]},"properties":{"name":"Рибарско Селище","lines":"37","arr":["37"],"terminus":0,"mode":"bus","color":"#0059a9","colorDark":"#00294f","angle":8.3,"snapDist":8,"label":1}},{"type":"Feature","geometry":{"type":"Point","coordinates":[27.821071,43.1825]},"properties":{"name":"Амонал","lines":"37","arr":["37"],"terminus":0,"mode":"bus","color":"#0059a9","colorDark":"#00294f","angle":359.6,"snapDist":9,"label":1}},{"type":"Feature","geometry":{"type":"Point","coordinates":[27.806137,43.182002]},"properties":{"name":"Х.Звездица","lines":"37","arr":["37"],"terminus":0,"mode":"bus","color":"#0059a9","colorDark":"#00294f","angle":5.5,"snapDist":11,"label":1}},{"type":"Feature","geometry":{"type":"Point","coordinates":[27.794785,43.182098]},"properties":{"name":"Лозарска Констатиново","lines":"37","arr":["37"],"terminus":0,"mode":"bus","color":"#0059a9","colorDark":"#00294f","angle":347.3,"snapDist":9,"label":1}},{"type":"Feature","geometry":{"type":"Point","coordinates":[27.790527,43.17497]},"properties":{"name":"Навеса","lines":"37","arr":["37"],"terminus":0,"mode":"bus","color":"#0059a9","colorDark":"#00294f","angle":280.5,"snapDist":6,"label":1}},{"type":"Feature","geometry":{"type":"Point","coordinates":[27.77643,43.167062]},"properties":{"name":"Разклон Константиново","lines":"37","arr":["37"],"terminus":0,"mode":"bus","color":"#0059a9","colorDark":"#00294f","angle":248.5,"snapDist":10,"label":1}},{"type":"Feature","geometry":{"type":"Point","coordinates":[27.778097,43.16369]},"properties":{"name":"Константиново Център","lines":"37","arr":["37"],"terminus":0,"mode":"bus","color":"#0059a9","colorDark":"#00294f","angle":238.7,"snapDist":15,"label":1}},{"type":"Feature","geometry":{"type":"Point","coordinates":[27.782254,43.165799]},"properties":{"name":"Константиново обръщач / Пристигащи","lines":"37","arr":["37"],"terminus":1,"mode":"bus","color":"#0059a9","colorDark":"#00294f","angle":-46.7,"snapDist":8,"label":1}},{"type":"Feature","geometry":{"type":"Point","coordinates":[27.782018,43.165766]},"properties":{"name":"Константиново обръщач / Заминаващи","lines":"37","arr":["37"],"terminus":1,"mode":"bus","color":"#0059a9","colorDark":"#00294f","angle":19,"snapDist":7,"label":1}},{"type":"Feature","geometry":{"type":"Point","coordinates":[27.778083,43.163706]},"properties":{"name":"Константиново Център","lines":"37","arr":["37"],"terminus":0,"mode":"bus","color":"#0059a9","colorDark":"#00294f","angle":58.7,"snapDist":7,"label":0}},{"type":"Feature","geometry":{"type":"Point","coordinates":[27.776387,43.16714]},"properties":{"name":"Разклон Константиново","lines":"37","arr":["37"],"terminus":0,"mode":"bus","color":"#0059a9","colorDark":"#00294f","angle":68,"snapDist":9,"label":0}},{"type":"Feature","geometry":{"type":"Point","coordinates":[27.790591,43.175219]},"properties":{"name":"Навеса","lines":"37","arr":["37"],"terminus":0,"mode":"bus","color":"#0059a9","colorDark":"#00294f","angle":100.5,"snapDist":11,"label":0}},{"type":"Feature","geometry":{"type":"Point","coordinates":[27.79608,43.182343]},"properties":{"name":"Лозарска Константиново","lines":"37","arr":["37"],"terminus":0,"mode":"bus","color":"#0059a9","colorDark":"#00294f","angle":162.3,"snapDist":13,"label":1}},{"type":"Feature","geometry":{"type":"Point","coordinates":[27.806282,43.181992]},"properties":{"name":"Х. Звездица","lines":"37","arr":["37"],"terminus":0,"mode":"bus","color":"#0059a9","colorDark":"#00294f","angle":185.5,"snapDist":10,"label":1}},{"type":"Feature","geometry":{"type":"Point","coordinates":[27.82122,43.182501]},"properties":{"name":"Амонал","lines":"37","arr":["37"],"terminus":0,"mode":"bus","color":"#0059a9","colorDark":"#00294f","angle":179.6,"snapDist":5,"label":0}},{"type":"Feature","geometry":{"type":"Point","coordinates":[27.838639,43.184741]},"properties":{"name":"Рибарско Селище","lines":"37","arr":["37"],"terminus":0,"mode":"bus","color":"#0059a9","colorDark":"#00294f","angle":189.6,"snapDist":5,"label":0}},{"type":"Feature","geometry":{"type":"Point","coordinates":[27.864056,43.212609]},"properties":{"name":"Опсо","lines":"39","arr":["39"],"terminus":1,"mode":"bus","color":"#0059a9","colorDark":"#00294f","angle":74.2,"snapDist":5,"label":1}},{"type":"Feature","geometry":{"type":"Point","coordinates":[27.870077,43.216706]},"properties":{"name":"Викинг","lines":"39","arr":["39"],"terminus":0,"mode":"bus","color":"#0059a9","colorDark":"#00294f","angle":153.5,"snapDist":13,"label":1}},{"type":"Feature","geometry":{"type":"Point","coordinates":[27.873165,43.217427]},"properties":{"name":"Геозащита","lines":"39","arr":["39"],"terminus":0,"mode":"bus","color":"#0059a9","colorDark":"#00294f","angle":161.5,"snapDist":9,"label":1}},{"type":"Feature","geometry":{"type":"Point","coordinates":[27.875425,43.219074]},"properties":{"name":"Обръщач 39","lines":"39","arr":["39"],"terminus":1,"mode":"bus","color":"#0059a9","colorDark":"#00294f","angle":41.7,"snapDist":13,"label":1}},{"type":"Feature","geometry":{"type":"Point","coordinates":[27.880392,43.21272]},"properties":{"name":"СМК за Почивка","lines":"39","arr":["39"],"terminus":0,"mode":"bus","color":"#0059a9","colorDark":"#00294f","angle":219.2,"snapDist":1,"label":1}},{"type":"Feature","geometry":{"type":"Point","coordinates":[27.882811,43.211376]},"properties":{"name":"Звезда","lines":"39","arr":["39"],"terminus":0,"mode":"bus","color":"#0059a9","colorDark":"#00294f","angle":207.9,"snapDist":7,"label":1}},{"type":"Feature","geometry":{"type":"Point","coordinates":[27.887206,43.210591]},"properties":{"name":"Топла Вода","lines":"39","arr":["39"],"terminus":0,"mode":"bus","color":"#0059a9","colorDark":"#00294f","angle":174.9,"snapDist":5,"label":1}},{"type":"Feature","geometry":{"type":"Point","coordinates":[27.890438,43.208303]},"properties":{"name":"Христо Ботев","lines":"39","arr":["39"],"terminus":0,"mode":"bus","color":"#0059a9","colorDark":"#00294f","angle":201.9,"snapDist":4,"label":1}},{"type":"Feature","geometry":{"type":"Point","coordinates":[27.895739,43.207234]},"properties":{"name":"Елин Пелин","lines":"39","arr":["39"],"terminus":0,"mode":"bus","color":"#0059a9","colorDark":"#00294f","angle":194.1,"snapDist":6,"label":1}},{"type":"Feature","geometry":{"type":"Point","coordinates":[27.899628,43.206682]},"properties":{"name":"Тодор Влайков","lines":"39","arr":["39"],"terminus":0,"mode":"bus","color":"#0059a9","colorDark":"#00294f","angle":198.2,"snapDist":7,"label":1}},{"type":"Feature","geometry":{"type":"Point","coordinates":[27.899624,43.206682]},"properties":{"name":"Тодор Влайков","lines":"39","arr":["39"],"terminus":0,"mode":"bus","color":"#0059a9","colorDark":"#00294f","angle":18.2,"snapDist":7,"label":0}},{"type":"Feature","geometry":{"type":"Point","coordinates":[27.897207,43.207019]},"properties":{"name":"Елин Пелин","lines":"39","arr":["39"],"terminus":0,"mode":"bus","color":"#0059a9","colorDark":"#00294f","angle":10.3,"snapDist":6,"label":0}},{"type":"Feature","geometry":{"type":"Point","coordinates":[27.891805,43.207981]},"properties":{"name":"Христо Ботев","lines":"39","arr":["39"],"terminus":0,"mode":"bus","color":"#0059a9","colorDark":"#00294f","angle":12.8,"snapDist":6,"label":0}},{"type":"Feature","geometry":{"type":"Point","coordinates":[27.887331,43.210585]},"properties":{"name":"Топла Вода","lines":"39","arr":["39"],"terminus":0,"mode":"bus","color":"#0059a9","colorDark":"#00294f","angle":8.5,"snapDist":5,"label":0}},{"type":"Feature","geometry":{"type":"Point","coordinates":[27.882811,43.211375]},"properties":{"name":"Звезда","lines":"39","arr":["39"],"terminus":0,"mode":"bus","color":"#0059a9","colorDark":"#00294f","angle":27.9,"snapDist":12,"label":0}},{"type":"Feature","geometry":{"type":"Point","coordinates":[27.875601,43.219084]},"properties":{"name":"Обръщач 39 / Пристигащи","lines":"39","arr":["39"],"terminus":1,"mode":"bus","color":"#0059a9","colorDark":"#00294f","angle":39.5,"snapDist":4,"label":1}},{"type":"Feature","geometry":{"type":"Point","coordinates":[27.873315,43.217464]},"properties":{"name":"Геозащита","lines":"39","arr":["39"],"terminus":0,"mode":"bus","color":"#0059a9","colorDark":"#00294f","angle":341.5,"snapDist":9,"label":0}},{"type":"Feature","geometry":{"type":"Point","coordinates":[27.870037,43.216691]},"properties":{"name":"Викинг","lines":"39","arr":["39"],"terminus":0,"mode":"bus","color":"#0059a9","colorDark":"#00294f","angle":333.5,"snapDist":9,"label":0}},{"type":"Feature","geometry":{"type":"Point","coordinates":[27.863876,43.212751]},"properties":{"name":"Опсо / Пристигащи","lines":"39","arr":["39"],"terminus":1,"mode":"bus","color":"#0059a9","colorDark":"#00294f","angle":193.7,"snapDist":5,"label":1}},{"type":"Feature","geometry":{"type":"Point","coordinates":[27.851063,43.252309]},"properties":{"name":"БЛ. 407","lines":"41, 83","arr":["41","83"],"terminus":0,"mode":"bus","color":"#0059a9","colorDark":"#00294f","angle":124.9,"snapDist":8,"label":1}},{"type":"Feature","geometry":{"type":"Point","coordinates":[27.844878,43.253771]},"properties":{"name":"Богдан","lines":"41, 83","arr":["41","83"],"terminus":0,"mode":"bus","color":"#0059a9","colorDark":"#00294f","angle":338.3,"snapDist":8,"label":1}},{"type":"Feature","geometry":{"type":"Point","coordinates":[27.840787,43.248776]},"properties":{"name":"Мусала","lines":"41, 83","arr":["41","83"],"terminus":0,"mode":"bus","color":"#0059a9","colorDark":"#00294f","angle":275,"snapDist":5,"label":1}},{"type":"Feature","geometry":{"type":"Point","coordinates":[27.840827,43.245242]},"properties":{"name":"Ком","lines":"41, 118","arr":["41","118"],"terminus":0,"mode":"bus","color":"#0059a9","colorDark":"#00294f","angle":257.9,"snapDist":6,"label":1}},{"type":"Feature","geometry":{"type":"Point","coordinates":[27.841729,43.243005]},"properties":{"name":"Черни връх","lines":"41, 118","arr":["41","118"],"terminus":0,"mode":"bus","color":"#0059a9","colorDark":"#00294f","angle":243.5,"snapDist":6,"label":1}},{"type":"Feature","geometry":{"type":"Point","coordinates":[27.844869,43.240595]},"properties":{"name":"Вихрен","lines":"41, 118","arr":["41","118"],"terminus":0,"mode":"bus","color":"#0059a9","colorDark":"#00294f","angle":210,"snapDist":10,"label":1}},{"type":"Feature","geometry":{"type":"Point","coordinates":[27.876158,43.232341]},"properties":{"name":"Антон Страшимиров","lines":"41","arr":["41"],"terminus":0,"mode":"bus","color":"#0059a9","colorDark":"#00294f","angle":279.5,"snapDist":13,"label":1}},{"type":"Feature","geometry":{"type":"Point","coordinates":[27.876205,43.228157]},"properties":{"name":"Веселин Ханчев","lines":"41, 82, 118","arr":["41","82","118"],"terminus":0,"mode":"bus","color":"#0059a9","colorDark":"#00294f","angle":190.7,"snapDist":16,"label":1}},{"type":"Feature","geometry":{"type":"Point","coordinates":[27.876113,43.231203]},"properties":{"name":"АНТОН СТРАШИМИРОВ / за Вл-во","lines":"41","arr":["41"],"terminus":0,"mode":"bus","color":"#0059a9","colorDark":"#00294f","angle":83.8,"snapDist":7,"label":1}},{"type":"Feature","geometry":{"type":"Point","coordinates":[27.848997,43.242312]},"properties":{"name":"Детелина - 3","lines":"41","arr":["41"],"terminus":0,"mode":"bus","color":"#0059a9","colorDark":"#00294f","angle":250.7,"snapDist":14,"label":1}},{"type":"Feature","geometry":{"type":"Point","coordinates":[27.844976,43.24055]},"properties":{"name":"Вихрен","lines":"41, 118","arr":["41","118"],"terminus":0,"mode":"bus","color":"#0059a9","colorDark":"#00294f","angle":30,"snapDist":4,"label":0}},{"type":"Feature","geometry":{"type":"Point","coordinates":[27.841706,43.243039]},"properties":{"name":"Черни връх","lines":"41, 118","arr":["41","118"],"terminus":0,"mode":"bus","color":"#0059a9","colorDark":"#00294f","angle":63.5,"snapDist":8,"label":0}},{"type":"Feature","geometry":{"type":"Point","coordinates":[27.840794,43.245392]},"properties":{"name":"Ком","lines":"41, 118","arr":["41","118"],"terminus":0,"mode":"bus","color":"#0059a9","colorDark":"#00294f","angle":82.9,"snapDist":7,"label":0}},{"type":"Feature","geometry":{"type":"Point","coordinates":[27.840898,43.249448]},"properties":{"name":"Мусала","lines":"41, 83","arr":["41","83"],"terminus":0,"mode":"bus","color":"#0059a9","colorDark":"#00294f","angle":97.9,"snapDist":7,"label":0}},{"type":"Feature","geometry":{"type":"Point","coordinates":[27.844275,43.25357]},"properties":{"name":"Богдан","lines":"41, 83","arr":["41","83"],"terminus":0,"mode":"bus","color":"#0059a9","colorDark":"#00294f","angle":156.1,"snapDist":11,"label":0}},{"type":"Feature","geometry":{"type":"Point","coordinates":[27.880575,43.144739]},"properties":{"name":"Разклон Кантара","lines":"55","arr":["55"],"terminus":0,"mode":"bus","color":"#0059a9","colorDark":"#00294f","angle":-106.7,"snapDist":11,"label":1}},{"type":"Feature","geometry":{"type":"Point","coordinates":[27.882526,43.142087]},"properties":{"name":"Кантара","lines":"55","arr":["55"],"terminus":0,"mode":"bus","color":"#0059a9","colorDark":"#00294f","angle":-137.9,"snapDist":6,"label":1}},{"type":"Feature","geometry":{"type":"Point","coordinates":[27.882067,43.139621]},"properties":{"name":"Гробищен Парк","lines":"55","arr":["55"],"terminus":0,"mode":"bus","color":"#0059a9","colorDark":"#00294f","angle":45.2,"snapDist":7,"label":1}},{"type":"Feature","geometry":{"type":"Point","coordinates":[27.847654,43.135178]},"properties":{"name":"Разклон Крушките","lines":"55","arr":["55"],"terminus":0,"mode":"bus","color":"#0059a9","colorDark":"#00294f","angle":355.5,"snapDist":5,"label":1}},{"type":"Feature","geometry":{"type":"Point","coordinates":[27.843981,43.135329]},"properties":{"name":"Крушките / Пристигащи","lines":"55","arr":["55"],"terminus":1,"mode":"bus","color":"#0059a9","colorDark":"#00294f","angle":315.2,"snapDist":22,"label":1}},{"type":"Feature","geometry":{"type":"Point","coordinates":[27.843486,43.134937]},"properties":{"name":"Крушките","lines":"55","arr":["55"],"terminus":1,"mode":"bus","color":"#0059a9","colorDark":"#00294f","angle":-54.1,"snapDist":14,"label":1}},{"type":"Feature","geometry":{"type":"Point","coordinates":[27.847637,43.135177]},"properties":{"name":"Разклона Крушките","lines":"55","arr":["55"],"terminus":0,"mode":"bus","color":"#0059a9","colorDark":"#00294f","angle":175.5,"snapDist":13,"label":1}},{"type":"Feature","geometry":{"type":"Point","coordinates":[27.880595,43.144691]},"properties":{"name":"Разклон Кантара","lines":"55","arr":["55"],"terminus":0,"mode":"bus","color":"#0059a9","colorDark":"#00294f","angle":73.3,"snapDist":7,"label":0}},{"type":"Feature","geometry":{"type":"Point","coordinates":[27.881866,43.139831]},"properties":{"name":"Гробищен Парк","lines":"55","arr":["55"],"terminus":0,"mode":"bus","color":"#0059a9","colorDark":"#00294f","angle":80.1,"snapDist":15,"label":0}},{"type":"Feature","geometry":{"type":"Point","coordinates":[27.882608,43.142034]},"properties":{"name":"Кантара","lines":"55","arr":["55"],"terminus":0,"mode":"bus","color":"#0059a9","colorDark":"#00294f","angle":42.1,"snapDist":10,"label":0}},{"type":"Feature","geometry":{"type":"Point","coordinates":[27.869623,43.228972]},"properties":{"name":"Мебелна Палата","lines":"82, 118","arr":["82","118"],"terminus":0,"mode":"bus","color":"#0059a9","colorDark":"#00294f","angle":188.4,"snapDist":7,"label":1}},{"type":"Feature","geometry":{"type":"Point","coordinates":[27.906824,43.214201]},"properties":{"name":"Лятно Кино Тракия","lines":"82, 83, 88","arr":["82","83","88"],"terminus":0,"mode":"bus","color":"#149a3f","colorDark":"#0a5121","angle":224.2,"snapDist":2,"label":0}},{"type":"Feature","geometry":{"type":"Point","coordinates":[27.912563,43.209232]},"properties":{"name":"Нептун","lines":"82, 83, 88","arr":["82","83","88"],"terminus":0,"mode":"bus","color":"#149a3f","colorDark":"#0a5121","angle":249.8,"snapDist":4,"label":0}},{"type":"Feature","geometry":{"type":"Point","coordinates":[27.914255,43.198403]},"properties":{"name":"ЖП. гара обръщач Тролеи","lines":"82, 83","arr":["82","83"],"terminus":1,"mode":"bus","color":"#149a3f","colorDark":"#0a5121","angle":48.4,"snapDist":15,"label":1}},{"type":"Feature","geometry":{"type":"Point","coordinates":[27.874943,43.228321]},"properties":{"name":"Веселин Ханчев","lines":"82, 118","arr":["82","118"],"terminus":0,"mode":"bus","color":"#0059a9","colorDark":"#00294f","angle":9.5,"snapDist":13,"label":0}},{"type":"Feature","geometry":{"type":"Point","coordinates":[27.870807,43.228918]},"properties":{"name":"Мебелна Палата","lines":"82, 118","arr":["82","118"],"terminus":0,"mode":"bus","color":"#0059a9","colorDark":"#00294f","angle":9,"snapDist":7,"label":0}},{"type":"Feature","geometry":{"type":"Point","coordinates":[27.889225,43.227638]},"properties":{"name":"ДОМ Младост УЛ.Вяра","lines":"83, 88, 148","arr":["83","88","148"],"terminus":0,"mode":"bus","color":"#0059a9","colorDark":"#00294f","angle":98.7,"snapDist":6,"label":1}},{"type":"Feature","geometry":{"type":"Point","coordinates":[27.889913,43.231056]},"properties":{"name":"Централна Автобаза","lines":"83, 88, 148","arr":["83","88","148"],"terminus":0,"mode":"bus","color":"#0059a9","colorDark":"#00294f","angle":98.9,"snapDist":11,"label":1}},{"type":"Feature","geometry":{"type":"Point","coordinates":[27.842761,43.246227]},"properties":{"name":"Стадиона ВЛ-ВО БЛ. 118","lines":"83, 118","arr":["83","118"],"terminus":0,"mode":"bus","color":"#0059a9","colorDark":"#00294f","angle":14.4,"snapDist":6,"label":1}},{"type":"Feature","geometry":{"type":"Point","coordinates":[27.843741,43.246123]},"properties":{"name":"Стадиона Владиславово","lines":"83, 118","arr":["83","118"],"terminus":0,"mode":"bus","color":"#0059a9","colorDark":"#00294f","angle":176.5,"snapDist":12,"label":1}},{"type":"Feature","geometry":{"type":"Point","coordinates":[27.889943,43.231192]},"properties":{"name":"Централна Автобаза","lines":"83, 88, 148","arr":["83","88","148"],"terminus":0,"mode":"bus","color":"#0059a9","colorDark":"#00294f","angle":278.9,"snapDist":6,"label":0}},{"type":"Feature","geometry":{"type":"Point","coordinates":[27.898484,43.181419]},"properties":{"name":"Обръщач Тролеи Аспарухово","lines":"88","arr":["88"],"terminus":1,"mode":"bus","color":"#149a3f","colorDark":"#0a5121","angle":301.2,"snapDist":12,"label":1}},{"type":"Feature","geometry":{"type":"Point","coordinates":[28.017877,43.24515]},"properties":{"name":"Ген. Заимов","lines":"109, 409","arr":["109","409"],"terminus":0,"mode":"bus","color":"#0059a9","colorDark":"#00294f","angle":123,"snapDist":4,"label":1}},{"type":"Feature","geometry":{"type":"Point","coordinates":[28.027486,43.251306]},"properties":{"name":"Писател","lines":"109, 409","arr":["109","409"],"terminus":0,"mode":"bus","color":"#0059a9","colorDark":"#00294f","angle":113.3,"snapDist":7,"label":1}},{"type":"Feature","geometry":{"type":"Point","coordinates":[28.028859,43.255172]},"properties":{"name":"Хоризонт","lines":"109, 409","arr":["109","409"],"terminus":0,"mode":"bus","color":"#0059a9","colorDark":"#00294f","angle":98.5,"snapDist":2,"label":1}},{"type":"Feature","geometry":{"type":"Point","coordinates":[28.031482,43.260272]},"properties":{"name":"Журналист","lines":"109, 409","arr":["109","409"],"terminus":0,"mode":"bus","color":"#0059a9","colorDark":"#00294f","angle":128,"snapDist":4,"label":1}},{"type":"Feature","geometry":{"type":"Point","coordinates":[28.026244,43.260144]},"properties":{"name":"ВСУ","lines":"109, 409","arr":["109","409"],"terminus":0,"mode":"bus","color":"#0059a9","colorDark":"#00294f","angle":328.6,"snapDist":10,"label":1}},{"type":"Feature","geometry":{"type":"Point","coordinates":[28.019901,43.257998]},"properties":{"name":"Ален Мак","lines":"109, 409","arr":["109","409"],"terminus":0,"mode":"bus","color":"#0059a9","colorDark":"#00294f","angle":345.3,"snapDist":16,"label":1}},{"type":"Feature","geometry":{"type":"Point","coordinates":[28.038447,43.28974]},"properties":{"name":"Дирекцията / Златни Пясъци","lines":"109, 209 Б","arr":["109","209 Б"],"terminus":0,"mode":"bus","color":"#0059a9","colorDark":"#00294f","angle":100.6,"snapDist":6,"label":1}},{"type":"Feature","geometry":{"type":"Point","coordinates":[28.043321,43.296128]},"properties":{"name":"Зора / Златни Пясъци","lines":"109, 209 Б","arr":["109","209 Б"],"terminus":0,"mode":"bus","color":"#0059a9","colorDark":"#00294f","angle":101.1,"snapDist":5,"label":1}},{"type":"Feature","geometry":{"type":"Point","coordinates":[28.045658,43.299211]},"properties":{"name":"Кукери / Златни Пясъци","lines":"109, 209 Б","arr":["109","209 Б"],"terminus":0,"mode":"bus","color":"#0059a9","colorDark":"#00294f","angle":147,"snapDist":11,"label":1}},{"type":"Feature","geometry":{"type":"Point","coordinates":[28.051784,43.307691]},"properties":{"name":"Панорама / Пристигащи","lines":"109, 209 Б","arr":["109","209 Б"],"terminus":1,"mode":"bus","color":"#0059a9","colorDark":"#00294f","angle":102.2,"snapDist":9,"label":1}},{"type":"Feature","geometry":{"type":"Point","coordinates":[28.050328,43.30499]},"properties":{"name":"Панорама / Златни Пясъци","lines":"109, 209 Б","arr":["109","209 Б"],"terminus":1,"mode":"bus","color":"#0059a9","colorDark":"#00294f","angle":285.9,"snapDist":4,"label":1}},{"type":"Feature","geometry":{"type":"Point","coordinates":[28.044528,43.298644]},"properties":{"name":"Кукери","lines":"109, 209 Б","arr":["109","209 Б"],"terminus":0,"mode":"bus","color":"#0059a9","colorDark":"#00294f","angle":314.2,"snapDist":1,"label":1}},{"type":"Feature","geometry":{"type":"Point","coordinates":[28.043091,43.295477]},"properties":{"name":"Зора / Златни Пясъци","lines":"109, 209 Б","arr":["109","209 Б"],"terminus":0,"mode":"bus","color":"#0059a9","colorDark":"#00294f","angle":281.8,"snapDist":2,"label":0}},{"type":"Feature","geometry":{"type":"Point","coordinates":[28.038247,43.289085]},"properties":{"name":"Дирекцията Златни Пясъци","lines":"109, 209 Б","arr":["109","209 Б"],"terminus":0,"mode":"bus","color":"#0059a9","colorDark":"#00294f","angle":283.6,"snapDist":7,"label":1}},{"type":"Feature","geometry":{"type":"Point","coordinates":[28.020046,43.258026]},"properties":{"name":"Ален Мак","lines":"109, 409","arr":["109","409"],"terminus":0,"mode":"bus","color":"#0059a9","colorDark":"#00294f","angle":165.2,"snapDist":8,"label":0}},{"type":"Feature","geometry":{"type":"Point","coordinates":[28.026437,43.260231]},"properties":{"name":"ВСУ","lines":"109, 409","arr":["109","409"],"terminus":0,"mode":"bus","color":"#0059a9","colorDark":"#00294f","angle":148.1,"snapDist":7,"label":0}},{"type":"Feature","geometry":{"type":"Point","coordinates":[28.032254,43.260949]},"properties":{"name":"Журналист","lines":"109, 409","arr":["109","409"],"terminus":0,"mode":"bus","color":"#0059a9","colorDark":"#00294f","angle":309.1,"snapDist":11,"label":0}},{"type":"Feature","geometry":{"type":"Point","coordinates":[28.02887,43.255226]},"properties":{"name":"Хоризонт","lines":"109, 409","arr":["109","409"],"terminus":0,"mode":"bus","color":"#0059a9","colorDark":"#00294f","angle":278.5,"snapDist":11,"label":0}},{"type":"Feature","geometry":{"type":"Point","coordinates":[28.02759,43.251481]},"properties":{"name":"Писател","lines":"109, 409","arr":["109","409"],"terminus":0,"mode":"bus","color":"#0059a9","colorDark":"#00294f","angle":293.9,"snapDist":8,"label":0}},{"type":"Feature","geometry":{"type":"Point","coordinates":[28.018558,43.245973]},"properties":{"name":"Ген. Заимов","lines":"109, 409","arr":["109","409"],"terminus":0,"mode":"bus","color":"#0059a9","colorDark":"#00294f","angle":322.3,"snapDist":4,"label":0}},{"type":"Feature","geometry":{"type":"Point","coordinates":[27.863076,43.231123]},"properties":{"name":"Метро","lines":"118","arr":["118"],"terminus":0,"mode":"bus","color":"#0059a9","colorDark":"#00294f","angle":120.3,"snapDist":12,"label":1}},{"type":"Feature","geometry":{"type":"Point","coordinates":[27.849531,43.240373]},"properties":{"name":"Обръщач 118 Газстанция","lines":"118","arr":["118"],"terminus":1,"mode":"bus","color":"#0059a9","colorDark":"#00294f","angle":180.5,"snapDist":10,"label":1}},{"type":"Feature","geometry":{"type":"Point","coordinates":[27.861179,43.228885]},"properties":{"name":"Метро","lines":"118","arr":["118"],"terminus":0,"mode":"bus","color":"#0059a9","colorDark":"#00294f","angle":299.7,"snapDist":10,"label":1}},{"type":"Feature","geometry":{"type":"Point","coordinates":[27.848733,43.240198]},"properties":{"name":"Обръщач 118 / Газстанция","lines":"118","arr":["118"],"terminus":1,"mode":"bus","color":"#0059a9","colorDark":"#00294f","angle":181.1,"snapDist":5,"label":1}},{"type":"Feature","geometry":{"type":"Point","coordinates":[27.882767,43.233825]},"properties":{"name":"Хемус","lines":"148, 209, 209 Б","arr":["148","209","209 Б"],"terminus":0,"mode":"bus","color":"#0059a9","colorDark":"#00294f","angle":190.8,"snapDist":12,"label":1}},{"type":"Feature","geometry":{"type":"Point","coordinates":[27.88629,43.23335]},"properties":{"name":"Възраждане","lines":"148, 209, 209 Б","arr":["148","209","209 Б"],"terminus":0,"mode":"bus","color":"#0059a9","colorDark":"#00294f","angle":190.4,"snapDist":9,"label":1}},{"type":"Feature","geometry":{"type":"Point","coordinates":[27.889122,43.220764]},"properties":{"name":"ПКИ МОЛ Варна","lines":"148","arr":["148"],"terminus":0,"mode":"bus","color":"#0059a9","colorDark":"#00294f","angle":302.3,"snapDist":12,"label":1}},{"type":"Feature","geometry":{"type":"Point","coordinates":[27.910628,43.205917]},"properties":{"name":"Катедралата","lines":"148, 409","arr":["148","409"],"terminus":0,"mode":"bus","color":"#0059a9","colorDark":"#00294f","angle":83.4,"snapDist":12,"label":0}},{"type":"Feature","geometry":{"type":"Point","coordinates":[27.889781,43.22143]},"properties":{"name":"ПКИ МОЛ Варна","lines":"148","arr":["148"],"terminus":0,"mode":"bus","color":"#0059a9","colorDark":"#00294f","angle":114.5,"snapDist":8,"label":0}},{"type":"Feature","geometry":{"type":"Point","coordinates":[27.887004,43.233254]},"properties":{"name":"Възраждане","lines":"148, 209, 209 Б","arr":["148","209","209 Б"],"terminus":0,"mode":"bus","color":"#0059a9","colorDark":"#00294f","angle":11.5,"snapDist":6,"label":0}},{"type":"Feature","geometry":{"type":"Point","coordinates":[27.882189,43.233908]},"properties":{"name":"Хемус","lines":"148, 209, 209 Б","arr":["148","209","209 Б"],"terminus":0,"mode":"bus","color":"#0059a9","colorDark":"#00294f","angle":10.9,"snapDist":5,"label":0}},{"type":"Feature","geometry":{"type":"Point","coordinates":[27.925491,43.226362]},"properties":{"name":"Военна Болница","lines":"209","arr":["209"],"terminus":0,"mode":"bus","color":"#0059a9","colorDark":"#00294f","angle":279.1,"snapDist":6,"label":1}},{"type":"Feature","geometry":{"type":"Point","coordinates":[27.925465,43.226242]},"properties":{"name":"Военна Болница","lines":"209","arr":["209"],"terminus":0,"mode":"bus","color":"#0059a9","colorDark":"#00294f","angle":99.1,"snapDist":9,"label":0}},{"type":"Feature","geometry":{"type":"Point","coordinates":[27.813214,43.263173]},"properties":{"name":"Сладкарски ЦЕХ","lines":"409","arr":["409"],"terminus":1,"mode":"bus","color":"#0059a9","colorDark":"#00294f","angle":219.8,"snapDist":0,"label":1}},{"type":"Feature","geometry":{"type":"Point","coordinates":[27.815429,43.261207]},"properties":{"name":"Пазар Аксаково","lines":"409","arr":["409"],"terminus":0,"mode":"bus","color":"#0059a9","colorDark":"#00294f","angle":233.3,"snapDist":5,"label":1}},{"type":"Feature","geometry":{"type":"Point","coordinates":[27.817818,43.258777]},"properties":{"name":"Център Аксаково","lines":"409","arr":["409"],"terminus":0,"mode":"bus","color":"#0059a9","colorDark":"#00294f","angle":237.7,"snapDist":4,"label":1}},{"type":"Feature","geometry":{"type":"Point","coordinates":[27.820147,43.253976]},"properties":{"name":"Поща Аксаково","lines":"409","arr":["409"],"terminus":0,"mode":"bus","color":"#0059a9","colorDark":"#00294f","angle":254.5,"snapDist":2,"label":1}},{"type":"Feature","geometry":{"type":"Point","coordinates":[27.821525,43.251449]},"properties":{"name":"ДЗС Аксаково","lines":"409","arr":["409"],"terminus":0,"mode":"bus","color":"#0059a9","colorDark":"#00294f","angle":244.8,"snapDist":2,"label":1}},{"type":"Feature","geometry":{"type":"Point","coordinates":[27.824386,43.248274]},"properties":{"name":"Самолета Аксаково","lines":"409","arr":["409"],"terminus":0,"mode":"bus","color":"#0059a9","colorDark":"#00294f","angle":222.6,"snapDist":7,"label":1}},{"type":"Feature","geometry":{"type":"Point","coordinates":[27.832218,43.243401]},"properties":{"name":"Лозарска","lines":"409","arr":["409"],"terminus":0,"mode":"bus","color":"#0059a9","colorDark":"#00294f","angle":231.6,"snapDist":9,"label":1}},{"type":"Feature","geometry":{"type":"Point","coordinates":[27.827072,43.237653]},"properties":{"name":"Летище за Варна","lines":"409","arr":["409"],"terminus":0,"mode":"bus","color":"#0059a9","colorDark":"#00294f","angle":186.7,"snapDist":8,"label":1}},{"type":"Feature","geometry":{"type":"Point","coordinates":[27.857048,43.229312]},"properties":{"name":"Бизнес Парк","lines":"409","arr":["409"],"terminus":0,"mode":"bus","color":"#0059a9","colorDark":"#00294f","angle":211.3,"snapDist":3,"label":1}},{"type":"Feature","geometry":{"type":"Point","coordinates":[27.827182,43.237643]},"properties":{"name":"Летище","lines":"409","arr":["409"],"terminus":0,"mode":"bus","color":"#0059a9","colorDark":"#00294f","angle":186.7,"snapDist":8,"label":1}},{"type":"Feature","geometry":{"type":"Point","coordinates":[27.831744,43.24388]},"properties":{"name":"Лозарска за Аксаково","lines":"409","arr":["409"],"terminus":0,"mode":"bus","color":"#0059a9","colorDark":"#00294f","angle":52.8,"snapDist":13,"label":1}},{"type":"Feature","geometry":{"type":"Point","coordinates":[27.82549,43.247545]},"properties":{"name":"Самолета Аксаково","lines":"409","arr":["409"],"terminus":0,"mode":"bus","color":"#0059a9","colorDark":"#00294f","angle":41.9,"snapDist":10,"label":0}},{"type":"Feature","geometry":{"type":"Point","coordinates":[27.821545,43.251418]},"properties":{"name":"ДЗС Аксаково","lines":"409","arr":["409"],"terminus":0,"mode":"bus","color":"#0059a9","colorDark":"#00294f","angle":64.8,"snapDist":8,"label":0}},{"type":"Feature","geometry":{"type":"Point","coordinates":[27.82006,43.254193]},"properties":{"name":"Поща Аксаково","lines":"409","arr":["409"],"terminus":0,"mode":"bus","color":"#0059a9","colorDark":"#00294f","angle":73.6,"snapDist":7,"label":0}},{"type":"Feature","geometry":{"type":"Point","coordinates":[27.817909,43.258675]},"properties":{"name":"Център Аксаково","lines":"409","arr":["409"],"terminus":0,"mode":"bus","color":"#0059a9","colorDark":"#00294f","angle":55.9,"snapDist":11,"label":0}},{"type":"Feature","geometry":{"type":"Point","coordinates":[27.815507,43.261131]},"properties":{"name":"Пазар Аксаково","lines":"409","arr":["409"],"terminus":0,"mode":"bus","color":"#0059a9","colorDark":"#00294f","angle":53.3,"snapDist":7,"label":0}},{"type":"Feature","geometry":{"type":"Point","coordinates":[27.813365,43.263053]},"properties":{"name":"Сладкарски ЦЕХ / Пристигащи","lines":"409","arr":["409"],"terminus":1,"mode":"bus","color":"#0059a9","colorDark":"#00294f","angle":48,"snapDist":11,"label":1}}]}