{"type":"FeatureCollection","features":[{"type":"Feature","geometry":{"type":"LineString","coordinates":[[27.857874,43.226052],[27.857763,43.226082],[27.857528,43.226148],[27.856905,43.226324],[27.85665,43.226393],[27.856502,43.226433],[27.856274,43.226494],[27.855944,43.226585],[27.855429,43.226725],[27.854287,43.227058],[27.85355,43.227245],[27.853038,43.227363],[27.853012,43.227369],[27.852791,43.227417],[27.852475,43.227478],[27.852228,43.22751],[27.85188,43.227555],[27.850296,43.227689],[27.849739,43.227741],[27.848658,43.227822],[27.846663,43.22797],[27.844044,43.228166],[27.843045,43.22824],[27.842527,43.228279],[27.832976,43.228967],[27.831829,43.229049],[27.830743,43.229124],[27.829564,43.229189],[27.828579,43.229228],[27.828165,43.22924],[27.828017,43.229245],[27.827527,43.229258],[27.825838,43.229313],[27.825324,43.229327],[27.82507,43.229343],[27.824678,43.229368],[27.824575,43.229372],[27.824396,43.229377],[27.823641,43.2294],[27.823462,43.229406],[27.823246,43.229412],[27.823022,43.229419],[27.822327,43.229427],[27.819835,43.229502],[27.816357,43.229608],[27.810998,43.229807],[27.810349,43.229833],[27.807666,43.229918],[27.807257,43.229938],[27.806903,43.229956],[27.806339,43.229971]]},"properties":{"name":"2"}},{"type":"Feature","geometry":{"type":"LineString","coordinates":[[27.858492,43.225655],[27.858426,43.225733],[27.858362,43.225784],[27.858278,43.225851],[27.858181,43.225904],[27.857874,43.226052],[27.858112,43.225999],[27.858241,43.22598],[27.858392,43.225976],[27.858541,43.225987],[27.858763,43.226047]]},"properties":{"name":"2"}},{"type":"Feature","geometry":{"type":"LineString","coordinates":[[27.859284,43.22543],[27.859501,43.225477],[27.859685,43.225492],[27.859837,43.225484]]},"properties":{"name":"2"}},{"type":"Feature","geometry":{"type":"LineString","coordinates":[[27.869406,43.222732],[27.869159,43.222777],[27.868747,43.22285],[27.868229,43.22295],[27.867727,43.223086],[27.867158,43.223265],[27.86651,43.223476],[27.865841,43.223683],[27.865037,43.223969],[27.864467,43.224129],[27.864309,43.224212]]},"properties":{"name":"2"}},{"type":"Feature","geometry":{"type":"LineString","coordinates":[[27.868943,43.223521],[27.86864,43.223802],[27.868539,43.223894],[27.868463,43.223976],[27.868369,43.224035],[27.868286,43.224064],[27.868199,43.224081],[27.868091,43.224089],[27.867985,43.224088],[27.86781,43.224061],[27.867211,43.223819],[27.866924,43.223717],[27.866709,43.223688],[27.866448,43.223703],[27.86612,43.223765],[27.865778,43.223849],[27.865093,43.224029],[27.864501,43.224192],[27.864309,43.224212],[27.863831,43.22435],[27.863642,43.224404],[27.863372,43.224481],[27.862631,43.224694],[27.862376,43.224767],[27.861753,43.224946],[27.861653,43.224975],[27.861619,43.224985],[27.861567,43.224999],[27.861505,43.225017],[27.859837,43.225484],[27.859711,43.225553],[27.859646,43.225589],[27.859595,43.22563],[27.859543,43.225688],[27.85947,43.225803]]},"properties":{"name":"2"}},{"type":"Feature","geometry":{"type":"LineString","coordinates":[[27.858553,43.225536],[27.858601,43.225369],[27.858613,43.225273],[27.858594,43.225148],[27.858302,43.224178],[27.858155,43.223621],[27.858087,43.223391],[27.858028,43.223189],[27.857948,43.222908],[27.85792,43.222707],[27.857907,43.222499],[27.857906,43.222347],[27.857904,43.222091],[27.857939,43.221769],[27.857971,43.221609],[27.858012,43.221447],[27.858092,43.221193],[27.858179,43.220984],[27.858268,43.220791],[27.85935,43.218924],[27.859396,43.218848],[27.859481,43.218696],[27.860198,43.217404]]},"properties":{"name":"бул. Атанас Москов"}},{"type":"Feature","geometry":{"type":"LineString","coordinates":[[27.86038,43.217457],[27.860239,43.217703],[27.860115,43.217919],[27.859776,43.218472],[27.859755,43.218513],[27.859532,43.218883],[27.859491,43.218954],[27.859285,43.219306],[27.858812,43.220113],[27.858636,43.22041],[27.858382,43.220848],[27.858299,43.221011],[27.85823,43.221174],[27.858134,43.221454],[27.858119,43.221508],[27.858088,43.221619],[27.858065,43.221788],[27.858044,43.222046],[27.858041,43.222303],[27.858042,43.222496],[27.858056,43.222705],[27.858085,43.222896],[27.858124,43.223046],[27.858162,43.223186],[27.8582,43.223328],[27.85823,43.223445],[27.858242,43.223485],[27.858268,43.223571],[27.858307,43.223705],[27.85857,43.224626],[27.858664,43.224879],[27.858764,43.225067],[27.858849,43.225185],[27.858917,43.225256],[27.859097,43.225366]]},"properties":{"name":"бул. Атанас Москов"}},{"type":"Feature","geometry":{"type":"LineString","coordinates":[[27.85941,43.22591],[27.85937,43.226007],[27.859357,43.226074],[27.859359,43.226111],[27.859363,43.226166],[27.859432,43.226339],[27.859617,43.226653],[27.860384,43.227668],[27.860753,43.228139],[27.862207,43.229997],[27.862253,43.230049],[27.862303,43.230094],[27.862367,43.230121]]},"properties":{"name":"бул. Атанас Москов"}},{"type":"Feature","geometry":{"type":"LineString","coordinates":[[27.862528,43.230374],[27.862539,43.23042],[27.862548,43.230452],[27.862565,43.230483],[27.862569,43.23049],[27.862819,43.230802],[27.863027,43.231062],[27.863238,43.231325],[27.86377,43.232037],[27.864088,43.232525],[27.864256,43.232818],[27.864358,43.233062],[27.864381,43.233129],[27.864381,43.233158],[27.864371,43.233189],[27.864357,43.233215],[27.864326,43.233257],[27.86428,43.233292],[27.864168,43.233341]]},"properties":{"name":"бул. Атанас Москов"}},{"type":"Feature","geometry":{"type":"LineString","coordinates":[[27.863944,43.232853],[27.86368,43.232155],[27.863458,43.231865],[27.863243,43.231519],[27.862913,43.231094],[27.862597,43.230692],[27.862475,43.230537],[27.862459,43.230518],[27.862354,43.230395]]},"properties":{"name":"бул. Атанас Москов"}},{"type":"Feature","geometry":{"type":"LineString","coordinates":[[27.862221,43.230215],[27.862089,43.230045],[27.861166,43.228868],[27.860909,43.228534],[27.860893,43.228514],[27.860727,43.2283],[27.86067,43.228228],[27.860205,43.227647],[27.859488,43.22668],[27.859147,43.226202],[27.859129,43.226186],[27.859102,43.226162],[27.859046,43.226129],[27.858863,43.226073]]},"properties":{"name":"бул. Атанас Москов"}},{"type":"Feature","geometry":{"type":"LineString","coordinates":[[27.855689,43.216189],[27.856365,43.216268],[27.856644,43.216289],[27.85685,43.216295],[27.856987,43.216269],[27.85711,43.216226],[27.857245,43.216154],[27.857607,43.215933],[27.858121,43.215629],[27.858466,43.215433],[27.858624,43.215343]]},"properties":{"name":"Рибен буквар"}},{"type":"Feature","geometry":{"type":"LineString","coordinates":[[27.869406,43.222732],[27.869377,43.222659],[27.869336,43.222541],[27.8692,43.222032],[27.86911,43.221691],[27.86905,43.221499],[27.868802,43.220546],[27.868753,43.220344],[27.868716,43.220263],[27.868668,43.220152],[27.86859,43.220052],[27.868488,43.219979],[27.868335,43.219909],[27.868005,43.219768],[27.867892,43.219723],[27.867375,43.219514],[27.866993,43.219325],[27.866785,43.219228],[27.866495,43.219102],[27.866364,43.219066],[27.866102,43.219025],[27.865929,43.219],[27.865744,43.21898],[27.865357,43.218959],[27.864882,43.218932],[27.864404,43.218905],[27.86416,43.2189],[27.863885,43.218895],[27.863746,43.218893],[27.86339,43.21889],[27.863045,43.218892],[27.862707,43.218904],[27.862186,43.218928],[27.861962,43.218946],[27.861176,43.21901],[27.861106,43.219015],[27.86059,43.219041],[27.860483,43.219041],[27.860251,43.219043],[27.859992,43.219028],[27.859809,43.21902],[27.859729,43.219013]]},"properties":{"name":"Перла"}},{"type":"Feature","geometry":{"type":"LineString","coordinates":[[27.869406,43.222732],[27.869628,43.222713],[27.869763,43.222699],[27.86997,43.222677],[27.870068,43.222653],[27.870272,43.222602],[27.870463,43.222559],[27.871162,43.222416],[27.871765,43.222293],[27.873689,43.221963],[27.874322,43.221852],[27.874553,43.221811],[27.874682,43.221784],[27.87475,43.221773],[27.875122,43.221714],[27.875496,43.221653],[27.875818,43.221601],[27.880815,43.220797],[27.880926,43.22078],[27.882101,43.22059],[27.883773,43.220321],[27.884743,43.220165],[27.885993,43.219964],[27.886424,43.219884],[27.886822,43.219785],[27.887313,43.21963],[27.887523,43.219545],[27.887729,43.219447],[27.887754,43.219436],[27.887935,43.219353],[27.888074,43.219285],[27.888216,43.219223],[27.888463,43.219111],[27.888866,43.218931],[27.889013,43.218865],[27.8903,43.218289],[27.893159,43.21701],[27.89337,43.216915],[27.893485,43.216864],[27.895649,43.215904],[27.896703,43.215442],[27.896935,43.215346],[27.897241,43.215215],[27.897272,43.215198],[27.897309,43.21517],[27.897364,43.215116]]},"properties":{"name":"бул. Владислав Варненчик"}},{"type":"Feature","geometry":{"type":"LineString","coordinates":[[27.898022,43.214806],[27.898142,43.214797],[27.898197,43.214783],[27.898267,43.214765],[27.898584,43.214624],[27.898744,43.21455],[27.899175,43.214359],[27.900065,43.213962],[27.900075,43.213958],[27.900382,43.213827],[27.900794,43.213656],[27.900878,43.213621],[27.901363,43.213413],[27.901805,43.21323],[27.902407,43.213033],[27.90366,43.212643],[27.903773,43.212607],[27.903993,43.212539],[27.904198,43.212475],[27.905683,43.212011],[27.906506,43.211754],[27.906723,43.211681],[27.906866,43.211625],[27.906991,43.211562],[27.907118,43.211484],[27.907213,43.211421],[27.907365,43.211305],[27.907505,43.211191],[27.907619,43.211067],[27.907718,43.210942],[27.907906,43.210704],[27.908011,43.210549],[27.908036,43.210507],[27.908575,43.209606],[27.908881,43.209095],[27.908932,43.20901],[27.908961,43.208961],[27.909433,43.208144],[27.909728,43.207634],[27.910281,43.206677],[27.910315,43.206615],[27.910359,43.206521],[27.910384,43.206404],[27.910411,43.206289],[27.910524,43.205609],[27.910603,43.205157],[27.910651,43.204898],[27.910672,43.204782]]},"properties":{"name":"бул. Владислав Варненчик"}},{"type":"Feature","geometry":{"type":"LineString","coordinates":[[27.898227,43.214956],[27.898235,43.214926],[27.898245,43.214904],[27.898256,43.214885],[27.898271,43.214867],[27.898292,43.214848],[27.898311,43.214835],[27.898346,43.214819],[27.898749,43.214645],[27.900212,43.214002],[27.900314,43.213958],[27.900822,43.213738],[27.901157,43.213598],[27.901225,43.21357],[27.901696,43.21337],[27.902412,43.213135],[27.903684,43.212748],[27.903829,43.212702],[27.904058,43.212628],[27.904259,43.212564],[27.9043,43.212551],[27.904919,43.212355],[27.905352,43.212222],[27.906318,43.21193],[27.906549,43.211859],[27.906734,43.211794],[27.906903,43.21173],[27.906987,43.211692],[27.907113,43.211628],[27.907224,43.211563],[27.907368,43.211461],[27.907518,43.211351],[27.907649,43.211219],[27.907809,43.211024],[27.907966,43.210822],[27.90812,43.210599],[27.908144,43.210559],[27.908159,43.210536],[27.908503,43.209977],[27.9091,43.209008],[27.909192,43.20885],[27.909948,43.20754],[27.910293,43.206943],[27.910453,43.206664],[27.910498,43.206589],[27.910539,43.206479],[27.91056,43.206363],[27.910563,43.206328],[27.910583,43.206203],[27.910625,43.205939],[27.910686,43.205549],[27.910747,43.205164],[27.910773,43.204999],[27.910785,43.204922],[27.910803,43.204808]]},"properties":{"name":"бул. Владислав Варненчик"}},{"type":"Feature","geometry":{"type":"LineString","coordinates":[[27.897517,43.2153],[27.897418,43.21528],[27.897367,43.21528],[27.897323,43.215283],[27.897277,43.215295],[27.896987,43.215422],[27.896898,43.215461],[27.896606,43.215596],[27.895723,43.215999],[27.893462,43.217031],[27.89023,43.218477],[27.888904,43.21907],[27.888344,43.219322],[27.888305,43.21934],[27.888167,43.2194],[27.888036,43.219459],[27.887843,43.219542],[27.887625,43.219642],[27.887555,43.219673],[27.887422,43.219724],[27.887143,43.219821],[27.886868,43.2199],[27.886469,43.219989],[27.886031,43.220069],[27.88418,43.220367],[27.881186,43.220849],[27.88081,43.220909],[27.878795,43.221234],[27.877897,43.221378],[27.8758,43.221716],[27.87549,43.221765],[27.875204,43.221811],[27.874868,43.221865],[27.874785,43.221879],[27.874659,43.221899],[27.874528,43.221925],[27.874108,43.222006],[27.873947,43.222034],[27.873324,43.222141],[27.87231,43.222306],[27.871736,43.222415],[27.87135,43.222486],[27.870978,43.222559],[27.870608,43.222641],[27.870384,43.222697],[27.870185,43.22275],[27.870005,43.222803]]},"properties":{"name":"бул. Владислав Варненчик"}},{"type":"Feature","geometry":{"type":"LineString","coordinates":[[27.910785,43.204922],[27.910651,43.204898],[27.910473,43.20487],[27.909629,43.204766],[27.909221,43.204719],[27.908944,43.204693],[27.90884,43.204688],[27.908497,43.204672],[27.908466,43.204671],[27.908252,43.204662],[27.908043,43.204653],[27.907819,43.204637],[27.906943,43.204563],[27.906605,43.204517],[27.906029,43.204409],[27.905909,43.204386],[27.905758,43.204352],[27.905409,43.204284],[27.904671,43.204139],[27.904583,43.204121],[27.904272,43.204062],[27.904112,43.204036],[27.903907,43.204009],[27.90344,43.203968],[27.902968,43.203927],[27.901615,43.203809],[27.901457,43.203795],[27.900723,43.203709],[27.900452,43.203661],[27.900277,43.203623],[27.899996,43.20356],[27.89961,43.20344],[27.899172,43.203296],[27.898745,43.20314],[27.898126,43.202918],[27.897864,43.202819],[27.897474,43.202652],[27.897246,43.20253],[27.897005,43.202372],[27.896898,43.202292],[27.896781,43.202201],[27.896692,43.202125],[27.896582,43.202012],[27.896489,43.201919],[27.89638,43.201789],[27.896243,43.201589],[27.896135,43.201393],[27.896025,43.201152],[27.896007,43.201102],[27.895942,43.200819],[27.895923,43.200716],[27.895906,43.200606],[27.895902,43.200566],[27.895896,43.200339],[27.895921,43.200085],[27.895941,43.199895]]},"properties":{"name":"бул. Христо Ботев"}},{"type":"Feature","geometry":{"type":"LineString","coordinates":[[27.910803,43.204808],[27.910672,43.204782],[27.91047,43.204757],[27.910299,43.204734],[27.909998,43.204705],[27.909267,43.204635],[27.908711,43.204589],[27.90847,43.204575],[27.908295,43.204566],[27.90807,43.204551],[27.908008,43.204547],[27.907569,43.204521],[27.90727,43.204497],[27.90708,43.204478],[27.906864,43.204454],[27.906612,43.20442],[27.906157,43.204325],[27.905818,43.20424],[27.905548,43.204176],[27.905238,43.204106],[27.904719,43.203994],[27.904485,43.203944],[27.904287,43.203899],[27.904049,43.20386],[27.903967,43.203848],[27.903784,43.203828],[27.9032,43.203777],[27.902801,43.203745],[27.901451,43.203648],[27.901059,43.203614],[27.900693,43.203577],[27.900378,43.203524],[27.900282,43.203504],[27.900225,43.203492],[27.899927,43.203412],[27.899585,43.203303],[27.899235,43.203161],[27.898906,43.20301],[27.898649,43.202879],[27.898397,43.20273],[27.898034,43.202458],[27.897976,43.20242],[27.897715,43.202192],[27.897511,43.201994],[27.897265,43.201712],[27.897081,43.201467],[27.896963,43.201261],[27.896868,43.201074],[27.896779,43.200847],[27.896695,43.200589],[27.896661,43.200464],[27.896644,43.20038],[27.896584,43.200092],[27.896563,43.199917]]},"properties":{"name":"бул. Христо Ботев"}},{"type":"Feature","geometry":{"type":"LineString","coordinates":[[27.908295,43.204566],[27.908252,43.204662],[27.90821,43.204762],[27.908198,43.204798],[27.908106,43.205094],[27.908102,43.205187],[27.908109,43.205246],[27.908123,43.205292],[27.908144,43.205345],[27.90817,43.205389],[27.908208,43.205427],[27.908255,43.20546],[27.908308,43.205495],[27.908369,43.205524],[27.90847,43.205566],[27.908999,43.205785],[27.909137,43.205846],[27.909773,43.206129],[27.910176,43.206308],[27.910277,43.206354],[27.910384,43.206404],[27.910539,43.206479],[27.910627,43.206524],[27.911332,43.206827],[27.91218,43.207203],[27.912216,43.207219],[27.912613,43.207388],[27.912978,43.207551],[27.913058,43.207588],[27.913416,43.20775],[27.913451,43.207766],[27.913471,43.207775],[27.913536,43.207801],[27.913657,43.207851],[27.913753,43.207894],[27.913776,43.207904],[27.914238,43.208108],[27.914362,43.208154],[27.914488,43.208194],[27.914573,43.20822],[27.914679,43.208284]]},"properties":{"name":"бул. Съборни"}},{"type":"Feature","geometry":{"type":"LineString","coordinates":[[27.908106,43.205094],[27.908058,43.205177],[27.908037,43.205216],[27.908025,43.205261],[27.908023,43.205305],[27.908022,43.205339],[27.908028,43.20537],[27.908038,43.205402],[27.908055,43.205432],[27.908081,43.205468],[27.908111,43.2055],[27.908157,43.205545],[27.908198,43.20558],[27.90823,43.205595],[27.908455,43.205689],[27.908923,43.205887],[27.90903,43.205931],[27.909688,43.206221],[27.910255,43.206471],[27.910359,43.206521],[27.910498,43.206589],[27.910573,43.206622],[27.910689,43.206674],[27.911102,43.20686],[27.911319,43.206968],[27.912096,43.207305],[27.912131,43.207321],[27.912562,43.207506],[27.913381,43.207854],[27.913472,43.207891],[27.913682,43.207974],[27.913713,43.207988],[27.913747,43.208003],[27.91415,43.208182],[27.914283,43.208236],[27.914339,43.208256],[27.914431,43.208277],[27.914507,43.208294],[27.914679,43.208284],[27.914835,43.208303]]},"properties":{"name":"бул. Съборни"}},{"type":"Feature","geometry":{"type":"LineString","coordinates":[[27.915182,43.208341],[27.914942,43.208315],[27.914835,43.208303],[27.914903,43.208343],[27.914956,43.208389],[27.914994,43.208435],[27.915008,43.208479]]},"properties":{"name":"бул. Съборни"}},{"type":"Feature","geometry":{"type":"LineString","coordinates":[[27.908295,43.204566],[27.908362,43.204414],[27.908368,43.204392],[27.908399,43.204279],[27.908424,43.204177],[27.908425,43.204067],[27.908405,43.203977],[27.90837,43.203888],[27.908342,43.203837],[27.908311,43.203792],[27.908264,43.203733],[27.908211,43.203657],[27.908188,43.203612],[27.908167,43.203565],[27.908047,43.203333],[27.908009,43.203261],[27.907845,43.202502],[27.907753,43.20205],[27.907683,43.20172],[27.907683,43.201625]]},"properties":{"name":"Бачо Киро"}},{"type":"Feature","geometry":{"type":"LineString","coordinates":[[27.911089,43.200766],[27.91092,43.20083],[27.910631,43.200913],[27.910386,43.200981],[27.909861,43.201141],[27.90897,43.201414],[27.908874,43.201441],[27.908756,43.201477],[27.90862,43.201499],[27.907683,43.201625],[27.90762,43.201634],[27.906666,43.201772],[27.906482,43.201825],[27.906334,43.201905],[27.906246,43.20198],[27.906183,43.20205],[27.90612,43.202154],[27.905941,43.20264],[27.905928,43.202674],[27.905896,43.202762],[27.905805,43.203038],[27.905775,43.203092]]},"properties":{"name":"Козлодуй"}},{"type":"Feature","geometry":{"type":"LineString","coordinates":[[27.911089,43.200766],[27.911258,43.200658],[27.911399,43.200496],[27.911524,43.200298],[27.911708,43.199948],[27.911763,43.199778],[27.911721,43.199511],[27.911687,43.199364],[27.911631,43.199126],[27.911584,43.198951],[27.911562,43.198866]]},"properties":{"name":"Дунав"}},{"type":"Feature","geometry":{"type":"LineString","coordinates":[[27.900457,43.201908],[27.90054,43.20188],[27.900671,43.201852],[27.901013,43.201778],[27.901199,43.201748],[27.901379,43.201721],[27.901474,43.201712],[27.901596,43.201698],[27.901847,43.20167],[27.902079,43.201646],[27.902263,43.201622],[27.902437,43.201588],[27.902632,43.201549],[27.902838,43.201483],[27.903302,43.2013],[27.903474,43.201223],[27.904073,43.200962],[27.904131,43.200937],[27.904813,43.200651],[27.905585,43.200321],[27.906338,43.200003],[27.907061,43.199697],[27.90744,43.199534],[27.907786,43.199388],[27.907997,43.199329],[27.908113,43.199299],[27.908191,43.199279],[27.908358,43.199247],[27.908568,43.199218],[27.908948,43.199184],[27.909087,43.199176],[27.909488,43.199148],[27.909917,43.199119],[27.91022,43.199101],[27.910385,43.199088],[27.910563,43.199072],[27.910937,43.199007],[27.911391,43.198901],[27.911562,43.198866],[27.911676,43.198841],[27.91178,43.198823],[27.912169,43.198799],[27.912738,43.198771],[27.913346,43.198739],[27.913806,43.198716],[27.914126,43.198698],[27.914247,43.198678],[27.914362,43.198636]]},"properties":{"name":"Девня"}},{"type":"Feature","geometry":{"type":"LineString","coordinates":[[27.895642,43.203195],[27.895771,43.20313],[27.89586,43.203089],[27.895944,43.203053],[27.897169,43.202596],[27.897394,43.202527],[27.897489,43.2025],[27.897605,43.202463],[27.897682,43.202429],[27.897756,43.202396],[27.897823,43.202353],[27.89792,43.202296],[27.89799,43.202252],[27.898075,43.202209],[27.898156,43.202172],[27.898239,43.202139],[27.898328,43.20211],[27.898419,43.202085],[27.898521,43.20206],[27.898831,43.201987],[27.899032,43.201946],[27.899189,43.201915],[27.899321,43.201894],[27.899447,43.201881],[27.899533,43.201873],[27.89962,43.20187],[27.899948,43.201856],[27.900018,43.201849],[27.900079,43.20184],[27.900131,43.201826]]},"properties":{"name":"Девня"}},{"type":"Feature","geometry":{"type":"LineString","coordinates":[[27.900386,43.20177],[27.900441,43.201776],[27.900496,43.201773],[27.900897,43.201705],[27.901104,43.201667],[27.901325,43.201638],[27.901588,43.201604],[27.901933,43.20156],[27.90218,43.201529],[27.90237,43.201496],[27.902583,43.201455],[27.902792,43.201394],[27.903008,43.201302],[27.903961,43.200885],[27.903998,43.200868],[27.904082,43.200833],[27.904742,43.200557],[27.904985,43.200454],[27.905109,43.200401],[27.90581,43.200101],[27.906252,43.199917],[27.906978,43.199612],[27.907701,43.199312],[27.907741,43.199298],[27.907957,43.19924],[27.908077,43.199209],[27.90831,43.199165],[27.908547,43.19913],[27.908937,43.199096],[27.909525,43.199059],[27.910373,43.199],[27.910542,43.198981],[27.910902,43.198918],[27.911055,43.198882],[27.911383,43.19881],[27.911537,43.19878],[27.911655,43.198764],[27.911775,43.198752],[27.912353,43.198719],[27.912723,43.1987],[27.913341,43.198667],[27.913665,43.198648],[27.913815,43.198615],[27.913942,43.198564],[27.91408,43.19846],[27.914239,43.198416],[27.914262,43.198291],[27.914336,43.198223],[27.914467,43.198127],[27.914516,43.198095],[27.914576,43.198075],[27.914673,43.198058]]},"properties":{"name":"Девня"}},{"type":"Feature","geometry":{"type":"LineString","coordinates":[[27.880661,43.211553],[27.880558,43.211541],[27.880477,43.21154],[27.879692,43.211602],[27.8795,43.211626],[27.879315,43.211649],[27.878964,43.211684],[27.8788,43.2117],[27.878391,43.211741],[27.878201,43.211752],[27.877938,43.21176],[27.877673,43.211759],[27.87758,43.211756],[27.877293,43.211744],[27.877056,43.211732],[27.876801,43.211708],[27.876483,43.211661],[27.876088,43.211591],[27.875585,43.211496],[27.875094,43.211398],[27.874104,43.211204]]},"properties":{"name":"Девня"}},{"type":"Feature","geometry":{"type":"LineString","coordinates":[[27.874158,43.211067],[27.875801,43.211391],[27.876166,43.211466],[27.876575,43.211544],[27.877009,43.211597],[27.877401,43.211625],[27.877762,43.211636],[27.878021,43.211634],[27.878297,43.211622],[27.87896,43.211562],[27.879573,43.211503],[27.879727,43.211489],[27.880445,43.211445],[27.880527,43.211435],[27.880637,43.211419]]},"properties":{"name":"Девня"}},{"type":"Feature","geometry":{"type":"LineString","coordinates":[[27.906338,43.200003],[27.906399,43.200109],[27.906497,43.200429],[27.90665,43.200898],[27.906772,43.201019]]},"properties":{"name":"Автобусен обръщач ЖП гара"}},{"type":"Feature","geometry":{"type":"LineString","coordinates":[[27.907957,43.19924],[27.907997,43.199329],[27.908042,43.199424],[27.908059,43.199466],[27.908093,43.199537],[27.90813,43.199632],[27.908145,43.199763],[27.908133,43.199843],[27.908104,43.199925],[27.907642,43.200513],[27.907532,43.200605],[27.907421,43.200674],[27.906847,43.200977],[27.906772,43.201019],[27.906522,43.201163],[27.906387,43.20126],[27.906277,43.201372],[27.906224,43.201463],[27.906172,43.201589],[27.906116,43.201783],[27.905963,43.202228],[27.905818,43.202663],[27.905752,43.202903],[27.905733,43.202946],[27.905645,43.203075],[27.90559,43.203128],[27.905539,43.203165],[27.905208,43.203338],[27.905147,43.203368],[27.904482,43.203778],[27.904287,43.203899],[27.904112,43.204036]]},"properties":{"name":"Александър Дякович"}},{"type":"Feature","geometry":{"type":"LineString","coordinates":[[27.905775,43.203092],[27.905675,43.203219],[27.905551,43.203333],[27.905389,43.203422],[27.90526,43.203483],[27.90505,43.203595],[27.904701,43.203806],[27.904633,43.203848],[27.904485,43.203944],[27.904272,43.204062]]},"properties":{"name":"Александър Дякович"}},{"type":"Feature","geometry":{"type":"LineString","coordinates":[[27.874705,43.2212],[27.874735,43.221286],[27.874742,43.221352],[27.874737,43.221406],[27.874724,43.221487],[27.874696,43.221659],[27.874694,43.221671],[27.874682,43.221784],[27.874659,43.221899],[27.874636,43.222054],[27.874584,43.222374],[27.87457,43.222546],[27.874549,43.222731],[27.874543,43.222916],[27.874565,43.223111],[27.874617,43.223551],[27.874647,43.223707],[27.874651,43.223727],[27.874673,43.223838],[27.874706,43.223948],[27.874799,43.224245],[27.874858,43.224445],[27.874888,43.224556],[27.874937,43.224647],[27.875043,43.224856],[27.875054,43.224876],[27.875171,43.225063],[27.875529,43.225598],[27.875671,43.225779],[27.875823,43.22596],[27.875938,43.226083],[27.87599,43.226139],[27.876131,43.226286],[27.876256,43.226406],[27.876446,43.226584],[27.876954,43.227035],[27.877505,43.227534],[27.877757,43.227751],[27.877826,43.227811],[27.877856,43.227841],[27.877922,43.227908],[27.878015,43.228007],[27.878091,43.228075],[27.878239,43.22821],[27.878372,43.228349],[27.878485,43.228468],[27.878777,43.22877],[27.878984,43.229036],[27.87908,43.229159],[27.879198,43.229356],[27.879304,43.229548],[27.879369,43.229702],[27.879414,43.229853],[27.879495,43.230202],[27.879503,43.230237],[27.879512,43.230292],[27.879547,43.230459],[27.879657,43.230987],[27.879856,43.231936],[27.879873,43.23201],[27.879928,43.232253],[27.880005,43.232586],[27.880128,43.233316],[27.880269,43.233992],[27.880273,43.234012],[27.880303,43.234152]]},"properties":{"name":"бул. Република"}},{"type":"Feature","geometry":{"type":"LineString","coordinates":[[27.874457,43.22035],[27.874481,43.220433],[27.874583,43.220789],[27.874705,43.2212],[27.87469,43.221288],[27.874669,43.221362],[27.874653,43.221411],[27.874628,43.221481],[27.874587,43.221623],[27.874579,43.221668],[27.874553,43.221811],[27.874528,43.221925],[27.874519,43.222024],[27.874515,43.222054],[27.874512,43.222073],[27.874469,43.222346],[27.874432,43.222664],[27.874419,43.222778],[27.874416,43.222923],[27.874432,43.223126],[27.874447,43.223334],[27.874488,43.223551],[27.874517,43.223742],[27.874525,43.223794],[27.874535,43.223858],[27.874569,43.223967],[27.874723,43.224461],[27.874763,43.224589],[27.87477,43.224613],[27.874803,43.224672],[27.874939,43.224919],[27.875046,43.225114],[27.875253,43.225425],[27.875425,43.22566],[27.87558,43.225846],[27.875724,43.226012],[27.875847,43.226137],[27.875872,43.226162],[27.876035,43.226328],[27.876396,43.226671],[27.876555,43.226817],[27.8768,43.227039],[27.876841,43.227076],[27.877518,43.227718],[27.877595,43.227788],[27.877681,43.227866],[27.877747,43.227926],[27.877862,43.228028],[27.877959,43.228111],[27.877982,43.228131],[27.878274,43.228418],[27.878302,43.228446],[27.878412,43.22856],[27.878678,43.228831],[27.878983,43.229211],[27.879106,43.229406],[27.879197,43.229576],[27.879252,43.229715],[27.879296,43.229851],[27.879334,43.230011],[27.87939,43.230245],[27.879405,43.230303],[27.879432,43.230437],[27.87944,43.230481],[27.879589,43.231252],[27.879693,43.231825],[27.879729,43.232024],[27.879747,43.232121],[27.879812,43.232439],[27.879924,43.232984],[27.880016,43.233431],[27.880069,43.233689],[27.880125,43.234026],[27.88015,43.234178]]},"properties":{"name":"бул. Република"}},{"type":"Feature","geometry":{"type":"LineString","coordinates":[[27.874211,43.219646],[27.87424,43.219724],[27.874264,43.219793],[27.874314,43.219962],[27.874361,43.220104],[27.874457,43.22035],[27.874441,43.22011],[27.874397,43.219869],[27.874393,43.219801],[27.874412,43.219741],[27.874474,43.219664]]},"properties":{"name":"бул. Република"}},{"type":"Feature","geometry":{"type":"LineString","coordinates":[[27.880763,43.211965],[27.880686,43.212073],[27.880662,43.212107],[27.8803,43.2126],[27.880145,43.212817],[27.88003,43.212974],[27.879746,43.213392],[27.879352,43.213981],[27.879288,43.214077],[27.879225,43.214169],[27.87921,43.214191],[27.878944,43.214584],[27.878888,43.214667],[27.878872,43.21469],[27.87879,43.214806],[27.878479,43.215252],[27.878215,43.215629],[27.877946,43.216013],[27.877906,43.216071],[27.877749,43.216295],[27.877721,43.216335],[27.876731,43.217704],[27.87671,43.217734],[27.876579,43.217914],[27.876323,43.218308],[27.876174,43.218509],[27.876017,43.218705],[27.875853,43.218882],[27.875719,43.218996],[27.875626,43.219069],[27.875482,43.219155],[27.875341,43.219235],[27.875168,43.219323],[27.8749,43.219445],[27.874785,43.219493],[27.874515,43.219631]]},"properties":{"name":"бул. Република"}},{"type":"Feature","geometry":{"type":"LineString","coordinates":[[27.880752,43.211599],[27.880764,43.211681],[27.880773,43.211764],[27.880773,43.211865],[27.880763,43.211965],[27.880823,43.2119],[27.880856,43.211853],[27.880863,43.211837],[27.880877,43.21181],[27.880933,43.211569]]},"properties":{"name":"бул. Република"}},{"type":"Feature","geometry":{"type":"LineString","coordinates":[[27.874484,43.219453],[27.874549,43.21946],[27.874629,43.219458],[27.874727,43.219428],[27.874798,43.219395],[27.875157,43.219222],[27.875402,43.219089],[27.875523,43.21901],[27.875609,43.218952],[27.875793,43.218792],[27.875988,43.218587],[27.876154,43.218404],[27.876579,43.217914]]},"properties":{"name":"бул. Република"}},{"type":"Feature","geometry":{"type":"LineString","coordinates":[[27.882737,43.239497],[27.882768,43.239578]]},"properties":{"name":"бул. Република"}},{"type":"Feature","geometry":{"type":"LineString","coordinates":[[27.885924,43.224134],[27.88495,43.224429],[27.884228,43.224657],[27.884097,43.2247],[27.884043,43.224719],[27.883155,43.225022],[27.883101,43.225039],[27.882961,43.225081],[27.882775,43.225141],[27.881591,43.225526],[27.8815,43.225556],[27.880735,43.225803],[27.879707,43.226162],[27.879492,43.226232],[27.879375,43.226269],[27.879324,43.226285],[27.879156,43.226337],[27.878812,43.226438],[27.877442,43.226871],[27.877031,43.227009],[27.876954,43.227035],[27.876841,43.227076]]},"properties":{"name":"Младежка"}},{"type":"Feature","geometry":{"type":"LineString","coordinates":[[27.885924,43.224134],[27.886032,43.224219],[27.886212,43.224361],[27.886362,43.224475],[27.886398,43.224502],[27.886499,43.224748],[27.886696,43.225422],[27.886781,43.22577],[27.886803,43.225814],[27.886846,43.225898],[27.887417,43.226009],[27.887765,43.226071],[27.888241,43.226159],[27.888324,43.226217]]},"properties":{"name":"Тихомир"}},{"type":"Feature","geometry":{"type":"LineString","coordinates":[[27.886398,43.224502],[27.88644,43.224537],[27.886649,43.224715],[27.887045,43.225024],[27.887245,43.225197],[27.887483,43.225393],[27.88754,43.22544],[27.887891,43.225727],[27.888309,43.226087],[27.888378,43.22615],[27.888404,43.226173],[27.888478,43.226237],[27.888589,43.226369]]},"properties":{"name":"Вярност"}},{"type":"Feature","geometry":{"type":"LineString","coordinates":[[27.888648,43.226594],[27.888615,43.226548],[27.888501,43.226389],[27.888396,43.226255],[27.888324,43.226217]]},"properties":{"name":"Вярност"}},{"type":"Feature","geometry":{"type":"LineString","coordinates":[[27.884442,43.227306],[27.884579,43.227289],[27.88468,43.227274],[27.88606,43.227125],[27.887223,43.227012],[27.887569,43.226978],[27.887833,43.226948],[27.887967,43.226926],[27.888098,43.2269],[27.888207,43.226876],[27.888387,43.226824],[27.888661,43.226731],[27.888735,43.226705],[27.888843,43.226656],[27.888901,43.226633],[27.888991,43.226598],[27.889256,43.226484],[27.889524,43.226375],[27.88967,43.226283],[27.889756,43.226227],[27.890184,43.22591],[27.891263,43.22514],[27.892058,43.224559],[27.89239,43.224333],[27.892503,43.224258],[27.892599,43.224194],[27.892712,43.224119],[27.89279,43.224068],[27.892846,43.224032],[27.893005,43.223929],[27.8935,43.223644],[27.89413,43.223325],[27.894546,43.223091],[27.894959,43.222873],[27.895364,43.222647],[27.895715,43.222456],[27.895848,43.222383],[27.896013,43.222285],[27.896197,43.222169],[27.896586,43.221906],[27.896906,43.22167],[27.897319,43.221339],[27.89756,43.221153],[27.897936,43.220871],[27.898102,43.220749],[27.898606,43.220345],[27.898712,43.220262],[27.898805,43.220188],[27.898881,43.220126],[27.899008,43.220021],[27.899043,43.219992],[27.899089,43.219959],[27.899551,43.219584],[27.899835,43.219349],[27.899899,43.219298],[27.900302,43.218997],[27.900801,43.218628],[27.901644,43.218002],[27.901781,43.217905],[27.901836,43.217877],[27.901896,43.217854],[27.902001,43.217838]]},"properties":{"name":"бул. Сливница"}},{"type":"Feature","geometry":{"type":"LineString","coordinates":[[27.919691,43.205747],[27.919595,43.20576],[27.919468,43.205815],[27.919389,43.205865],[27.919056,43.206107],[27.919018,43.206128],[27.918963,43.206167],[27.918377,43.206578],[27.918205,43.206692],[27.918192,43.20674],[27.918138,43.206778],[27.91756,43.207191],[27.917542,43.207203],[27.91753,43.207213],[27.917466,43.207263],[27.917332,43.207354]]},"properties":{"name":"бул. Сливница"}},{"type":"Feature","geometry":{"type":"LineString","coordinates":[[27.913772,43.209395],[27.914148,43.209135],[27.914199,43.2091],[27.914508,43.208887],[27.914626,43.208851],[27.914987,43.208595],[27.915007,43.208537],[27.915012,43.208514],[27.915008,43.208479]]},"properties":{"name":"бул. Сливница"}},{"type":"Feature","geometry":{"type":"LineString","coordinates":[[27.912288,43.21003],[27.912212,43.210146],[27.912128,43.210275],[27.911975,43.210502],[27.911825,43.210698],[27.911668,43.210881],[27.911528,43.211016],[27.911378,43.211142],[27.911256,43.211239],[27.911222,43.211265],[27.911108,43.211353],[27.911012,43.211431],[27.910839,43.211545],[27.910706,43.211637],[27.909761,43.212275],[27.908792,43.212951],[27.908763,43.212971],[27.908698,43.213016],[27.907414,43.213928],[27.906677,43.214452],[27.906605,43.214503],[27.906526,43.214559],[27.906364,43.214678],[27.906025,43.214929],[27.905026,43.215634],[27.904551,43.215988],[27.904078,43.216318],[27.903749,43.216548],[27.903609,43.216639],[27.903483,43.216731],[27.90316,43.216939],[27.902843,43.21715],[27.902609,43.217326],[27.902583,43.217352],[27.902558,43.217393],[27.90254,43.217439],[27.902524,43.217483]]},"properties":{"name":"бул. Сливница"}},{"type":"Feature","geometry":{"type":"LineString","coordinates":[[27.901794,43.217701],[27.901766,43.21778],[27.901747,43.217817],[27.901717,43.217851],[27.901379,43.218091],[27.900922,43.218421],[27.900716,43.218563],[27.900334,43.218817],[27.900122,43.218967],[27.89969,43.219315],[27.899042,43.21983],[27.898961,43.219895],[27.898908,43.219938],[27.898833,43.219998],[27.898749,43.220067],[27.898608,43.220187],[27.89858,43.220211],[27.897935,43.220774],[27.897572,43.221063],[27.897205,43.221349],[27.896841,43.221627],[27.896532,43.221856],[27.896153,43.222115],[27.895978,43.222229],[27.895803,43.222328],[27.895324,43.222586],[27.894904,43.222816],[27.894464,43.223038],[27.894332,43.223107],[27.893553,43.22351],[27.892845,43.223899],[27.892686,43.223987],[27.892551,43.224063],[27.892472,43.224125],[27.892412,43.224172],[27.892388,43.224191],[27.892217,43.224313],[27.891199,43.225097],[27.890888,43.225324],[27.890548,43.225562],[27.890091,43.225859],[27.889813,43.226048],[27.88954,43.226208],[27.88938,43.226295],[27.889195,43.226384],[27.888988,43.226466],[27.888815,43.226533],[27.88876,43.226555],[27.888648,43.226594],[27.888579,43.22662],[27.888511,43.226647],[27.888351,43.226716],[27.888242,43.22675],[27.88811,43.226783],[27.887963,43.226815],[27.887805,43.226844],[27.887566,43.226874],[27.887187,43.226912],[27.886181,43.227025],[27.885151,43.22714],[27.884565,43.227206],[27.884425,43.227221],[27.88419,43.227247],[27.883148,43.227361],[27.881102,43.227585],[27.880461,43.227651],[27.880209,43.227681],[27.879179,43.2278],[27.878575,43.227857],[27.878118,43.227893],[27.877922,43.227908],[27.877747,43.227926],[27.877597,43.227945],[27.877549,43.227951],[27.877239,43.228006],[27.876741,43.228084],[27.876131,43.228167],[27.87567,43.228226],[27.875597,43.228242],[27.87421,43.228411],[27.873917,43.228447],[27.87261,43.22861],[27.872516,43.228622],[27.871743,43.228718],[27.871059,43.228795],[27.870136,43.228917],[27.869458,43.22899],[27.869185,43.229019],[27.868967,43.229051],[27.868812,43.229074]]},"properties":{"name":"бул. Сливница"}},{"type":"Feature","geometry":{"type":"LineString","coordinates":[[27.902276,43.217359],[27.90242,43.217324],[27.902466,43.217305],[27.902502,43.217285],[27.902763,43.217098],[27.90297,43.216953],[27.903393,43.216662],[27.903518,43.21657],[27.90365,43.216476],[27.903846,43.216329],[27.903989,43.216235],[27.904325,43.215989],[27.904436,43.215904],[27.904918,43.215576],[27.9054,43.21523],[27.906216,43.214644],[27.906268,43.214605],[27.906431,43.214489],[27.90651,43.214431],[27.906616,43.214348],[27.907317,43.213852],[27.908455,43.213057],[27.90865,43.212921],[27.908674,43.212904],[27.909691,43.212194],[27.910036,43.211957],[27.910208,43.21184],[27.910413,43.211698],[27.910607,43.211564],[27.910692,43.211506],[27.910865,43.211388],[27.910953,43.211319],[27.911078,43.211227],[27.911134,43.211186],[27.911261,43.211076],[27.911408,43.210946],[27.911544,43.210822],[27.911692,43.210659],[27.911851,43.21047],[27.912013,43.21024],[27.912069,43.210156],[27.912094,43.210113],[27.912154,43.209997]]},"properties":{"name":"бул. Сливница"}},{"type":"Feature","geometry":{"type":"LineString","coordinates":[[27.918135,43.206694],[27.918173,43.206693],[27.918205,43.206692]]},"properties":{"name":"бул. Сливница"}},{"type":"Feature","geometry":{"type":"LineString","coordinates":[[27.878015,43.228007],[27.877862,43.228028],[27.877629,43.228057],[27.877396,43.228074],[27.875686,43.228299],[27.875615,43.228308],[27.875041,43.228383],[27.873949,43.228519],[27.873484,43.228574],[27.873019,43.22863],[27.872714,43.228671],[27.872631,43.228682],[27.871079,43.228888],[27.870865,43.228912],[27.869447,43.229074],[27.869246,43.229102],[27.869212,43.229106],[27.869006,43.229148],[27.868858,43.229175]]},"properties":{"name":"бул. Сливница"}},{"type":"Feature","geometry":{"type":"LineString","coordinates":[[27.898749,43.220067],[27.898805,43.220188],[27.898843,43.220252],[27.898861,43.220278],[27.898972,43.220433],[27.899013,43.220489],[27.89908,43.220574],[27.899125,43.22062],[27.89917,43.220667]]},"properties":{"name":"Акад. Андрей Сахаров"}},{"type":"Feature","geometry":{"type":"LineString","coordinates":[[27.905301,43.22193],[27.904979,43.222555],[27.904933,43.222623],[27.904849,43.222724],[27.904748,43.222821],[27.904564,43.222948],[27.904368,43.223023],[27.904193,43.22307],[27.904101,43.223094],[27.903957,43.223117],[27.903784,43.223118],[27.903754,43.223117],[27.903603,43.223111],[27.9034,43.223084],[27.902902,43.222925],[27.902805,43.222894],[27.902602,43.222829],[27.902509,43.222796],[27.902399,43.222757],[27.90211,43.222643],[27.902058,43.222623],[27.901895,43.222549],[27.9013,43.22226],[27.901143,43.222156],[27.90108,43.222115],[27.900738,43.221888],[27.900419,43.221678],[27.900192,43.221499],[27.89966,43.221081],[27.899573,43.22101],[27.899407,43.220875],[27.899314,43.2208],[27.899225,43.220725],[27.89917,43.220667],[27.898919,43.220197],[27.898881,43.220126],[27.898833,43.219998]]},"properties":{"name":"Акад. Андрей Сахаров"}},{"type":"Feature","geometry":{"type":"LineString","coordinates":[[27.90552,43.221567],[27.905569,43.221393],[27.905745,43.220907],[27.905811,43.220801],[27.905906,43.220639],[27.906007,43.220475],[27.906119,43.220317],[27.906138,43.220296],[27.906341,43.220066],[27.906416,43.219988],[27.90646,43.219948],[27.906586,43.219844],[27.906765,43.219743],[27.906942,43.219647],[27.907263,43.219454],[27.907731,43.219199],[27.907761,43.219177],[27.907771,43.219161],[27.907783,43.219141],[27.90779,43.21912],[27.907792,43.219101],[27.907808,43.218985]]},"properties":{"name":"бул. Цар Освободител"}},{"type":"Feature","geometry":{"type":"LineString","coordinates":[[27.908028,43.218508],[27.908288,43.218351],[27.908983,43.217992],[27.909243,43.217848],[27.909507,43.217695],[27.909685,43.217578],[27.910006,43.217346],[27.910125,43.217263],[27.910194,43.217214],[27.911403,43.216354],[27.911855,43.216042],[27.912384,43.215669],[27.912487,43.215595],[27.912609,43.215508],[27.912928,43.215279],[27.91333,43.214991],[27.914044,43.214481],[27.914376,43.214228],[27.914542,43.214112],[27.914568,43.214092],[27.914686,43.214007],[27.914777,43.213943],[27.914832,43.213904],[27.915058,43.213739],[27.915329,43.213549],[27.915608,43.213361],[27.916423,43.212812],[27.917169,43.212299],[27.91723,43.212257],[27.917264,43.212233],[27.917365,43.212161],[27.918204,43.211576],[27.918981,43.211027],[27.919818,43.210443],[27.92024,43.210149],[27.920558,43.209925],[27.920584,43.209906],[27.920605,43.209892],[27.920673,43.209844],[27.92078,43.20976],[27.920871,43.209697],[27.921074,43.209555],[27.921516,43.209251],[27.922321,43.208666],[27.922587,43.208477],[27.922838,43.208304],[27.922898,43.208263],[27.922922,43.208247],[27.923001,43.208188],[27.923049,43.208154],[27.923132,43.208095],[27.923625,43.207741],[27.92389,43.207554],[27.924209,43.207329],[27.924236,43.207309],[27.924462,43.20715],[27.924698,43.206984],[27.924826,43.206894],[27.925223,43.20663],[27.925278,43.206592],[27.925307,43.206562],[27.925315,43.206528],[27.925314,43.206502]]},"properties":{"name":"бул. Цар Освободител"}},{"type":"Feature","geometry":{"type":"LineString","coordinates":[[27.908468,43.218495],[27.908486,43.218429],[27.908499,43.218396],[27.908516,43.218362],[27.908535,43.218335],[27.908568,43.218305],[27.908888,43.218144],[27.909301,43.21793],[27.909485,43.217827],[27.909736,43.217674],[27.910122,43.217439],[27.910237,43.217356],[27.91031,43.217302],[27.91034,43.217281],[27.910725,43.217001],[27.911515,43.21644],[27.912385,43.215812],[27.912485,43.21574],[27.913796,43.214802],[27.914252,43.214475],[27.914666,43.214178],[27.914684,43.214165],[27.91479,43.214089],[27.914885,43.214021],[27.914938,43.213984],[27.914959,43.213968],[27.915432,43.213629],[27.915708,43.213437],[27.915939,43.213279],[27.916508,43.21288],[27.917123,43.212448],[27.917476,43.212202],[27.917558,43.212143],[27.918275,43.211655],[27.919095,43.211076],[27.919929,43.210497],[27.920374,43.21018],[27.920718,43.209948],[27.920767,43.209915],[27.920881,43.209842],[27.920979,43.209777],[27.920996,43.209765],[27.921043,43.209734],[27.92158,43.209358],[27.921623,43.209326],[27.922432,43.208748],[27.923009,43.208341],[27.92311,43.208271],[27.92326,43.208163],[27.923314,43.208128],[27.92334,43.208109],[27.923398,43.208072],[27.923596,43.207924],[27.924007,43.207627],[27.924303,43.207412],[27.924324,43.207397],[27.924797,43.207062],[27.924925,43.206969],[27.925385,43.206639],[27.925401,43.206611],[27.925407,43.206581],[27.925406,43.206558],[27.925401,43.206536],[27.925393,43.206511],[27.925379,43.206488],[27.925307,43.20643]]},"properties":{"name":"бул. Цар Освободител"}},{"type":"Feature","geometry":{"type":"LineString","coordinates":[[27.908177,43.219009],[27.907589,43.219391],[27.90737,43.219519],[27.907118,43.219657],[27.906845,43.21981],[27.906734,43.219882],[27.906664,43.21994],[27.90644,43.220115],[27.906344,43.220196],[27.90625,43.220298],[27.906181,43.220384],[27.9061,43.220499],[27.906023,43.220613],[27.905952,43.220732],[27.905737,43.221134],[27.905669,43.221291],[27.905613,43.221463],[27.905463,43.22226],[27.905357,43.2228],[27.905296,43.223095],[27.905275,43.223206],[27.90518,43.22354],[27.905031,43.224036],[27.904843,43.224581],[27.904759,43.224813],[27.904622,43.225113],[27.904587,43.225179],[27.90456,43.225233],[27.904524,43.225307],[27.904323,43.225721],[27.90406,43.226139],[27.903738,43.226567],[27.903635,43.226731],[27.903447,43.227039],[27.903392,43.227137],[27.903309,43.22726],[27.903182,43.227431],[27.903111,43.227505],[27.902962,43.22766],[27.902759,43.22787],[27.902669,43.227954],[27.902578,43.228037],[27.90256,43.228052],[27.902243,43.228296],[27.901683,43.228689],[27.901285,43.228921],[27.900303,43.229377],[27.8997,43.229635]]},"properties":{"name":"бул. Цар Освободител"}},{"type":"Feature","geometry":{"type":"LineString","coordinates":[[27.894448,43.231875],[27.894315,43.231951],[27.89422,43.231998],[27.893966,43.232108],[27.893395,43.232308],[27.892843,43.232497],[27.892554,43.232581],[27.892251,43.232658],[27.891991,43.232712],[27.891776,43.232743],[27.891476,43.232777],[27.890907,43.232822]]},"properties":{"name":"бул. Цар Освободител"}},{"type":"Feature","geometry":{"type":"LineString","coordinates":[[27.904523,43.225164],[27.904496,43.225218],[27.904466,43.225286],[27.904379,43.225432],[27.904287,43.225616],[27.904131,43.225881],[27.904059,43.225997],[27.90394,43.226179],[27.903705,43.226509],[27.903597,43.226659],[27.903443,43.226866],[27.903244,43.227078],[27.903041,43.227283],[27.902982,43.227337],[27.902337,43.227928],[27.902273,43.227985],[27.902216,43.228047],[27.902189,43.228076],[27.902011,43.228241],[27.901872,43.228366],[27.901811,43.22841],[27.901263,43.228807],[27.900944,43.228977],[27.900083,43.229404],[27.8997,43.229635],[27.899595,43.229681],[27.899021,43.229957],[27.898568,43.230155],[27.898419,43.230219],[27.898026,43.23039],[27.897201,43.230735],[27.89633,43.231085],[27.895365,43.231483],[27.894986,43.231651],[27.894909,43.231681],[27.894583,43.23182],[27.894448,43.231875],[27.894145,43.231967],[27.893623,43.23215],[27.893218,43.232295],[27.892901,43.232416],[27.892804,43.232437],[27.892556,43.232514],[27.89236,43.232566],[27.89213,43.232617],[27.89198,43.23264],[27.891755,43.232659],[27.891694,43.232665],[27.891424,43.232683],[27.89104,43.232706],[27.890671,43.232735],[27.890394,43.232758],[27.890302,43.232765],[27.890213,43.232773],[27.890128,43.23278],[27.89001,43.23279],[27.889861,43.232803],[27.889371,43.232861],[27.889219,43.232894],[27.888782,43.233005],[27.889051,43.23298],[27.89014,43.232878],[27.89022,43.23287],[27.890319,43.232865]]},"properties":{"name":"бул. Цар Освободител"}},{"type":"Feature","geometry":{"type":"LineString","coordinates":[[27.856028,43.23519],[27.856476,43.235066],[27.856798,43.23498],[27.856917,43.234948],[27.857087,43.234902],[27.8575,43.234792],[27.85768,43.234744],[27.858774,43.234452],[27.859136,43.234355],[27.859435,43.234275],[27.859633,43.234222],[27.859931,43.23415],[27.860366,43.23404],[27.860565,43.233992],[27.860628,43.233977],[27.861056,43.233865],[27.861346,43.233789],[27.861579,43.233725],[27.861662,43.233703],[27.861961,43.233621],[27.862115,43.233581],[27.862322,43.233527],[27.862406,43.233508],[27.862687,43.233446],[27.862948,43.233398],[27.863216,43.23337],[27.863437,43.233349],[27.863546,43.233344],[27.86366,43.233339],[27.863861,43.233335],[27.864168,43.233341],[27.864846,43.233376],[27.865067,43.233396],[27.865265,43.233415],[27.865782,43.233479],[27.866147,43.233525],[27.866458,43.233564],[27.866822,43.233613],[27.867069,43.233635],[27.867201,43.233642],[27.867311,43.233648],[27.86742,43.233651],[27.867437,43.233652],[27.86767,43.233649],[27.867934,43.233637],[27.868333,43.233608],[27.8686,43.23359],[27.868796,43.233578],[27.868991,43.233575],[27.869245,43.233593],[27.869457,43.233611],[27.86985,43.233654],[27.869996,43.233673],[27.870156,43.233694],[27.870266,43.233708],[27.8703,43.233713],[27.87056,43.233747],[27.871165,43.23382],[27.871735,43.233893],[27.871892,43.233911],[27.872676,43.234001],[27.87301,43.23404],[27.873322,43.234073],[27.873651,43.234114],[27.87384,43.234141],[27.873917,43.234152],[27.874913,43.234283],[27.875472,43.234347],[27.875589,43.23436],[27.875988,43.234396],[27.876334,43.234413],[27.876484,43.234418],[27.87656,43.23442],[27.876654,43.234421],[27.876877,43.234421],[27.877218,43.23442],[27.877325,43.234418],[27.877643,43.23442],[27.877878,43.234413],[27.877949,43.234411],[27.878292,43.234391],[27.878588,43.234367],[27.879124,43.234314],[27.879707,43.234235],[27.879939,43.234205],[27.88006,43.234189],[27.88015,43.234178],[27.880303,43.234152],[27.880439,43.234135],[27.880526,43.234125],[27.881207,43.234043],[27.88163,43.233986],[27.881892,43.23395],[27.882305,43.233892],[27.882522,43.23386],[27.882643,43.233843],[27.882855,43.233813],[27.884124,43.233653],[27.885991,43.233384],[27.886218,43.23336],[27.886942,43.233263],[27.88725,43.233217],[27.887405,43.233198],[27.887976,43.233118],[27.888782,43.233005]]},"properties":{"name":"бул. Цар Освободител"}},{"type":"Feature","geometry":{"type":"LineString","coordinates":[[27.836965,43.240438],[27.83583,43.241089]]},"properties":{"name":"бул. Цар Освободител"}},{"type":"Feature","geometry":{"type":"LineString","coordinates":[[27.910975,43.217959],[27.910952,43.217915],[27.910544,43.217589],[27.91033,43.217426],[27.910237,43.217356],[27.910125,43.217263],[27.910027,43.21719],[27.909379,43.216706],[27.909277,43.216627],[27.909249,43.216599],[27.90914,43.21651],[27.90878,43.216237],[27.908215,43.215813],[27.907437,43.215217],[27.906695,43.214681],[27.906614,43.214624],[27.906526,43.214559],[27.906431,43.214489],[27.906375,43.214446],[27.906339,43.214418],[27.905482,43.213756],[27.905203,43.213536],[27.904579,43.213044],[27.904229,43.212779],[27.904144,43.212714],[27.904058,43.212628]]},"properties":{"name":"Отец Паисий"}},{"type":"Feature","geometry":{"type":"LineString","coordinates":[[27.910975,43.217959],[27.910972,43.218016],[27.910952,43.218071],[27.910835,43.218242],[27.91065,43.218495],[27.910483,43.218731],[27.910426,43.218815],[27.910405,43.218845],[27.910363,43.218908],[27.910135,43.219249],[27.91012,43.219273],[27.910076,43.219337],[27.909994,43.219461],[27.909954,43.21952],[27.909915,43.219574],[27.909699,43.219878],[27.909614,43.219992],[27.909417,43.220271],[27.909355,43.220357],[27.909291,43.22045],[27.909251,43.220567],[27.909231,43.220626],[27.909252,43.22075],[27.909315,43.220857],[27.909518,43.221124],[27.909582,43.22124],[27.909608,43.221362],[27.909616,43.221432],[27.909624,43.221497],[27.909599,43.22166],[27.909529,43.221858],[27.909413,43.222143],[27.909362,43.222266],[27.909321,43.222363],[27.909288,43.222445],[27.909183,43.222699],[27.9091,43.222909],[27.908594,43.224188],[27.908166,43.225221],[27.908107,43.225352],[27.907885,43.225838],[27.907858,43.225898],[27.907736,43.226165],[27.907594,43.226456],[27.907554,43.226536],[27.907376,43.226909],[27.907091,43.227394],[27.907058,43.227458],[27.906903,43.227718],[27.906696,43.228021],[27.906649,43.228086],[27.906366,43.228484],[27.906318,43.228556],[27.906046,43.228938],[27.905762,43.229342],[27.905549,43.229632],[27.905395,43.229891],[27.905297,43.230057],[27.90524,43.230153],[27.905192,43.230251],[27.905158,43.230331],[27.90513,43.230426],[27.90511,43.23049],[27.905079,43.230685],[27.905076,43.230927],[27.905114,43.23111],[27.905153,43.231232],[27.905177,43.231286],[27.905251,43.231453],[27.905317,43.231569],[27.905396,43.231688],[27.905747,43.232035],[27.905863,43.232146],[27.906085,43.232376],[27.906149,43.232453],[27.906179,43.23249],[27.906272,43.232649],[27.906319,43.232743],[27.906373,43.232889],[27.906395,43.233002],[27.906421,43.233141],[27.906441,43.233376],[27.906417,43.233608],[27.906398,43.233675],[27.906364,43.233773],[27.906303,43.233939],[27.906168,43.23417],[27.905937,43.234498],[27.905796,43.23468],[27.905576,43.234962],[27.905554,43.234991],[27.905454,43.235143],[27.905406,43.235213],[27.905307,43.235358],[27.905218,43.235481],[27.905129,43.235604],[27.905022,43.23575],[27.904966,43.235829],[27.904949,43.235853],[27.904821,43.236029],[27.904603,43.236354],[27.904553,43.236463],[27.904514,43.236582],[27.904489,43.236707],[27.904465,43.236887],[27.904469,43.237015],[27.90449,43.237188],[27.904546,43.23751],[27.904552,43.237549],[27.904563,43.237619],[27.904574,43.237687],[27.904583,43.237771],[27.904607,43.237951],[27.904609,43.237968],[27.904618,43.238128],[27.904591,43.238352],[27.904498,43.23857]]},"properties":{"name":"Прилеп"}},{"type":"Feature","geometry":{"type":"LineString","coordinates":[[27.952558,43.215357],[27.952048,43.215326],[27.951928,43.215317],[27.95182,43.21531],[27.951722,43.215308],[27.951631,43.215308],[27.951545,43.215312],[27.951462,43.21532],[27.951378,43.215331],[27.951292,43.215345],[27.9512,43.215363],[27.951107,43.215386],[27.951015,43.215415],[27.950926,43.215449],[27.95084,43.215487],[27.950758,43.215528],[27.950679,43.215571],[27.950605,43.215614],[27.950311,43.215785],[27.950174,43.215877],[27.949423,43.216376],[27.948725,43.216843],[27.948253,43.217132],[27.947883,43.217367],[27.947059,43.217903],[27.946949,43.217981],[27.946714,43.218136],[27.946291,43.218393],[27.945794,43.218612],[27.945509,43.218721],[27.945202,43.218825],[27.944917,43.218908],[27.944612,43.219006],[27.944328,43.219075],[27.943963,43.219148],[27.943067,43.219263],[27.941731,43.219446],[27.94106,43.219532],[27.940283,43.219628],[27.939908,43.219679],[27.939418,43.219746],[27.939167,43.219777],[27.938121,43.219897],[27.937988,43.219914],[27.937859,43.21993],[27.937354,43.220006],[27.937231,43.220027],[27.936879,43.220041],[27.936651,43.220031],[27.936478,43.220018],[27.936339,43.219993],[27.936176,43.219918],[27.935608,43.219676],[27.935173,43.219485],[27.935004,43.219419],[27.934793,43.219355],[27.934659,43.219318],[27.934533,43.219288],[27.934447,43.219276],[27.934338,43.219264],[27.934187,43.219262],[27.934072,43.219265],[27.933956,43.21927],[27.933826,43.21929],[27.933713,43.219312],[27.933618,43.219335],[27.933473,43.21937],[27.931088,43.219991],[27.930853,43.22005],[27.928701,43.2206],[27.928493,43.220656],[27.92834,43.220693],[27.928203,43.220724],[27.928023,43.220762],[27.927862,43.220791],[27.927687,43.220821],[27.92761,43.220835],[27.927509,43.220848],[27.927394,43.22086],[27.927292,43.22087],[27.927216,43.220875],[27.927093,43.220883],[27.926968,43.22089],[27.926831,43.220894],[27.926711,43.220896],[27.926576,43.220896],[27.926402,43.22089],[27.926275,43.220883],[27.926071,43.220866],[27.925916,43.220849],[27.92581,43.220836],[27.925295,43.220777],[27.924788,43.220697],[27.924562,43.220665],[27.923106,43.220436],[27.922734,43.220384],[27.922413,43.22034],[27.922108,43.22031],[27.921849,43.220286],[27.921606,43.220273],[27.921393,43.220268],[27.921181,43.220265],[27.920921,43.220269],[27.920709,43.22028],[27.920539,43.220291],[27.920335,43.220312],[27.92011,43.220341],[27.918768,43.220528],[27.918687,43.220542],[27.918141,43.220619],[27.917784,43.22067],[27.917422,43.220715],[27.917238,43.220731],[27.917035,43.220746],[27.9169,43.220753],[27.916685,43.220765],[27.916383,43.220775],[27.91627,43.220777],[27.916042,43.220773],[27.915821,43.220765],[27.915607,43.220754],[27.915413,43.220738],[27.91523,43.220721],[27.915014,43.220698],[27.914747,43.220664],[27.91457,43.220636],[27.914381,43.220603],[27.914183,43.220565],[27.913932,43.220508],[27.913636,43.220436],[27.913395,43.220367],[27.913221,43.220312],[27.913047,43.220251],[27.912656,43.220109],[27.912319,43.219977],[27.911837,43.219775],[27.911323,43.219568],[27.910976,43.219429],[27.910609,43.219296]]},"properties":{"name":"бул. Васил Левски"}},{"type":"Feature","geometry":{"type":"LineString","coordinates":[[27.954373,43.215614],[27.954064,43.215505],[27.95379,43.215415],[27.953148,43.215177],[27.952704,43.214981],[27.952488,43.214893],[27.952323,43.214844],[27.952222,43.21482],[27.952088,43.2148],[27.951931,43.214789],[27.951754,43.214786],[27.951572,43.214794],[27.951353,43.214822],[27.951194,43.214861],[27.951,43.21493],[27.950905,43.214975],[27.950519,43.215206],[27.950008,43.215553],[27.949492,43.215904],[27.948956,43.216244],[27.948406,43.216613],[27.947976,43.216914],[27.947516,43.217234],[27.946865,43.217671],[27.946269,43.21805],[27.946003,43.218207],[27.945716,43.218363],[27.945105,43.218639],[27.944819,43.218739],[27.944528,43.218834],[27.944219,43.218926],[27.943877,43.218997],[27.942666,43.219159],[27.941672,43.219305],[27.939712,43.219579],[27.939385,43.219625],[27.939064,43.219665],[27.938779,43.219696],[27.938613,43.219708],[27.938338,43.219721],[27.938135,43.219728],[27.93802,43.219727],[27.937837,43.219725],[27.937545,43.219707],[27.937348,43.219686],[27.937001,43.219641],[27.936728,43.219584],[27.936372,43.219497],[27.935548,43.219157],[27.93537,43.219081],[27.93521,43.219042],[27.935063,43.219013],[27.934979,43.219002],[27.934912,43.218993],[27.9347,43.21899],[27.934449,43.219015],[27.934331,43.219043],[27.934009,43.219116],[27.933938,43.219133],[27.933771,43.219174],[27.933695,43.219192],[27.931141,43.219851],[27.930856,43.219928],[27.928565,43.220507],[27.928448,43.220533],[27.9281,43.220607],[27.927745,43.220682],[27.927617,43.220705],[27.927533,43.220717],[27.927422,43.220731],[27.927277,43.220748],[27.92714,43.22076],[27.926996,43.220769],[27.926822,43.220774],[27.92661,43.220773],[27.926419,43.220769],[27.926245,43.220758],[27.926038,43.220742],[27.925816,43.220716],[27.924589,43.220539],[27.92445,43.22052],[27.923735,43.220413],[27.922113,43.220187],[27.921697,43.220139],[27.921548,43.220129],[27.921357,43.220116],[27.921102,43.220106],[27.92094,43.220105],[27.920766,43.220106],[27.920581,43.220113],[27.920402,43.220125],[27.92019,43.220141],[27.91999,43.220164],[27.919652,43.220208],[27.919546,43.220224],[27.919387,43.220246],[27.919156,43.220282],[27.918632,43.22036],[27.917781,43.22049],[27.917285,43.220562],[27.917091,43.220587],[27.916952,43.2206],[27.916794,43.220614],[27.916606,43.220626],[27.916439,43.220634],[27.916284,43.220637],[27.916071,43.220638],[27.915697,43.220632],[27.915508,43.220624],[27.915334,43.22061],[27.915178,43.220594],[27.915001,43.220572],[27.914802,43.220542],[27.914642,43.220518],[27.914448,43.220482],[27.914259,43.22044],[27.914017,43.220388],[27.913819,43.220339],[27.913614,43.220288],[27.91335,43.22021],[27.913067,43.220116],[27.912756,43.219996],[27.912676,43.219964],[27.912509,43.219898],[27.911689,43.219552],[27.911148,43.21931],[27.910902,43.219214],[27.910717,43.21914]]},"properties":{"name":"бул. Васил Левски"}},{"type":"Feature","geometry":{"type":"LineString","coordinates":[[27.93537,43.219081],[27.935021,43.218904],[27.93422,43.218518],[27.933988,43.218399],[27.933001,43.217874],[27.931109,43.216841],[27.930859,43.216707],[27.930815,43.216682],[27.930534,43.216524],[27.93018,43.216329],[27.929543,43.215984],[27.929269,43.215846],[27.929109,43.215755],[27.928959,43.215673],[27.92864,43.215494],[27.927865,43.21505],[27.927368,43.214785],[27.927177,43.214684],[27.926858,43.214502],[27.926453,43.214247],[27.926034,43.213948],[27.925684,43.21368],[27.925328,43.213378],[27.924972,43.213059],[27.924621,43.212721],[27.924604,43.212706],[27.924426,43.212547],[27.924348,43.212489],[27.924294,43.212449],[27.924213,43.212389],[27.923929,43.212179],[27.923058,43.211517],[27.922157,43.210822],[27.922112,43.210788],[27.92179,43.210544],[27.9217,43.210474],[27.921557,43.210362],[27.921354,43.210203],[27.921312,43.210171],[27.920959,43.209908],[27.920881,43.209842],[27.92078,43.20976],[27.920698,43.209701],[27.920673,43.209682],[27.920642,43.209657],[27.919975,43.209159],[27.919516,43.208803],[27.919115,43.208508],[27.919023,43.20844],[27.918983,43.208411],[27.918898,43.208344],[27.918737,43.20822],[27.918397,43.207959],[27.918142,43.207768],[27.917535,43.207309],[27.917466,43.207263]]},"properties":{"name":"бул. 8-ми Приморски полк"}},{"type":"Feature","geometry":{"type":"LineString","coordinates":[[27.917332,43.207354],[27.917389,43.207387],[27.917432,43.207416],[27.917476,43.207445],[27.918113,43.207919],[27.918788,43.208426],[27.918874,43.208489],[27.918916,43.20852],[27.919875,43.209241],[27.920246,43.209524],[27.920588,43.20978],[27.920673,43.209844],[27.920767,43.209915],[27.920849,43.209977],[27.920859,43.209985],[27.92089,43.210009],[27.921642,43.210581],[27.922026,43.210873],[27.923646,43.212105],[27.924242,43.212558],[27.924319,43.212616],[27.924449,43.212753],[27.924486,43.212793],[27.924502,43.21281],[27.92485,43.213196],[27.925124,43.213476],[27.925439,43.213749],[27.925879,43.214078],[27.926085,43.214235],[27.926321,43.214385],[27.926709,43.214622],[27.926893,43.214721],[27.927175,43.214866],[27.927253,43.214907],[27.927511,43.215043],[27.927773,43.215193],[27.928095,43.215366],[27.928284,43.215468],[27.928724,43.215711],[27.928925,43.215821],[27.929134,43.215938],[27.929244,43.215993],[27.929931,43.216374],[27.930766,43.216804],[27.93096,43.216914],[27.931184,43.217047],[27.931995,43.21749],[27.933584,43.218349],[27.933748,43.218453],[27.933896,43.218545],[27.934145,43.218746],[27.934449,43.219015],[27.934534,43.219089],[27.934715,43.219246],[27.934783,43.219292],[27.935004,43.219419]]},"properties":{"name":"бул. 8-ми Приморски полк"}},{"type":"Feature","geometry":{"type":"LineString","coordinates":[[27.942162,43.224976],[27.942238,43.225024],[27.942318,43.225072],[27.942517,43.225191],[27.942743,43.22532],[27.942965,43.225445],[27.943408,43.225668],[27.9438,43.225836],[27.943848,43.225857],[27.943893,43.225877],[27.944106,43.225954],[27.944298,43.226023],[27.944517,43.226075],[27.944772,43.226118],[27.944962,43.226143],[27.945249,43.226167],[27.945323,43.22617],[27.945397,43.226174],[27.945623,43.226184],[27.946117,43.226206],[27.946629,43.226225],[27.946778,43.226231],[27.947066,43.226241],[27.947549,43.226258],[27.94769,43.226264],[27.948465,43.226292],[27.948671,43.226298],[27.948802,43.226301],[27.949079,43.226308],[27.949205,43.226312],[27.94936,43.22632],[27.95019,43.226342],[27.950711,43.226365],[27.951318,43.226381],[27.952292,43.226408],[27.953435,43.226464],[27.953527,43.226468],[27.953962,43.226487],[27.954283,43.226496],[27.954315,43.226499],[27.954709,43.226533],[27.954885,43.226563],[27.955018,43.226604],[27.955156,43.226658],[27.955585,43.226915],[27.955736,43.227],[27.955823,43.227047],[27.956067,43.227165],[27.956183,43.227194],[27.956297,43.227219],[27.956416,43.227229],[27.956536,43.227236],[27.956708,43.227233],[27.956812,43.227223],[27.956937,43.227197],[27.957052,43.22716],[27.95724,43.2271],[27.957517,43.226978],[27.957752,43.226864],[27.957988,43.226753],[27.958175,43.226651],[27.958316,43.226563],[27.958419,43.226486],[27.958712,43.226238],[27.959178,43.225848],[27.959376,43.225711],[27.959505,43.225655],[27.959645,43.225601],[27.95976,43.225566],[27.959898,43.225554],[27.959958,43.225552],[27.960052,43.225556],[27.960159,43.225571],[27.960208,43.225581],[27.960255,43.225591],[27.96036,43.225621],[27.960422,43.225647],[27.960558,43.225725],[27.960751,43.225874],[27.960876,43.226001],[27.960933,43.226064],[27.961004,43.22614],[27.961086,43.226205],[27.961207,43.226284],[27.961292,43.22633],[27.961419,43.226385],[27.961536,43.226417],[27.961706,43.226444],[27.962358,43.226483],[27.962655,43.226504],[27.962982,43.226527],[27.96319,43.22656],[27.963429,43.226618],[27.96363,43.226687],[27.964474,43.227021],[27.964551,43.227056],[27.964727,43.227149],[27.964845,43.227229],[27.964912,43.227276],[27.965083,43.227412],[27.96522,43.227535],[27.965301,43.227618],[27.965351,43.227667],[27.96544,43.227756],[27.965584,43.227916],[27.965682,43.228044],[27.9658,43.22824],[27.965922,43.228489],[27.966039,43.228749],[27.966066,43.228825],[27.96613,43.229006],[27.966308,43.22939],[27.966336,43.22945],[27.966366,43.22952],[27.966394,43.229582],[27.966406,43.229609],[27.966461,43.229734],[27.96654,43.229908],[27.966606,43.230076],[27.966658,43.230213],[27.966709,43.230367],[27.966728,43.230471],[27.966734,43.230582],[27.96672,43.230712],[27.966656,43.230865],[27.966602,43.230947],[27.966534,43.23104],[27.966432,43.231166],[27.96626,43.231332],[27.966076,43.23147],[27.96578,43.231691],[27.965619,43.231804],[27.965382,43.231989],[27.965257,43.232102],[27.965173,43.232177],[27.965031,43.232329],[27.965005,43.232357],[27.96479,43.232642],[27.96468,43.232828],[27.964599,43.232992],[27.964384,43.233444],[27.96405,43.234169],[27.963891,43.234439],[27.963698,43.23467],[27.963372,43.234894],[27.962986,43.235008],[27.962611,43.235034],[27.962288,43.234998],[27.961968,43.234925],[27.961658,43.234752],[27.961422,43.234497],[27.961195,43.234134],[27.960519,43.232641],[27.960383,43.232496],[27.9603,43.232442],[27.960225,43.232399],[27.960112,43.232361],[27.960023,43.232338],[27.95986,43.232319],[27.95973,43.232322],[27.959516,43.232351],[27.959288,43.232465],[27.959205,43.232564],[27.959113,43.232718],[27.959073,43.232912],[27.959097,43.233136],[27.959145,43.233318],[27.959662,43.236416],[27.959728,43.23681],[27.959804,43.237366],[27.959811,43.237547],[27.959804,43.237717],[27.959783,43.237889],[27.959761,43.238037],[27.959705,43.238261],[27.959669,43.238405],[27.959596,43.238575]]},"properties":{"name":"бул. 8-ми Приморски полк"}},{"type":"Feature","geometry":{"type":"LineString","coordinates":[[27.936372,43.219497],[27.936738,43.219665],[27.93688,43.219743],[27.937003,43.219821],[27.937105,43.219898],[27.937127,43.219921],[27.937231,43.220027],[27.937454,43.220296],[27.937666,43.220585],[27.937817,43.220802],[27.938022,43.221075],[27.93811,43.22118],[27.938817,43.221859],[27.939211,43.222238],[27.941071,43.223963],[27.94115,43.224039],[27.941444,43.224329],[27.941499,43.224381],[27.941539,43.224423],[27.941665,43.224555],[27.941725,43.224609],[27.941855,43.224728],[27.942162,43.224976],[27.9421,43.224939],[27.941815,43.224771],[27.9415,43.224558],[27.941365,43.224453],[27.941307,43.224393],[27.940988,43.22411],[27.940825,43.223962],[27.940021,43.223184],[27.939561,43.222777],[27.939095,43.222342],[27.93796,43.22126],[27.937245,43.220601],[27.936957,43.220371],[27.936549,43.220108],[27.936339,43.219993]]},"properties":{"name":"бул. 8-ми Приморски полк"}},{"type":"Feature","geometry":{"type":"LineString","coordinates":[[27.917332,43.207354],[27.917151,43.207272],[27.916645,43.207076],[27.915526,43.20666],[27.914939,43.206442],[27.914915,43.206433],[27.914877,43.206417],[27.914775,43.20638],[27.914661,43.206338],[27.914564,43.206307],[27.913751,43.206027],[27.91323,43.205839],[27.913142,43.205806],[27.912126,43.205409],[27.912023,43.205366],[27.911594,43.205208],[27.911095,43.205024],[27.910785,43.204922]]},"properties":{"name":"бул. Мария Луиза"}},{"type":"Feature","geometry":{"type":"LineString","coordinates":[[27.910803,43.204808],[27.911015,43.204854],[27.911138,43.2049],[27.91205,43.205234],[27.912103,43.205252],[27.912205,43.205291],[27.913202,43.205675],[27.913282,43.205706],[27.913809,43.205902],[27.914073,43.206005],[27.91457,43.206192],[27.914603,43.206204],[27.914631,43.206214],[27.914743,43.206253],[27.914818,43.206278],[27.914941,43.206323],[27.914976,43.206335],[27.915419,43.206496],[27.916063,43.206733],[27.916534,43.206901],[27.916956,43.207062],[27.917145,43.207137],[27.917177,43.207151],[27.91722,43.207168],[27.91734,43.207213],[27.917466,43.207263]]},"properties":{"name":"бул. Мария Луиза"}},{"type":"Feature","geometry":{"type":"LineString","coordinates":[[27.907249,43.200001],[27.907649,43.199931],[27.908133,43.199843]]},"properties":{"name":"Цариброд"}},{"type":"Feature","geometry":{"type":"LineString","coordinates":[[27.870005,43.222803],[27.869768,43.222914],[27.869607,43.223006],[27.869473,43.223094],[27.869259,43.223244],[27.869048,43.223427],[27.868943,43.223521]]},"properties":{"name":"бул. Януш Хуняди"}},{"type":"Feature","geometry":{"type":"LineString","coordinates":[[27.919691,43.205747],[27.919748,43.205753],[27.919809,43.205766],[27.919885,43.20581],[27.92007,43.205953],[27.920413,43.206216],[27.921033,43.206696],[27.921129,43.20677],[27.921155,43.206789],[27.921413,43.206985],[27.9218,43.207279],[27.922,43.207431],[27.922213,43.207594],[27.922472,43.207791],[27.922646,43.207921],[27.92288,43.208097],[27.922911,43.20812],[27.922942,43.208142]]},"properties":{"name":"бул. Княз Борис I"}},{"type":"Feature","geometry":{"type":"LineString","coordinates":[[27.957268,43.216417],[27.957188,43.216405],[27.957113,43.21639],[27.95675,43.216294],[27.956461,43.216213],[27.956054,43.21609],[27.955949,43.216055],[27.955801,43.21601],[27.95571,43.215983],[27.955356,43.215876],[27.954966,43.215768],[27.95459,43.215671],[27.954373,43.215614],[27.954051,43.215536],[27.953762,43.215472],[27.953469,43.215412],[27.952929,43.215312],[27.952388,43.215219],[27.951776,43.215142],[27.950961,43.215053],[27.950602,43.215011],[27.949019,43.214822],[27.948242,43.214731],[27.946205,43.21452],[27.944949,43.214387],[27.944738,43.214365],[27.942931,43.214179],[27.942116,43.214086],[27.941585,43.214003],[27.941104,43.213918],[27.940789,43.213848],[27.940424,43.213771],[27.939981,43.21364],[27.939518,43.213498],[27.939242,43.213412],[27.93897,43.213307],[27.938445,43.2131],[27.938192,43.212996],[27.937942,43.212884],[27.93732,43.212595],[27.936476,43.21214],[27.936134,43.211954],[27.935428,43.211572],[27.935152,43.211401],[27.934657,43.211164],[27.933234,43.21048],[27.932595,43.210197],[27.932104,43.210013],[27.931725,43.209886],[27.93139,43.209795],[27.930966,43.209705],[27.929867,43.209479],[27.92429,43.208344],[27.923639,43.208223],[27.92326,43.208163],[27.923049,43.208154],[27.922942,43.208142],[27.923001,43.208188],[27.92311,43.208271],[27.923162,43.208278],[27.92332,43.208301],[27.923748,43.208357],[27.92391,43.208383],[27.924476,43.208476],[27.92523,43.208632],[27.925974,43.208793],[27.9269,43.208988],[27.927725,43.209148],[27.928139,43.209234],[27.929616,43.209545],[27.929859,43.209598],[27.930535,43.209738],[27.931253,43.20989],[27.931577,43.209975],[27.931901,43.210067],[27.932144,43.21015],[27.932367,43.210232],[27.932637,43.210345],[27.932896,43.210461],[27.933419,43.210734],[27.933643,43.210854],[27.934215,43.211178],[27.934647,43.211418],[27.935178,43.211726],[27.935468,43.211886],[27.935648,43.211984],[27.935903,43.21213],[27.936315,43.212353],[27.936506,43.212456],[27.936757,43.212595],[27.937067,43.21278],[27.937328,43.212925],[27.937893,43.213193],[27.938247,43.213336],[27.938684,43.2135],[27.939208,43.213691],[27.940335,43.21399],[27.940631,43.214073],[27.940819,43.214112],[27.941193,43.214182],[27.94162,43.214244],[27.942002,43.214304],[27.942503,43.214368],[27.942904,43.214413],[27.944008,43.214518],[27.947886,43.214856],[27.948085,43.214874],[27.948836,43.214946],[27.949489,43.215009],[27.950172,43.215079],[27.950469,43.215112],[27.950803,43.215146],[27.951488,43.215219],[27.952173,43.215303],[27.952558,43.215357],[27.95285,43.215407],[27.95322,43.215471],[27.953567,43.215541],[27.95372,43.215571],[27.954011,43.215635],[27.954315,43.215703],[27.95458,43.21577],[27.954986,43.215886],[27.955464,43.216016],[27.955832,43.216128],[27.955992,43.216176],[27.95644,43.216312],[27.956875,43.216444],[27.957072,43.216503],[27.957128,43.216532],[27.95719,43.216578]]},"properties":{"name":"бул. Княз Борис I"}},{"type":"Feature","geometry":{"type":"LineString","coordinates":[[27.957473,43.21648],[27.957615,43.216549],[27.957946,43.216673],[27.958315,43.216801],[27.958569,43.216885],[27.959103,43.217058],[27.961332,43.217751],[27.96156,43.217823],[27.961855,43.217916],[27.962253,43.218029],[27.962614,43.218123],[27.96277,43.218153],[27.962947,43.218188],[27.963213,43.218224],[27.963453,43.218242],[27.96376,43.218253],[27.964215,43.218242],[27.964769,43.218223],[27.96514,43.218235],[27.965368,43.218254],[27.965549,43.21828],[27.965699,43.218304],[27.967012,43.218565],[27.967186,43.218603],[27.967576,43.218678],[27.967964,43.218728],[27.968482,43.218788],[27.969195,43.218862],[27.969404,43.218883],[27.969651,43.21892],[27.969907,43.218973],[27.970118,43.21904],[27.970374,43.219138],[27.970687,43.219288],[27.970966,43.219431],[27.971268,43.219561],[27.97152,43.219656],[27.971722,43.219718],[27.97197,43.219783],[27.972261,43.219854],[27.972981,43.220035],[27.975324,43.220595],[27.975583,43.220675],[27.975731,43.220714],[27.975855,43.220755],[27.975928,43.22079],[27.976003,43.220828],[27.976061,43.220863],[27.976131,43.220915],[27.976168,43.220954],[27.976207,43.220988],[27.976236,43.221025],[27.976425,43.221232]]},"properties":{"name":"бул. Княз Борис I"}},{"type":"Feature","geometry":{"type":"LineString","coordinates":[[27.976865,43.22159],[27.976901,43.221616],[27.976989,43.221662],[27.977163,43.221753],[27.977272,43.221824],[27.977346,43.221882],[27.97749,43.222008],[27.977712,43.2222],[27.977773,43.222245],[27.977836,43.22229],[27.97791,43.222321],[27.978003,43.222356],[27.978096,43.222383],[27.978201,43.222405],[27.978315,43.22242],[27.978934,43.222454],[27.979836,43.222503],[27.980088,43.222531],[27.980817,43.222642],[27.98413,43.223102],[27.985264,43.223244],[27.98557,43.223278],[27.985868,43.223308],[27.986276,43.223334],[27.986551,43.223349],[27.986792,43.22335],[27.987009,43.223347],[27.98725,43.223345],[27.987315,43.223343],[27.987738,43.223336],[27.988022,43.223336],[27.989042,43.223335],[27.989258,43.223337],[27.989392,43.223339],[27.98962,43.223346],[27.989956,43.223377],[27.990587,43.223454],[27.991455,43.223568],[27.992033,43.223641],[27.992166,43.223657],[27.99233,43.223675],[27.99245,43.223685],[27.992541,43.22369],[27.993613,43.223748],[27.993674,43.223751],[27.994015,43.223795],[27.994173,43.223816],[27.994366,43.223843],[27.994962,43.223932],[27.995363,43.223992],[27.995712,43.224055],[27.996636,43.224263],[27.996866,43.224315],[27.996998,43.224342],[27.997979,43.224503],[27.998336,43.224565],[27.998942,43.224672],[27.99924,43.224735],[27.999345,43.224762],[27.99947,43.224794],[27.999596,43.224841],[27.999814,43.224939],[27.999872,43.224976],[27.999975,43.225042],[28.00014,43.225185],[28.000284,43.225333],[28.000415,43.225546],[28.000498,43.225733],[28.001088,43.227697],[28.001157,43.227936],[28.00122,43.22812],[28.001254,43.22822],[28.001336,43.228423],[28.001341,43.228435],[28.001425,43.228601],[28.00149,43.228741],[28.001544,43.228847],[28.001706,43.229084],[28.001918,43.229392],[28.002086,43.2296],[28.002286,43.229818],[28.002861,43.230369],[28.003321,43.23084],[28.003774,43.23129],[28.004091,43.231597],[28.004432,43.231906],[28.00469,43.232106],[28.004997,43.232341],[28.005418,43.232624],[28.005573,43.232716],[28.005724,43.232797],[28.00616,43.233026],[28.00625,43.233072],[28.006445,43.233165],[28.006661,43.233269],[28.00727,43.233562],[28.007728,43.233774],[28.008206,43.233988],[28.008735,43.234242],[28.009214,43.234449],[28.009737,43.234653],[28.009952,43.234748],[28.010117,43.234834],[28.010277,43.23492],[28.010433,43.235014],[28.010516,43.235068],[28.010955,43.235315],[28.010998,43.235335],[28.011066,43.235358],[28.011145,43.235382]]},"properties":{"name":"бул. Княз Борис I"}},{"type":"Feature","geometry":{"type":"LineString","coordinates":[[27.976587,43.221698],[27.976646,43.221753],[27.976677,43.221792],[27.976854,43.221984],[27.977064,43.222133],[27.977223,43.222234],[27.97735,43.222302],[27.977497,43.222369],[27.97767,43.222428],[27.977838,43.222461],[27.978041,43.222491],[27.978269,43.222521],[27.978469,43.222538],[27.978596,43.22254],[27.979039,43.222547],[27.979806,43.222594],[27.980075,43.222626],[27.980775,43.222729],[27.981765,43.222849],[27.984971,43.223292],[27.985251,43.223326],[27.985876,43.223389],[27.986219,43.223416],[27.986496,43.223435],[27.986767,43.223433],[27.986998,43.223431],[27.987289,43.22343],[27.987328,43.22343],[27.987492,43.223426],[27.988093,43.22342],[27.988992,43.223422],[27.989484,43.223429],[27.989809,43.223451],[27.989975,43.223465],[27.990017,43.223468],[27.990326,43.223498],[27.990715,43.223542],[27.99123,43.223611],[27.992205,43.223762],[27.993051,43.223952],[27.993633,43.224074],[27.99381,43.224095],[27.993994,43.224124],[27.994028,43.224129],[27.99428,43.224162],[27.994467,43.224187],[27.994976,43.224257],[27.995394,43.224292],[27.995902,43.224335],[27.996776,43.22439],[27.997136,43.224443],[27.997681,43.224538],[27.998366,43.224662],[27.998927,43.224764],[27.999216,43.224829],[27.999411,43.224879],[27.999588,43.224943],[27.999752,43.225026],[27.999867,43.225092],[28.000097,43.225277],[28.000242,43.225438],[28.000362,43.225634],[28.000427,43.225818],[28.000544,43.226156],[28.000738,43.226892],[28.000854,43.227311],[28.000984,43.227804],[28.001044,43.227999],[28.001154,43.228284],[28.001238,43.228475],[28.001338,43.228668],[28.001448,43.228878],[28.001581,43.229111],[28.001628,43.229174],[28.001695,43.229264],[28.001857,43.229464],[28.00203,43.229673],[28.002237,43.229927],[28.002404,43.230106],[28.003225,43.230941],[28.003856,43.231556],[28.00416,43.231826],[28.004364,43.232005],[28.004572,43.232171],[28.004834,43.232378],[28.005118,43.232584],[28.005348,43.232719],[28.006028,43.233066],[28.006074,43.233086],[28.006148,43.233122],[28.0064,43.233246],[28.006626,43.233358],[28.00692,43.233497],[28.007971,43.233997],[28.008513,43.234271],[28.008912,43.234507],[28.009589,43.234895],[28.009674,43.234945],[28.01059,43.23539],[28.010873,43.235529],[28.010991,43.235593]]},"properties":{"name":"бул. Княз Борис I"}},{"type":"Feature","geometry":{"type":"LineString","coordinates":[[27.976164,43.221344],[27.976106,43.221285],[27.97593,43.221132],[27.975811,43.221031],[27.975678,43.220931],[27.97555,43.220847],[27.975481,43.220801],[27.975378,43.220746],[27.975263,43.220689],[27.975156,43.22065],[27.974337,43.220433],[27.972065,43.219889],[27.971844,43.219838],[27.971628,43.219785],[27.971418,43.219725],[27.97121,43.219646],[27.970955,43.219524],[27.970681,43.219384],[27.970398,43.219239],[27.970139,43.219139],[27.969844,43.219047],[27.969428,43.218966],[27.968739,43.218896],[27.968486,43.21888],[27.968133,43.218843],[27.967654,43.218788],[27.966886,43.21864],[27.966359,43.218529],[27.966013,43.218451],[27.965721,43.218384],[27.96554,43.218354],[27.965347,43.21833],[27.965108,43.218309],[27.964765,43.218305],[27.964223,43.218321],[27.963767,43.218346],[27.963481,43.218342],[27.963236,43.218328],[27.963186,43.218325],[27.96292,43.218285],[27.962637,43.218226],[27.96233,43.218146],[27.961935,43.218035],[27.961644,43.217949],[27.961427,43.217884],[27.960737,43.217665],[27.958056,43.216811],[27.957592,43.216673],[27.957486,43.216645],[27.95742,43.216636],[27.957353,43.216635]]},"properties":{"name":"бул. Княз Борис I"}},{"type":"Feature","geometry":{"type":"LineString","coordinates":[[27.976425,43.221232],[27.976538,43.22125],[27.976563,43.221259],[27.9766,43.221275],[27.976632,43.221289],[27.976667,43.221311],[27.976695,43.221328],[27.97673,43.221355],[27.976761,43.221388],[27.976777,43.221411],[27.976805,43.22146],[27.976825,43.221503],[27.976833,43.221525],[27.976865,43.22159]]},"properties":{"name":"9"}},{"type":"Feature","geometry":{"type":"LineString","coordinates":[[28.011577,43.235612],[28.011675,43.235669],[28.011737,43.235715],[28.011857,43.23579],[28.011994,43.235892],[28.012196,43.236126],[28.012328,43.236325],[28.012404,43.236455],[28.012464,43.236559],[28.012516,43.236648],[28.012586,43.23677],[28.012748,43.237106],[28.012961,43.23749],[28.013056,43.237658],[28.013231,43.237935],[28.01351,43.238455],[28.014388,43.240126],[28.014475,43.2403],[28.014572,43.240453],[28.014875,43.241013],[28.015029,43.241282],[28.015479,43.242136],[28.015671,43.242542],[28.015815,43.242876],[28.015963,43.243273],[28.016057,43.243625],[28.016124,43.243962],[28.01618,43.244307],[28.016201,43.244674],[28.01619,43.244992],[28.016173,43.245336],[28.016128,43.245693],[28.016045,43.246094],[28.015932,43.246545],[28.01572,43.247411],[28.015576,43.24797],[28.015547,43.248093],[28.015426,43.248565],[28.01516,43.249604],[28.014886,43.250703],[28.014872,43.250746],[28.014831,43.25095],[28.014767,43.251272],[28.014734,43.251633],[28.014761,43.251908],[28.014806,43.252203],[28.014979,43.252818],[28.015134,43.253228],[28.015308,43.253733],[28.01533,43.253792],[28.015437,43.254026],[28.015502,43.254226],[28.015531,43.254316],[28.015544,43.254358],[28.015736,43.254943],[28.01606,43.255884],[28.016471,43.257159],[28.016638,43.257641],[28.017267,43.259473],[28.017435,43.259948],[28.01811,43.261972],[28.018146,43.26208],[28.018276,43.26247],[28.018317,43.262634],[28.018354,43.262744],[28.018573,43.263407],[28.018795,43.264025],[28.018832,43.264151],[28.018984,43.264587],[28.019082,43.264919],[28.01934,43.265695],[28.019413,43.265921],[28.019517,43.2662],[28.019987,43.267595],[28.020118,43.267985],[28.020292,43.268467],[28.020437,43.268774],[28.020572,43.269056],[28.020757,43.269372],[28.021038,43.269781],[28.021342,43.270151],[28.021733,43.270542],[28.025668,43.274169],[28.026046,43.274527],[28.026386,43.274917],[28.026843,43.275413],[28.026929,43.275501],[28.027033,43.275571],[28.027058,43.275581],[28.027086,43.27559],[28.027132,43.275595],[28.02718,43.275599],[28.027246,43.275592],[28.02736,43.27556]]},"properties":{"name":"9"}},{"type":"Feature","geometry":{"type":"LineString","coordinates":[[28.011463,43.235857],[28.011521,43.235881],[28.011585,43.235911],[28.01176,43.236036],[28.012057,43.23631],[28.012189,43.236449],[28.012279,43.236565],[28.012341,43.236644],[28.012422,43.236755],[28.012617,43.237091],[28.01283,43.237505],[28.012941,43.23769],[28.013644,43.239018],[28.014178,43.24002],[28.014259,43.240154],[28.014284,43.240205],[28.014365,43.240354],[28.014432,43.240478],[28.014929,43.241334],[28.01533,43.242113],[28.015586,43.242627],[28.01571,43.242922],[28.015831,43.243305],[28.01593,43.24366],[28.015992,43.243966],[28.016042,43.244305],[28.016065,43.244668],[28.016071,43.244973],[28.016058,43.245344],[28.015991,43.245718],[28.015928,43.246081],[28.015691,43.246989],[28.015545,43.247572],[28.015485,43.2478],[28.01544,43.247949],[28.015295,43.248516],[28.01503,43.24958],[28.014749,43.250727],[28.014707,43.250894],[28.014641,43.251228],[28.01461,43.251604],[28.014634,43.251958],[28.014707,43.25233],[28.014859,43.252841],[28.015021,43.253339],[28.015196,43.253818],[28.015237,43.253946],[28.015404,43.254481],[28.015826,43.255588],[28.016226,43.256863],[28.016321,43.257145],[28.016495,43.257648],[28.016673,43.258117],[28.016813,43.258558],[28.017159,43.259569],[28.017349,43.260127],[28.017374,43.2602],[28.017808,43.261487],[28.017976,43.262004],[28.018135,43.2625],[28.018398,43.26329],[28.018566,43.263762],[28.018704,43.264167],[28.018854,43.264611],[28.018931,43.264845],[28.019215,43.265714],[28.019305,43.265942],[28.019503,43.266583],[28.019635,43.266936],[28.01986,43.267628],[28.019969,43.26795],[28.02017,43.268498],[28.020315,43.268813],[28.020451,43.269094],[28.020647,43.269428],[28.020933,43.26983],[28.021226,43.270201],[28.021613,43.270598],[28.021645,43.270628],[28.025545,43.274214],[28.025908,43.274566],[28.026276,43.274979],[28.026519,43.275211],[28.026671,43.275357],[28.026755,43.27544],[28.02688,43.275549],[28.026935,43.27559],[28.026985,43.275617],[28.027041,43.275631],[28.027085,43.275636],[28.027141,43.275638],[28.027208,43.27563],[28.027267,43.275615],[28.02736,43.27556],[28.027544,43.275405],[28.028259,43.274757],[28.028423,43.274676],[28.028639,43.274616],[28.028858,43.274593],[28.029039,43.274626],[28.02928,43.27469],[28.02951,43.274805],[28.029695,43.274957],[28.029897,43.275158],[28.030059,43.275336],[28.030153,43.275463],[28.030225,43.275575],[28.030328,43.275803],[28.030499,43.276377],[28.030552,43.276639],[28.030592,43.276837],[28.030676,43.277045],[28.030669,43.27715],[28.030618,43.277282],[28.030543,43.277421],[28.030184,43.277862],[28.030065,43.278058],[28.030014,43.278236],[28.030009,43.278417],[28.030078,43.278611],[28.030488,43.279414],[28.030644,43.279693],[28.030818,43.279885],[28.031153,43.280142],[28.032111,43.280823],[28.032243,43.280922],[28.032363,43.281097],[28.03241,43.281203],[28.032464,43.281327],[28.033068,43.2829],[28.033181,43.28322],[28.033309,43.283775],[28.033411,43.284117],[28.033552,43.284375],[28.03526,43.285757],[28.035505,43.285978],[28.035606,43.286086],[28.035707,43.286452],[28.035794,43.286989],[28.035898,43.287243],[28.036012,43.287379],[28.036167,43.287495],[28.036351,43.28759],[28.036626,43.287678],[28.036903,43.287757],[28.037135,43.287833],[28.037192,43.287849],[28.037321,43.287886],[28.037451,43.28805],[28.037481,43.288093],[28.037754,43.288399],[28.038067,43.288735],[28.03818,43.288884],[28.038323,43.289315],[28.038405,43.289577],[28.038485,43.289888],[28.038497,43.289936],[28.038545,43.290121],[28.03859,43.290274],[28.038689,43.290545],[28.038737,43.290665],[28.03881,43.290763],[28.038987,43.290921],[28.039159,43.29105],[28.039363,43.291173],[28.039394,43.291192],[28.039802,43.291342],[28.040302,43.291463],[28.040943,43.291595],[28.041318,43.291695],[28.041427,43.291723],[28.041613,43.29184],[28.041738,43.291941],[28.04194,43.292176],[28.042774,43.293039],[28.04293,43.293246],[28.043021,43.293483],[28.043048,43.2936],[28.043036,43.293745],[28.043015,43.293901],[28.042995,43.294059],[28.042967,43.294188],[28.042943,43.294397],[28.042941,43.294627],[28.04296,43.294831],[28.042987,43.29501],[28.043002,43.295115],[28.043047,43.295325],[28.043093,43.295485],[28.043201,43.29578],[28.043292,43.296021],[28.043385,43.296369],[28.043556,43.297073],[28.043651,43.297376],[28.043718,43.29755],[28.043816,43.297743],[28.043926,43.297975],[28.044116,43.298262],[28.044224,43.29838],[28.044325,43.298479],[28.044446,43.298582],[28.04456,43.298668],[28.044685,43.298736],[28.045187,43.298989],[28.045373,43.299077],[28.045446,43.299111],[28.045719,43.29924],[28.045906,43.299328],[28.046587,43.299677],[28.046804,43.299854],[28.047014,43.300136],[28.047371,43.300877],[28.047584,43.301238],[28.048244,43.301978],[28.048484,43.302246],[28.049368,43.303324],[28.04997,43.30417],[28.050022,43.304242],[28.050103,43.304383],[28.050191,43.304605],[28.050248,43.304785],[28.05037,43.305098],[28.050428,43.305247],[28.05079,43.305874],[28.051193,43.306489],[28.051618,43.307148],[28.05175,43.307577]]},"properties":{"name":"9"}},{"type":"Feature","geometry":{"type":"LineString","coordinates":[[27.896563,43.199917],[27.896517,43.199077],[27.896492,43.198855],[27.896366,43.198414],[27.896139,43.197768],[27.895894,43.197279],[27.895756,43.197031],[27.895594,43.196778],[27.895336,43.196431],[27.895072,43.19613],[27.894864,43.195922],[27.894672,43.195755],[27.89441,43.195543],[27.89412,43.195338],[27.893633,43.195044],[27.885828,43.190737],[27.884262,43.189868],[27.879504,43.187237]]},"properties":{"name":"9"}},{"type":"Feature","geometry":{"type":"LineString","coordinates":[[27.895941,43.199895],[27.895986,43.199579],[27.896064,43.199151],[27.896078,43.198997],[27.896085,43.198855],[27.896086,43.198548],[27.89606,43.198263],[27.896013,43.19798],[27.895939,43.197727],[27.895841,43.197467],[27.895761,43.197289],[27.895635,43.197053],[27.895486,43.196817],[27.895233,43.196483],[27.89499,43.196197],[27.894768,43.195974],[27.89457,43.195805],[27.894324,43.195612],[27.894046,43.195409],[27.893562,43.195115],[27.885753,43.19081],[27.884191,43.189943],[27.880978,43.188159],[27.879425,43.187311],[27.87901,43.187095],[27.877979,43.186828],[27.877616,43.1867],[27.877447,43.186627],[27.87732,43.186542],[27.877186,43.186414],[27.87711,43.186293],[27.877035,43.186092],[27.877005,43.185952],[27.877001,43.185936],[27.877028,43.185726],[27.877102,43.185587],[27.877167,43.185479],[27.87732,43.185317],[27.877514,43.185191],[27.877687,43.185098],[27.877826,43.185041],[27.878176,43.18493],[27.878633,43.184846],[27.878827,43.18483],[27.879058,43.184828],[27.879391,43.18484]]},"properties":{"name":"9"}},{"type":"Feature","geometry":{"type":"LineString","coordinates":[[27.881747,43.185252],[27.881403,43.185249],[27.881054,43.185234],[27.880729,43.185207],[27.879819,43.185077],[27.879383,43.185026],[27.879175,43.185019],[27.878976,43.185026],[27.878791,43.185053],[27.878571,43.185138],[27.878336,43.185267],[27.878222,43.185377],[27.87813,43.185481],[27.878052,43.185612],[27.877993,43.185788],[27.877978,43.185963],[27.878004,43.18607],[27.878041,43.186166],[27.878095,43.186262],[27.878147,43.186341],[27.878211,43.186421],[27.878297,43.186495],[27.878372,43.186555],[27.878676,43.18679]]},"properties":{"name":"9"}},{"type":"Feature","geometry":{"type":"LineString","coordinates":[[27.897253,43.180261],[27.897261,43.18016],[27.897219,43.180041],[27.897146,43.179915],[27.897132,43.17989],[27.897069,43.179734]]},"properties":{"name":"9"}},{"type":"Feature","geometry":{"type":"LineString","coordinates":[[27.887309,43.174454],[27.887116,43.174231],[27.886939,43.174026],[27.886859,43.173925],[27.885262,43.172081],[27.885122,43.171831],[27.884784,43.170855],[27.884302,43.169361],[27.881582,43.164431],[27.880682,43.162631],[27.880259,43.161907],[27.879142,43.159851],[27.878958,43.159532],[27.878811,43.15908],[27.87875,43.158683],[27.878755,43.158294],[27.878851,43.157773],[27.879032,43.157301],[27.879292,43.156831],[27.880018,43.155782],[27.88014,43.155594],[27.880366,43.155312],[27.881529,43.15401],[27.881726,43.153776],[27.881788,43.153636],[27.881832,43.153601],[27.881882,43.15348],[27.881942,43.153269],[27.88204,43.152687],[27.882401,43.150547],[27.882421,43.150318],[27.882413,43.15014],[27.882368,43.149947],[27.882231,43.149728],[27.882137,43.149618],[27.881964,43.149487],[27.881651,43.149321],[27.881232,43.149119],[27.880643,43.148847],[27.879402,43.14834],[27.878916,43.148247],[27.878722,43.148209],[27.878467,43.148195],[27.877863,43.148176],[27.877347,43.148182],[27.874693,43.148216],[27.874258,43.148188],[27.873443,43.148034],[27.872271,43.147773],[27.870733,43.14743],[27.870109,43.147246],[27.869743,43.147058],[27.869258,43.146729],[27.868908,43.146335],[27.867814,43.144393],[27.867475,43.143981],[27.867037,43.143573],[27.86642,43.143296],[27.865869,43.143091],[27.865786,43.143058],[27.865404,43.142908],[27.861296,43.141517],[27.857582,43.140316],[27.857267,43.140256],[27.856994,43.140212],[27.856635,43.140187],[27.850343,43.140027],[27.84894,43.139985]]},"properties":{"name":"9"}},{"type":"Feature","geometry":{"type":"LineString","coordinates":[[27.895915,43.203528],[27.895932,43.203536],[27.895952,43.203545],[27.895976,43.203552],[27.896016,43.20356],[27.896057,43.203565],[27.896095,43.203565],[27.896145,43.203559],[27.896186,43.203549],[27.896232,43.203536],[27.896261,43.203524],[27.896288,43.203508],[27.896589,43.20333],[27.896655,43.203294],[27.896731,43.203255],[27.896814,43.203214],[27.896904,43.203178],[27.896999,43.203144],[27.897109,43.203109],[27.897246,43.203071],[27.897355,43.203044]]},"properties":{"name":"9"}},{"type":"Feature","geometry":{"type":"LineString","coordinates":[[27.935173,43.219485],[27.935039,43.219389],[27.934964,43.219328],[27.934938,43.219282],[27.934935,43.219245],[27.934949,43.219184],[27.934989,43.219137],[27.935048,43.219102],[27.935114,43.219083],[27.935224,43.219087],[27.935314,43.219108],[27.935548,43.219157]]},"properties":{"name":"9"}},{"type":"Feature","geometry":{"type":"LineString","coordinates":[[27.937988,43.219914],[27.937707,43.220017],[27.937656,43.220039],[27.937598,43.220075],[27.93755,43.220137],[27.937526,43.220194],[27.937528,43.2203],[27.937666,43.220585]]},"properties":{"name":"9"}},{"type":"Feature","geometry":{"type":"LineString","coordinates":[[27.939211,43.222238],[27.939468,43.22242],[27.939687,43.222599],[27.939899,43.222811],[27.940015,43.222879],[27.940092,43.222899],[27.940186,43.222913],[27.940267,43.222908],[27.9403,43.222904],[27.940357,43.222896],[27.940448,43.222874]]},"properties":{"name":"9"}},{"type":"Feature","geometry":{"type":"LineString","coordinates":[[27.940808,43.222887],[27.9409,43.222965],[27.940959,43.223002],[27.941049,43.223051],[27.941193,43.223118],[27.941274,43.223181],[27.94138,43.22326],[27.941836,43.22366],[27.941922,43.223742],[27.941961,43.223789],[27.941989,43.223837]]},"properties":{"name":"9"}},{"type":"Feature","geometry":{"type":"LineString","coordinates":[[27.940213,43.224306],[27.940213,43.224232],[27.940205,43.224128],[27.940175,43.223893],[27.940127,43.223622],[27.940077,43.223446],[27.940042,43.223379],[27.939959,43.223229],[27.939561,43.222777]]},"properties":{"name":"9"}},{"type":"Feature","geometry":{"type":"LineString","coordinates":[[27.976587,43.221698],[27.976549,43.221686],[27.976475,43.221665],[27.976426,43.221644],[27.976384,43.221622],[27.976314,43.221561],[27.976262,43.221506],[27.976218,43.221433],[27.976164,43.221344],[27.976244,43.221396],[27.976258,43.221417],[27.976266,43.221427],[27.976318,43.221492],[27.976361,43.221529],[27.97643,43.221588],[27.976472,43.221612],[27.976503,43.221632],[27.976545,43.22166],[27.976587,43.221698]]},"properties":{"name":"9"}},{"type":"Feature","geometry":{"type":"LineString","coordinates":[[27.908965,43.22629],[27.909322,43.226316],[27.909565,43.226343],[27.909853,43.226392],[27.91006,43.226452],[27.910245,43.226504],[27.91041,43.22655],[27.910468,43.226566],[27.910565,43.226593],[27.910954,43.226707],[27.911809,43.226949],[27.911919,43.22697],[27.912006,43.226986],[27.912126,43.227014],[27.912463,43.227053],[27.912602,43.227068],[27.913983,43.227224],[27.914752,43.227306],[27.914949,43.22733],[27.915053,43.227343],[27.915349,43.22738],[27.916458,43.227509],[27.917349,43.227614],[27.91739,43.227619],[27.917644,43.227642],[27.917865,43.227649],[27.91813,43.22765],[27.918277,43.227645],[27.91869,43.227634],[27.919057,43.227604],[27.919352,43.227567],[27.919511,43.227545],[27.919789,43.227515],[27.921153,43.22733],[27.921279,43.227311],[27.921427,43.22729],[27.921583,43.227268],[27.921971,43.227214],[27.922601,43.227121],[27.923153,43.227057],[27.923496,43.227012],[27.924354,43.226885],[27.924506,43.226862],[27.924629,43.226845],[27.924727,43.22683],[27.924894,43.226805],[27.925327,43.226735],[27.925562,43.226698],[27.925706,43.226677],[27.926076,43.226629],[27.926533,43.226568],[27.927297,43.226457],[27.927952,43.226353],[27.928889,43.226229],[27.929183,43.226197],[27.929289,43.226188],[27.929771,43.226146],[27.930617,43.226087],[27.9307,43.22608],[27.930936,43.226059],[27.931434,43.225989],[27.93246,43.225816],[27.933212,43.225685],[27.933278,43.225672],[27.933484,43.225635],[27.933727,43.225591],[27.933835,43.225572],[27.934445,43.225465],[27.935037,43.225369],[27.935079,43.225363],[27.935228,43.22534],[27.935601,43.225277],[27.936563,43.225123],[27.936598,43.22512],[27.937118,43.225035],[27.937982,43.224887],[27.938218,43.224851],[27.938812,43.224757],[27.939047,43.224722],[27.939267,43.224688],[27.93988,43.224598],[27.940274,43.224545],[27.940367,43.224529],[27.940656,43.224465],[27.94081,43.224415],[27.940986,43.224349],[27.941097,43.224301],[27.941436,43.224164],[27.94154,43.224121],[27.941766,43.224026],[27.941923,43.223946],[27.941955,43.223921],[27.941974,43.223892],[27.941989,43.223837]]},"properties":{"name":"бул. Христо Смирненски"}},{"type":"Feature","geometry":{"type":"LineString","coordinates":[[27.892472,43.224125],[27.89239,43.224066],[27.892249,43.223974],[27.892038,43.223837],[27.891837,43.223681],[27.891459,43.223452],[27.891251,43.223326],[27.890841,43.223097],[27.890651,43.222944],[27.89054,43.222819],[27.889916,43.221863],[27.889795,43.221678],[27.889464,43.221174],[27.88943,43.221121],[27.889356,43.221033],[27.889117,43.220758],[27.888536,43.220053],[27.888507,43.220018],[27.888152,43.219585],[27.888132,43.219561],[27.888036,43.219459]]},"properties":{"name":"бул. Христо Смирненски"}},{"type":"Feature","geometry":{"type":"LineString","coordinates":[[27.888167,43.2194],[27.888262,43.219507],[27.888879,43.220256],[27.8892,43.22065],[27.889555,43.221068],[27.88984,43.221523],[27.890449,43.222475],[27.890617,43.222735],[27.890629,43.222748],[27.890741,43.222873],[27.890802,43.222939],[27.89093,43.223036],[27.891268,43.223233],[27.891475,43.223357],[27.891901,43.223608],[27.892109,43.223762],[27.89221,43.223844],[27.892413,43.223979],[27.89245,43.224004],[27.892551,43.224063],[27.892712,43.224119]]},"properties":{"name":"бул. Христо Смирненски"}},{"type":"Feature","geometry":{"type":"LineString","coordinates":[[27.912717,43.226822],[27.912676,43.22691],[27.912637,43.226992],[27.912624,43.22702],[27.91261,43.22705],[27.912602,43.227068]]},"properties":{"name":"Карамфил"}},{"type":"Feature","geometry":{"type":"LineString","coordinates":[[27.917027,43.225654],[27.917024,43.225797],[27.917019,43.225945],[27.917012,43.226458],[27.91701,43.226539],[27.917008,43.227111],[27.91701,43.227199],[27.917007,43.227244],[27.917005,43.22729]]},"properties":{"name":"Подвис"}},{"type":"Feature","geometry":{"type":"LineString","coordinates":[[27.917028,43.22562],[27.917033,43.225441],[27.917033,43.225216],[27.917037,43.224962],[27.917135,43.224964],[27.917593,43.224916],[27.918039,43.22485],[27.918109,43.22484],[27.918082,43.224738],[27.917886,43.224025],[27.917838,43.223842],[27.917704,43.223351],[27.917688,43.223308],[27.917515,43.222711],[27.917498,43.222647],[27.917397,43.222309],[27.917372,43.222234],[27.917088,43.221493],[27.917035,43.221382],[27.916963,43.221272]]},"properties":{"name":"Подвис"}},{"type":"Feature","geometry":{"type":"LineString","coordinates":[[27.904058,43.212628],[27.903993,43.212539],[27.903949,43.212481],[27.903919,43.212443],[27.903903,43.212421],[27.903625,43.212052],[27.90335,43.211681],[27.9033,43.211613],[27.903178,43.211462],[27.903126,43.211388],[27.903104,43.211307],[27.903107,43.211231],[27.903127,43.211155],[27.903182,43.211052],[27.903287,43.210869],[27.903488,43.210529],[27.903578,43.210377],[27.903634,43.210285],[27.903683,43.210205],[27.904022,43.209647],[27.904044,43.209609],[27.904133,43.209461],[27.90421,43.209333],[27.90423,43.2093],[27.90428,43.209216],[27.904316,43.209161],[27.904336,43.209127],[27.904381,43.209052],[27.904461,43.208921],[27.904492,43.208875],[27.904556,43.208772],[27.904692,43.208543],[27.904823,43.208327],[27.905072,43.20792],[27.905138,43.20782],[27.905162,43.207785],[27.905238,43.207674],[27.905258,43.20764],[27.905278,43.207605],[27.905575,43.207099],[27.905677,43.206925],[27.905708,43.206874],[27.906016,43.206374],[27.906049,43.206321],[27.906476,43.205634],[27.9065,43.205586],[27.906534,43.205531],[27.906661,43.205318]]},"properties":{"name":"Д-р Пискюлиев"}},{"type":"Feature","geometry":{"type":"LineString","coordinates":[[27.907132,43.204668],[27.907052,43.204738],[27.906914,43.204951],[27.906815,43.205102],[27.906661,43.205318],[27.906781,43.205019],[27.906804,43.204965],[27.90682,43.204891],[27.906828,43.20478],[27.906816,43.204731],[27.906784,43.204676]]},"properties":{"name":"Д-р Пискюлиев"}},{"type":"Feature","geometry":{"type":"LineString","coordinates":[[27.887663,43.174978],[27.888043,43.175261],[27.888267,43.175386],[27.888359,43.175436],[27.888395,43.175456],[27.888638,43.175591],[27.889114,43.175831]]},"properties":{"name":"бул. Св. св. Кирил и Методий"}},{"type":"Feature","geometry":{"type":"LineString","coordinates":[[27.897069,43.179734],[27.896967,43.1796],[27.896926,43.17955],[27.896793,43.179384],[27.89634,43.1789],[27.895987,43.178614],[27.895924,43.178564],[27.895725,43.178407],[27.895314,43.178111],[27.895167,43.178004],[27.894594,43.177595],[27.894172,43.177351],[27.893952,43.177246],[27.893777,43.177203],[27.893064,43.176913],[27.892927,43.176869],[27.892659,43.176783],[27.892547,43.176748],[27.892303,43.17667],[27.892028,43.176582],[27.8913,43.17635],[27.890684,43.176146],[27.889706,43.175823],[27.889487,43.175754],[27.88878,43.175495],[27.888537,43.175395],[27.888267,43.175258],[27.888136,43.175184],[27.887991,43.175086],[27.887875,43.175001],[27.887798,43.174946],[27.887751,43.17491],[27.887544,43.174749],[27.887407,43.17463],[27.887309,43.174454]]},"properties":{"name":"бул. Св. св. Кирил и Методий"}},{"type":"Feature","geometry":{"type":"LineString","coordinates":[[27.886445,43.176507],[27.888043,43.175261]]},"properties":{"name":"Ропотамо"}},{"type":"Feature","geometry":{"type":"LineString","coordinates":[[27.886445,43.176507],[27.887345,43.177572],[27.887424,43.177666],[27.88761,43.177884],[27.887818,43.178149],[27.88797,43.178347],[27.888169,43.178611],[27.888288,43.178812],[27.888709,43.179551]]},"properties":{"name":"Чонгора"}},{"type":"Feature","geometry":{"type":"LineString","coordinates":[[27.895006,43.179096],[27.894541,43.179076],[27.894515,43.179074],[27.893535,43.179086],[27.893137,43.179094],[27.891674,43.179234],[27.890504,43.179347],[27.889893,43.179422],[27.889152,43.179511],[27.888709,43.179551]]},"properties":{"name":"Найчо Цанов"}},{"type":"Feature","geometry":{"type":"LineString","coordinates":[[27.895987,43.178614],[27.895886,43.178661],[27.895699,43.178748],[27.895449,43.178902],[27.895277,43.178988],[27.895146,43.179041],[27.895069,43.179071],[27.895006,43.179096]]},"properties":{"name":"Места"}},{"type":"Feature","geometry":{"type":"LineString","coordinates":[[27.897069,43.179734],[27.89716,43.179865],[27.897169,43.179878],[27.897185,43.179901],[27.897275,43.180029],[27.897321,43.18011],[27.897383,43.180214]]},"properties":{"name":"бул. Народни будители"}},{"type":"Feature","geometry":{"type":"LineString","coordinates":[[27.897239,43.180337],[27.89721,43.1804],[27.897172,43.180508],[27.896756,43.180943],[27.896677,43.181025],[27.896375,43.181332],[27.89618,43.181533],[27.896058,43.181651],[27.895702,43.181937],[27.895487,43.182092],[27.895261,43.182264],[27.894443,43.182889],[27.893814,43.183339],[27.893757,43.183369],[27.893669,43.183406],[27.893423,43.183499],[27.893303,43.183545],[27.893149,43.183589]]},"properties":{"name":"бул. Народни будители"}},{"type":"Feature","geometry":{"type":"LineString","coordinates":[[27.893325,43.183667],[27.89334,43.183615],[27.893387,43.183573],[27.893566,43.183502],[27.89372,43.183448],[27.893802,43.183423],[27.893874,43.183387],[27.893939,43.18334],[27.894058,43.183253],[27.894573,43.182898],[27.895561,43.182154],[27.895796,43.181978],[27.896131,43.181692],[27.896323,43.1815],[27.896434,43.181375],[27.896784,43.181042],[27.897156,43.180652],[27.897246,43.180542],[27.897319,43.180462],[27.897374,43.180411]]},"properties":{"name":"бул. Народни будители"}},{"type":"Feature","geometry":{"type":"LineString","coordinates":[[27.892931,43.183947],[27.892792,43.183921],[27.89268,43.183905],[27.892485,43.18388],[27.892088,43.183839],[27.891654,43.183831],[27.891378,43.183843],[27.890733,43.183901],[27.889999,43.183954],[27.889759,43.183976],[27.889336,43.184004],[27.889027,43.184004],[27.888704,43.183967],[27.888539,43.183937],[27.88831,43.183891],[27.888011,43.183824],[27.88771,43.183754],[27.887582,43.183721],[27.887423,43.183677],[27.886523,43.183391],[27.886322,43.183348],[27.886035,43.183328],[27.885853,43.183331],[27.885643,43.183345],[27.885481,43.183369],[27.88533,43.183404],[27.885189,43.183459],[27.885073,43.183514],[27.884945,43.183596],[27.884806,43.183687],[27.884519,43.183889],[27.884163,43.184135],[27.88373,43.184421],[27.883692,43.184446],[27.883351,43.184665],[27.88305,43.184834],[27.882727,43.18498],[27.882461,43.185086],[27.882236,43.18515],[27.882007,43.185206],[27.881747,43.185252]]},"properties":{"name":"бул. Народни будители"}},{"type":"Feature","geometry":{"type":"LineString","coordinates":[[27.89283,43.183751],[27.892778,43.18377],[27.892737,43.183776],[27.892648,43.183776],[27.892552,43.183768],[27.892423,43.183746],[27.89228,43.18373],[27.892072,43.183717],[27.891718,43.183722],[27.891469,43.183736],[27.890799,43.183797],[27.890634,43.183807],[27.889982,43.183852],[27.889364,43.183889],[27.889067,43.183885],[27.888726,43.183848],[27.888386,43.183776],[27.887755,43.183626],[27.88711,43.18342],[27.886399,43.183228],[27.885917,43.183195],[27.885676,43.183212],[27.885446,43.183243],[27.885125,43.183317],[27.884657,43.183532],[27.88442,43.183639],[27.883688,43.183991],[27.883315,43.184165],[27.883254,43.18419],[27.88298,43.184314],[27.882105,43.18473],[27.88181,43.18484],[27.881483,43.184924],[27.881196,43.184989],[27.881015,43.18503],[27.880704,43.185037],[27.88048,43.185016],[27.880221,43.184975],[27.880027,43.184947],[27.879391,43.18484]]},"properties":{"name":"бул. Народни будители"}},{"type":"Feature","geometry":{"type":"LineString","coordinates":[[27.915182,43.208341],[27.915428,43.208296],[27.915483,43.20834],[27.915523,43.208372],[27.916368,43.209012],[27.917136,43.209595],[27.918208,43.210414],[27.918981,43.211027],[27.919095,43.211076]]},"properties":{"name":"Цар Асен"}},{"type":"Feature","geometry":{"type":"LineString","coordinates":[[27.914775,43.20638],[27.914697,43.20648],[27.914328,43.206968],[27.913848,43.207604],[27.913717,43.207773],[27.91368,43.207823],[27.913657,43.207851],[27.913472,43.207891],[27.913536,43.207801]]},"properties":{"name":"Антим I"}},{"type":"Feature","geometry":{"type":"LineString","coordinates":[[27.887818,43.178149],[27.887901,43.177867],[27.888195,43.17679],[27.888782,43.176178],[27.889114,43.175831]]},"properties":{"name":"Лерин"}},{"type":"Feature","geometry":{"type":"LineString","coordinates":[[27.920641,43.223529],[27.920635,43.223618],[27.920631,43.223685],[27.92063,43.223761],[27.920627,43.223973],[27.920626,43.224093],[27.920625,43.224143],[27.920621,43.224549],[27.920618,43.22476],[27.920615,43.224905],[27.920696,43.225172],[27.920838,43.225563],[27.920999,43.226031],[27.921087,43.226288],[27.921166,43.226511],[27.92121,43.22662],[27.921247,43.226729],[27.921298,43.226882],[27.921325,43.226962],[27.921343,43.227015],[27.921365,43.227081],[27.921391,43.227158],[27.921414,43.227238],[27.921427,43.22729]]},"properties":{"name":"Евлоги Георгиев"}},{"type":"Feature","geometry":{"type":"LineString","coordinates":[[27.920641,43.223529],[27.921089,43.223527],[27.921782,43.223528],[27.921967,43.223528],[27.922345,43.223529],[27.923122,43.223531],[27.923698,43.223531],[27.924379,43.223531],[27.924786,43.223531],[27.924948,43.22353],[27.925073,43.223531],[27.925131,43.223533]]},"properties":{"name":"Железни врата"}},{"type":"Feature","geometry":{"type":"LineString","coordinates":[[27.925131,43.223533],[27.925139,43.223725],[27.925121,43.224211],[27.925097,43.224569],[27.925101,43.224641],[27.925108,43.224715],[27.92528,43.225398],[27.92535,43.225716],[27.925453,43.226185],[27.925525,43.226518],[27.925535,43.22656],[27.925562,43.226698]]},"properties":{"name":"Дубровник"}},{"type":"Feature","geometry":{"type":"LineString","coordinates":[[27.925101,43.224641],[27.925185,43.224633],[27.925249,43.224627],[27.925947,43.224562],[27.926022,43.224555],[27.926535,43.224526],[27.926671,43.224514],[27.926806,43.224502],[27.926913,43.224492],[27.926985,43.224486],[27.928937,43.224313],[27.929028,43.224305],[27.929367,43.224275],[27.929544,43.224259],[27.929819,43.224196]]},"properties":{"name":"Студентска"}},{"type":"Feature","geometry":{"type":"LineString","coordinates":[[27.926517,43.219152],[27.926533,43.21934],[27.926629,43.219571],[27.926764,43.219878],[27.927024,43.220437],[27.927068,43.220527],[27.927151,43.220664],[27.927342,43.220966],[27.927917,43.221538],[27.928118,43.221694],[27.928541,43.222138],[27.928823,43.222446],[27.929037,43.222714],[27.929097,43.222805],[27.929126,43.222861],[27.929259,43.223117],[27.929302,43.2232],[27.929439,43.223465],[27.929626,43.223825],[27.92968,43.223929],[27.929819,43.224196],[27.930069,43.224601],[27.930378,43.225087],[27.930711,43.225603],[27.930848,43.225873],[27.930936,43.226059],[27.930959,43.226122],[27.931013,43.226253],[27.931151,43.226598],[27.931227,43.226789],[27.931269,43.226977],[27.93131,43.227176],[27.931328,43.227425],[27.931344,43.22762],[27.931402,43.228175],[27.931433,43.22849],[27.93147,43.228856],[27.931483,43.228984],[27.931534,43.229504],[27.931659,43.229856],[27.931901,43.230375],[27.932085,43.230589],[27.93225,43.230764],[27.932648,43.231208],[27.93295,43.231456],[27.932996,43.231494],[27.933095,43.231575],[27.933311,43.231761],[27.933431,43.231838],[27.933547,43.231873]]},"properties":{"name":"Мир"}},{"type":"Feature","geometry":{"type":"LineString","coordinates":[[27.933547,43.231873],[27.933763,43.231862],[27.93385,43.231869],[27.933921,43.231884],[27.934004,43.231912],[27.934079,43.231957],[27.934113,43.231989],[27.934118,43.232028],[27.934095,43.232071],[27.934039,43.232103],[27.933972,43.232126],[27.933896,43.232135],[27.933803,43.232105],[27.933682,43.231984],[27.933625,43.231931],[27.933547,43.231873]]},"properties":{"name":"Мир"}},{"type":"Feature","geometry":{"type":"LineString","coordinates":[[27.926517,43.219152],[27.926452,43.219097],[27.926281,43.218959],[27.926063,43.21879],[27.925835,43.218605],[27.925649,43.21846],[27.925496,43.218337],[27.925164,43.218066],[27.925094,43.218001],[27.924903,43.217835],[27.92485,43.217786]]},"properties":{"name":"Караагач"}},{"type":"Feature","geometry":{"type":"LineString","coordinates":[[27.92485,43.217786],[27.924573,43.217568],[27.924534,43.217539],[27.924123,43.217223],[27.92407,43.217178],[27.923985,43.217114],[27.923182,43.216503],[27.923066,43.216414],[27.922968,43.216344],[27.92148,43.215244],[27.921141,43.215003],[27.921011,43.214909],[27.920937,43.214853],[27.920517,43.214531],[27.920442,43.214474],[27.920321,43.214381],[27.920151,43.214251],[27.920086,43.214201],[27.919664,43.213878],[27.919332,43.213624],[27.919237,43.213551],[27.918804,43.213219],[27.918732,43.213164],[27.918387,43.2129],[27.918164,43.212729],[27.917943,43.21256],[27.917524,43.212239],[27.917476,43.212202],[27.917365,43.212161],[27.917238,43.212063],[27.916947,43.21184],[27.916574,43.211552],[27.915921,43.211049],[27.915563,43.210773],[27.91551,43.210733],[27.915425,43.210667],[27.914794,43.210181],[27.914762,43.210157],[27.914631,43.210056],[27.914051,43.209612],[27.913897,43.209492],[27.913845,43.20945]]},"properties":{"name":"бул. Генерал Колев"}},{"type":"Feature","geometry":{"type":"LineString","coordinates":[[27.909948,43.20754],[27.910057,43.207578],[27.910682,43.20782],[27.911072,43.207982],[27.911486,43.208155],[27.911919,43.208358],[27.912373,43.208559],[27.912734,43.208715],[27.912816,43.208757],[27.912948,43.208814]]},"properties":{"name":"бул. Генерал Колев"}},{"type":"Feature","geometry":{"type":"LineString","coordinates":[[27.913772,43.209395],[27.913845,43.20945]]},"properties":{"name":"бул. Ген. Колев"}},{"type":"Feature","geometry":{"type":"LineString","coordinates":[[27.912948,43.208814],[27.912927,43.208849],[27.912676,43.209268],[27.912465,43.209689],[27.912346,43.209924],[27.91233,43.209954],[27.912288,43.21003]]},"properties":{"name":"Александър Рачински"}},{"type":"Feature","geometry":{"type":"LineString","coordinates":[[27.912154,43.209997],[27.912174,43.209952],[27.912189,43.209925],[27.912467,43.209423],[27.912632,43.209096],[27.912797,43.208792],[27.912816,43.208757],[27.912862,43.208697],[27.913199,43.208252],[27.9133,43.20812],[27.913384,43.208005],[27.913415,43.207964],[27.913472,43.207891]]},"properties":{"name":"Александър Рачински"}},{"type":"Feature","geometry":{"type":"LineString","coordinates":[[27.911108,43.211353],[27.911183,43.211371],[27.911283,43.211394],[27.911438,43.211449],[27.911564,43.211519],[27.911738,43.211632],[27.912091,43.21189],[27.912184,43.211959],[27.912358,43.212091],[27.912789,43.212426],[27.912938,43.21254],[27.913283,43.212806],[27.913431,43.212922],[27.91391,43.213302],[27.913986,43.213357],[27.914699,43.213889],[27.914723,43.213906],[27.914777,43.213943],[27.914834,43.213984],[27.914885,43.214021]]},"properties":{"name":"Пирин"}},{"type":"Feature","geometry":{"type":"LineString","coordinates":[[27.914885,43.214021],[27.91499,43.214102],[27.915708,43.214646],[27.915895,43.214788],[27.916099,43.214941],[27.916235,43.215042],[27.91636,43.215135],[27.916525,43.215257],[27.91757,43.216065],[27.918708,43.216955],[27.918827,43.217049]]},"properties":{"name":"Битоля"}},{"type":"Feature","geometry":{"type":"LineString","coordinates":[[27.918828,43.216408],[27.918823,43.216649],[27.918828,43.216918],[27.918827,43.217049]]},"properties":{"name":"Братя Бъкстон"}},{"type":"Feature","geometry":{"type":"LineString","coordinates":[[27.918828,43.216408],[27.918843,43.216354],[27.91887,43.216314],[27.91902,43.216203],[27.919139,43.216129],[27.919215,43.216084],[27.91935,43.215999],[27.919554,43.21587],[27.919674,43.215793],[27.920192,43.215456],[27.920865,43.215014],[27.921011,43.214909]]},"properties":{"name":"бул. Чаталджа"}},{"type":"Feature","geometry":{"type":"LineString","coordinates":[[27.921971,43.227214],[27.921964,43.227149],[27.922,43.227097]]},"properties":{"name":"Васил Ставрев"}},{"type":"Feature","geometry":{"type":"LineString","coordinates":[[27.850309,43.251533],[27.850203,43.25141],[27.850179,43.25137],[27.849994,43.25116],[27.849849,43.25097],[27.849613,43.250692],[27.84956,43.250624],[27.849307,43.250305],[27.849198,43.250179],[27.848961,43.249821],[27.848937,43.249783],[27.84878,43.249516],[27.848565,43.249113],[27.848556,43.249095],[27.848462,43.248891],[27.8484,43.248736],[27.848354,43.248621],[27.848327,43.248556],[27.848049,43.247881],[27.847994,43.247746],[27.847912,43.247419],[27.847845,43.247156],[27.847818,43.246968],[27.847813,43.246911],[27.847792,43.246635],[27.847798,43.24656],[27.847807,43.246297],[27.847812,43.246156],[27.847818,43.246121],[27.847821,43.246094],[27.847859,43.245831],[27.847888,43.245678],[27.847967,43.245392],[27.848071,43.245031],[27.848219,43.244596],[27.848401,43.244161],[27.848566,43.24379],[27.848744,43.243441],[27.848806,43.243321],[27.848972,43.242954],[27.849008,43.242872]]},"properties":{"name":"бул. Константин и Фружин"}},{"type":"Feature","geometry":{"type":"LineString","coordinates":[[27.850355,43.239381],[27.850394,43.239426],[27.850413,43.23947],[27.850407,43.239687],[27.850379,43.239939],[27.850145,43.240599],[27.849913,43.24106],[27.849475,43.241932],[27.849272,43.242342],[27.849196,43.242511],[27.849127,43.242635],[27.849114,43.242659],[27.849079,43.242726]]},"properties":{"name":"бул. Константин и Фружин"}},{"type":"Feature","geometry":{"type":"LineString","coordinates":[[27.850127,43.239382],[27.85012,43.239428],[27.85012,43.239551],[27.850113,43.23967],[27.850082,43.239807],[27.850003,43.240101],[27.849936,43.24037],[27.849893,43.240515],[27.84965,43.240996],[27.849383,43.24153],[27.849104,43.242089],[27.848958,43.242393],[27.848826,43.242672],[27.848781,43.242793],[27.848728,43.242898],[27.848706,43.242941],[27.848495,43.243352],[27.848262,43.243803],[27.847973,43.24447],[27.847791,43.245002],[27.847661,43.245416],[27.847628,43.245522],[27.847609,43.245644],[27.847605,43.245665],[27.847552,43.245936],[27.847534,43.246126],[27.847527,43.246192],[27.847524,43.246307],[27.847522,43.246366],[27.847512,43.246698],[27.847525,43.246835],[27.847595,43.247309],[27.847634,43.247458],[27.847645,43.247503],[27.847669,43.247596],[27.847762,43.247932],[27.847867,43.248226],[27.847967,43.24846],[27.848039,43.248612],[27.848098,43.248753],[27.848106,43.248768],[27.848184,43.248943],[27.848305,43.249186],[27.84853,43.249595],[27.848715,43.249932],[27.848997,43.250332],[27.849287,43.250731],[27.849395,43.250867],[27.849798,43.251319],[27.849882,43.25141],[27.849958,43.251495],[27.850041,43.251587],[27.850106,43.251653],[27.850214,43.251782],[27.850673,43.252282],[27.851044,43.252651],[27.851143,43.252743],[27.851258,43.252663],[27.851282,43.252618],[27.851279,43.25256],[27.851257,43.252512],[27.850938,43.25218],[27.850896,43.252136],[27.850703,43.251956],[27.850495,43.251739]]},"properties":{"name":"бул. Константин и Фружин"}},{"type":"Feature","geometry":{"type":"LineString","coordinates":[[27.890381,43.233177],[27.890468,43.233551],[27.89057,43.234076],[27.890631,43.234465],[27.890655,43.234576],[27.890674,43.234685],[27.890696,43.234823],[27.890701,43.234844],[27.890881,43.235612],[27.890933,43.235911],[27.890954,43.236075],[27.890963,43.236163],[27.890957,43.236206],[27.890941,43.236246],[27.890906,43.236295],[27.890878,43.236326],[27.890847,43.236352]]},"properties":{"name":"бул. Трети март"}},{"type":"Feature","geometry":{"type":"LineString","coordinates":[[27.890851,43.235908],[27.890883,43.236159],[27.890868,43.236215],[27.890842,43.236266],[27.890654,43.236363],[27.889635,43.236777],[27.889343,43.236897],[27.889236,43.236944],[27.888986,43.237052],[27.888763,43.237146],[27.887418,43.237745],[27.885116,43.238647],[27.884268,43.239011],[27.884026,43.239116],[27.883633,43.239253],[27.883207,43.239378],[27.882892,43.23946],[27.882737,43.239497],[27.882583,43.239525],[27.882486,43.239547],[27.882334,43.23958],[27.882141,43.239623],[27.881685,43.239694],[27.881315,43.239743],[27.880812,43.239784],[27.879896,43.239815],[27.879436,43.239811],[27.878748,43.239767],[27.878494,43.239743],[27.878259,43.239718],[27.878226,43.239715],[27.877254,43.239611],[27.876583,43.239543],[27.876113,43.239497],[27.875399,43.239423],[27.874177,43.239295],[27.873343,43.239244],[27.872997,43.239245],[27.872281,43.239261],[27.871705,43.2393],[27.871481,43.23933],[27.871405,43.23934],[27.871261,43.239367],[27.871134,43.239392],[27.870704,43.239477],[27.870423,43.239542],[27.870136,43.239637],[27.86874,43.240098],[27.868659,43.240125],[27.86802,43.240336],[27.867437,43.240523],[27.866774,43.240747],[27.866383,43.240873],[27.865888,43.241042],[27.865741,43.241083],[27.865468,43.241154],[27.865249,43.241218],[27.865001,43.241278],[27.864843,43.241308],[27.864638,43.241351],[27.864347,43.241394],[27.863883,43.241446],[27.86387,43.241446],[27.863406,43.241451],[27.86201,43.241436],[27.861738,43.241433],[27.860526,43.24143],[27.86038,43.241431],[27.860092,43.241433],[27.858642,43.241444],[27.857855,43.241459],[27.857573,43.241465],[27.857416,43.241481],[27.857378,43.241486],[27.856574,43.241596],[27.855737,43.241728],[27.85383,43.242344],[27.853535,43.242439],[27.853401,43.242467],[27.853273,43.242495],[27.853063,43.242549],[27.852252,43.242664],[27.851971,43.242687],[27.850664,43.24271],[27.8499,43.242724],[27.84976,43.242724],[27.849375,43.242732],[27.849179,43.242727],[27.849079,43.242726],[27.848781,43.242793],[27.849008,43.242872],[27.84916,43.24287],[27.849196,43.24287],[27.849907,43.242859],[27.851226,43.242818],[27.852271,43.242785],[27.852836,43.2427],[27.8531,43.242649],[27.853276,43.242619],[27.853448,43.242591],[27.853568,43.242571],[27.855744,43.241859],[27.856117,43.241757],[27.856695,43.241667],[27.857434,43.241599],[27.85762,43.241581],[27.85785,43.241579],[27.857965,43.241579],[27.859586,43.24157],[27.860095,43.241569],[27.8617,43.241567],[27.86337,43.241563],[27.863746,43.241556],[27.864008,43.24154],[27.864234,43.241521],[27.864587,43.241475],[27.865027,43.241372],[27.865313,43.241313],[27.865762,43.241187],[27.865915,43.241141],[27.865991,43.241118],[27.86616,43.241066],[27.866942,43.240804],[27.870494,43.239663],[27.870694,43.239606],[27.871008,43.239542],[27.87129,43.239485],[27.871432,43.239458],[27.871576,43.239438],[27.871595,43.239436],[27.872004,43.239391],[27.872327,43.239353],[27.872622,43.239332],[27.872942,43.239321],[27.873194,43.239318],[27.874223,43.239385],[27.87519,43.239482],[27.875573,43.239523],[27.876103,43.239574],[27.877257,43.239689],[27.878245,43.239799],[27.878498,43.239827],[27.87877,43.239843],[27.879438,43.239891],[27.879553,43.239893],[27.879942,43.2399],[27.880495,43.239895],[27.880766,43.239872],[27.881286,43.239821],[27.881684,43.23977],[27.882076,43.239712],[27.882457,43.239643],[27.882513,43.239631],[27.882611,43.239611],[27.882768,43.239578]]},"properties":{"name":"бул. Трети март"}},{"type":"Feature","geometry":{"type":"LineString","coordinates":[[27.890558,43.234596],[27.890531,43.234478],[27.890502,43.234323],[27.89038,43.233804],[27.890335,43.233549],[27.89023,43.232938],[27.89022,43.23287],[27.890213,43.232773]]},"properties":{"name":"бул. Трети март"}},{"type":"Feature","geometry":{"type":"LineString","coordinates":[[27.857951,43.244993],[27.857856,43.244919],[27.857819,43.244719],[27.857815,43.244593],[27.857808,43.244423],[27.857797,43.244197],[27.857782,43.243876],[27.85775,43.243236],[27.85774,43.243016],[27.857728,43.242799],[27.857698,43.242465],[27.857694,43.242418],[27.857673,43.242177],[27.857635,43.24175],[27.85763,43.241693],[27.85762,43.241581],[27.857573,43.241465],[27.857567,43.241394],[27.857565,43.241316],[27.857556,43.241004],[27.857548,43.240719],[27.857547,43.240664],[27.857537,43.240442],[27.857529,43.240353],[27.857526,43.240318],[27.857517,43.240149],[27.857498,43.239803],[27.857488,43.239639],[27.857456,43.239226],[27.857456,43.239201],[27.857455,43.239114],[27.857455,43.239088],[27.857452,43.239017],[27.857451,43.238959],[27.857447,43.238826],[27.857435,43.238425],[27.857432,43.238339],[27.857428,43.238264],[27.857409,43.237844],[27.857406,43.237804],[27.857386,43.237505],[27.857375,43.237353],[27.857347,43.237181],[27.857325,43.237043],[27.85721,43.236787],[27.857121,43.236575],[27.856855,43.236194],[27.856528,43.235768],[27.856441,43.235666],[27.856384,43.2356],[27.856028,43.23519]]},"properties":{"name":"Асен Разцветников"}},{"type":"Feature","geometry":{"type":"LineString","coordinates":[[27.856528,43.235768],[27.856594,43.235683],[27.856666,43.235587],[27.856738,43.235529],[27.856847,43.235478],[27.858789,43.234967],[27.859064,43.234908],[27.859545,43.2349],[27.859627,43.234899],[27.860002,43.234893],[27.861339,43.234886],[27.861658,43.234763],[27.862222,43.234562],[27.862522,43.234419],[27.862772,43.234239],[27.86278,43.234226],[27.86301,43.233863],[27.863231,43.233551],[27.863437,43.233349]]},"properties":{"name":"Петър Дертлиев"}},{"type":"Feature","geometry":{"type":"LineString","coordinates":[[27.871261,43.239367],[27.871249,43.239312],[27.871218,43.239184],[27.871142,43.238856],[27.871041,43.238394],[27.870951,43.23792],[27.87069,43.236549],[27.870603,43.236154],[27.870392,43.2352],[27.870345,43.235053],[27.87029,43.234844],[27.870257,43.234722],[27.870228,43.234608],[27.87004,43.233859],[27.869996,43.233673],[27.869912,43.233306],[27.869903,43.233247],[27.869861,43.232856],[27.869854,43.232747],[27.869798,43.232251],[27.86972,43.231667],[27.869705,43.23155],[27.869645,43.23111],[27.86963,43.231016],[27.869582,43.230829],[27.869554,43.230727],[27.869506,43.230604],[27.86929,43.230108],[27.868948,43.229363],[27.868903,43.229264],[27.868858,43.229175],[27.868812,43.229074],[27.868786,43.229023],[27.868538,43.228524],[27.868483,43.228415],[27.868447,43.228273],[27.868396,43.226954],[27.868402,43.226459],[27.868401,43.226271],[27.8684,43.225969],[27.868408,43.225551],[27.868419,43.225389],[27.868455,43.225106],[27.868471,43.224911],[27.86849,43.224555],[27.868465,43.224444],[27.868415,43.224364],[27.868318,43.22428],[27.868148,43.224194],[27.86781,43.224061]]},"properties":{"name":"бул. Янош Хунияди"}},{"type":"Feature","geometry":{"type":"LineString","coordinates":[[27.868943,43.223521],[27.868744,43.223833],[27.868688,43.223982],[27.868662,43.22411],[27.868646,43.224232],[27.868639,43.224368],[27.868619,43.224581],[27.868589,43.2249],[27.868565,43.22516],[27.868539,43.225373],[27.868531,43.225483],[27.868527,43.226186],[27.868527,43.226461],[27.868542,43.226955],[27.868554,43.227931],[27.868562,43.228144],[27.868584,43.228289],[27.86863,43.228403],[27.868765,43.228665],[27.868892,43.22892],[27.868929,43.228985],[27.868967,43.229051],[27.869006,43.229148],[27.869043,43.229237],[27.869412,43.23008],[27.869649,43.230626],[27.869679,43.230713],[27.8697,43.230799],[27.869737,43.231006],[27.869755,43.231112],[27.869802,43.231425],[27.869823,43.231566],[27.86994,43.232275],[27.870045,43.23298],[27.870059,43.233073],[27.870122,43.233514],[27.870156,43.233694],[27.870253,43.234084],[27.870315,43.234382],[27.870363,43.234597],[27.870429,43.234864],[27.87062,43.235682],[27.87078,43.236368],[27.871244,43.238453],[27.871267,43.238584],[27.871297,43.238795],[27.871303,43.238837],[27.871366,43.239167],[27.87139,43.23929],[27.871405,43.23934],[27.871432,43.239458]]},"properties":{"name":"бул. Янош Хунияди"}},{"type":"Feature","geometry":{"type":"LineString","coordinates":[[27.904895,43.20756],[27.90414,43.207307],[27.903807,43.207197],[27.903488,43.207075],[27.903284,43.207006],[27.902652,43.206787],[27.902243,43.206645],[27.902101,43.206597],[27.901795,43.206491],[27.901228,43.206292],[27.901164,43.206269],[27.901051,43.206229]]},"properties":{"name":"Георги Бенковски"}},{"type":"Feature","geometry":{"type":"LineString","coordinates":[[27.904112,43.204036],[27.903981,43.204129],[27.903945,43.204165],[27.903841,43.204273],[27.903759,43.204372]]},"properties":{"name":"Кракра"}},{"type":"Feature","geometry":{"type":"LineString","coordinates":[[27.904272,43.204062],[27.904077,43.204173],[27.903759,43.204372],[27.903665,43.204451],[27.903574,43.20452],[27.903225,43.204763],[27.902877,43.205008],[27.902706,43.205129],[27.902608,43.205198],[27.901967,43.205664],[27.901715,43.205831],[27.901606,43.205903],[27.901524,43.20595],[27.901225,43.206112],[27.901144,43.206162],[27.901051,43.206229],[27.900934,43.206357],[27.900466,43.206869],[27.900139,43.207216],[27.899873,43.207493],[27.899742,43.207629]]},"properties":{"name":"Кракра"}},{"type":"Feature","geometry":{"type":"LineString","coordinates":[[27.918192,43.20674],[27.918135,43.206694]]},"properties":{"name":"Опълченска"}},{"type":"Feature","geometry":{"type":"LineString","coordinates":[[27.951469,43.215875],[27.951735,43.216022],[27.951925,43.216129],[27.951993,43.216168],[27.952126,43.216251],[27.952176,43.216286],[27.952226,43.216353],[27.952251,43.216417],[27.952266,43.216467],[27.952266,43.21653],[27.951864,43.21724],[27.951722,43.217474],[27.951427,43.217932]]},"properties":{"name":"Д-р Любен Попов"}},{"type":"Feature","geometry":{"type":"LineString","coordinates":[[27.952251,43.216417],[27.952378,43.216387],[27.952658,43.216332],[27.953185,43.216228],[27.953344,43.216203],[27.953986,43.216095],[27.954152,43.216044],[27.954223,43.21601]]},"properties":{"name":"Д-р Любен Попов"}},{"type":"Feature","geometry":{"type":"LineString","coordinates":[[27.951427,43.217932],[27.951433,43.218033],[27.951527,43.218127],[27.951626,43.218171],[27.952137,43.218166],[27.95272,43.218155],[27.953427,43.218127],[27.953799,43.218124],[27.954782,43.218109],[27.954931,43.218112],[27.955213,43.218138],[27.955316,43.218147],[27.955774,43.218199],[27.956152,43.218233],[27.956261,43.218243],[27.956779,43.218302],[27.956882,43.218313],[27.957135,43.218342]]},"properties":{"name":"Д-р Василаки Пападопулу"}},{"type":"Feature","geometry":{"type":"LineString","coordinates":[[27.957415,43.218378],[27.957135,43.218342]]},"properties":{"name":"д-р Иван Теодоров"}},{"type":"Feature","geometry":{"type":"LineString","coordinates":[[27.88204,43.152687],[27.884759,43.151724],[27.885085,43.151639],[27.885237,43.151599],[27.885492,43.151549],[27.885603,43.151531],[27.885808,43.151507],[27.88602,43.151496],[27.886257,43.151485],[27.88642,43.151501],[27.886972,43.151563],[27.887518,43.151664],[27.888295,43.151804],[27.889222,43.151986],[27.889403,43.152022],[27.889712,43.152071],[27.89024,43.152183],[27.890378,43.152206],[27.890629,43.152252],[27.891663,43.152405],[27.892143,43.152481],[27.892776,43.152575],[27.893222,43.15264],[27.89337,43.15267],[27.893711,43.152748],[27.893784,43.152767],[27.893898,43.152806],[27.894388,43.153007],[27.894762,43.153157],[27.895189,43.153328],[27.895366,43.153403],[27.895498,43.153452],[27.895602,43.153488],[27.895801,43.153541],[27.895963,43.153579],[27.896153,43.15362],[27.896291,43.153653],[27.896438,43.153679],[27.896597,43.153698],[27.897027,43.153743],[27.898167,43.153851],[27.89858,43.153895],[27.899467,43.153997],[27.900036,43.154069],[27.90051,43.154134],[27.90074,43.154166],[27.900833,43.154179],[27.901094,43.154218],[27.901414,43.154278],[27.901944,43.154357],[27.90225,43.154404],[27.902338,43.154417],[27.903063,43.154528],[27.903315,43.15457],[27.903525,43.154599],[27.903653,43.154611],[27.903797,43.154628],[27.903934,43.154644],[27.904128,43.154654],[27.90422,43.154662],[27.904455,43.154672],[27.904693,43.154681],[27.904903,43.154694],[27.905075,43.154695],[27.90534,43.154689],[27.905547,43.154683],[27.905737,43.154672],[27.906096,43.154651],[27.90639,43.154626],[27.906714,43.154595],[27.907612,43.154533],[27.907798,43.154516],[27.90823,43.154491],[27.90957,43.154394],[27.909718,43.154386],[27.911096,43.154301],[27.912738,43.154178],[27.913298,43.154137],[27.913906,43.154085],[27.914748,43.154088],[27.915796,43.154192],[27.915896,43.154209],[27.916486,43.154307],[27.917206,43.154496],[27.917684,43.15467],[27.918312,43.155007],[27.918506,43.155106],[27.918973,43.15535],[27.919506,43.155651],[27.920143,43.155993],[27.92038,43.156126],[27.921481,43.156649],[27.924584,43.1581],[27.925014,43.158289],[27.925456,43.158485],[27.925808,43.158642],[27.926355,43.158885],[27.927129,43.159229],[27.927531,43.159409],[27.929386,43.1602],[27.929704,43.160343],[27.929884,43.160422],[27.93002,43.160478],[27.930114,43.160545],[27.930158,43.160636],[27.93018,43.160749]]},"properties":{"name":"Бул. Боровец"}},{"type":"Feature","geometry":{"type":"LineString","coordinates":[[27.93018,43.160749],[27.930301,43.160955],[27.930467,43.161054],[27.930669,43.161148],[27.930771,43.161191],[27.930926,43.161262],[27.931368,43.161466],[27.93155,43.16155],[27.932126,43.161815],[27.932458,43.161968],[27.934427,43.162874],[27.934685,43.162993],[27.935157,43.163141],[27.935384,43.163212],[27.935721,43.163318],[27.936207,43.16347],[27.937011,43.163712],[27.93761,43.163891],[27.937662,43.163907],[27.937882,43.163973]]},"properties":{"name":"Боровец"}},{"type":"Feature","geometry":{"type":"LineString","coordinates":[[27.937882,43.163973],[27.93746,43.164373],[27.937003,43.164845],[27.936748,43.165093],[27.936152,43.165664],[27.936005,43.165793],[27.93582,43.165952],[27.934611,43.167576],[27.934529,43.167695],[27.933844,43.167885],[27.933148,43.168104],[27.932886,43.168173],[27.932163,43.168398],[27.931729,43.168548],[27.93128,43.168752],[27.930992,43.168889],[27.930921,43.168898]]},"properties":{"name":"Капитан 1-ви Ранг Георги Купов"}},{"type":"Feature","geometry":{"type":"LineString","coordinates":[[27.913071,43.172824],[27.912883,43.17294],[27.91212,43.1735],[27.910664,43.174772],[27.910593,43.174834],[27.910447,43.175019],[27.910223,43.175225],[27.909579,43.175736],[27.909379,43.175875],[27.909086,43.17608],[27.908476,43.176488],[27.907026,43.177431],[27.906994,43.177451],[27.90694,43.177486],[27.906859,43.177539],[27.906576,43.17773],[27.903281,43.17989],[27.903049,43.180084],[27.902966,43.18017],[27.90289,43.180245],[27.902717,43.180428],[27.902555,43.180613],[27.902389,43.180825],[27.902031,43.181301],[27.9019,43.181447],[27.901419,43.182167],[27.900965,43.182811],[27.900751,43.18309],[27.900588,43.183291],[27.900464,43.183401],[27.9004,43.183455],[27.900329,43.183502]]},"properties":{"name":"бул. 1-ви май"}},{"type":"Feature","geometry":{"type":"LineString","coordinates":[[27.900254,43.183433],[27.900318,43.183391],[27.900376,43.183345],[27.900451,43.183274],[27.900567,43.183145],[27.900675,43.183008],[27.900848,43.182768],[27.901238,43.182222],[27.901825,43.181384],[27.901875,43.181308],[27.901902,43.181266],[27.901924,43.181231],[27.902275,43.180747],[27.902394,43.180597],[27.902591,43.18039],[27.902786,43.180187],[27.902857,43.180117],[27.902968,43.180001],[27.90315,43.179836],[27.903269,43.179743],[27.903715,43.179418],[27.906242,43.177803],[27.906725,43.177494],[27.906739,43.177485],[27.906765,43.177469],[27.906857,43.17741],[27.906908,43.177375],[27.90704,43.177284],[27.908373,43.176453],[27.908471,43.17638],[27.908953,43.176026],[27.90948,43.175655],[27.909514,43.175628],[27.909733,43.17546],[27.910136,43.175154],[27.910367,43.174972],[27.910593,43.174834]]},"properties":{"name":"бул. 1-ви май"}},{"type":"Feature","geometry":{"type":"LineString","coordinates":[[27.900329,43.183502],[27.900254,43.183433],[27.900151,43.183341],[27.899951,43.183132],[27.899869,43.183024],[27.89955,43.182651],[27.899225,43.182271],[27.898944,43.181971],[27.89845,43.181378],[27.898319,43.18122],[27.898294,43.181187],[27.897746,43.180543],[27.897619,43.180479],[27.897594,43.180467],[27.897502,43.180409],[27.897445,43.180394]]},"properties":{"name":"Св. Св. Кирил и Методий"}},{"type":"Feature","geometry":{"type":"LineString","coordinates":[[27.897504,43.180322],[27.897672,43.180428],[27.897686,43.180448],[27.897746,43.180543]]},"properties":{"name":"Св. Св. Кирил и Методий"}},{"type":"Feature","geometry":{"type":"LineString","coordinates":[[27.914673,43.198058],[27.914745,43.198048],[27.915962,43.198006],[27.916754,43.19799],[27.916847,43.197988],[27.916999,43.197984],[27.917622,43.197963],[27.918181,43.197948],[27.918373,43.197939],[27.918546,43.197923],[27.91872,43.197901],[27.918799,43.197891],[27.918948,43.197877],[27.919126,43.19787],[27.919321,43.197884],[27.919501,43.19793],[27.919685,43.197993],[27.919915,43.198128],[27.920137,43.198296],[27.9202,43.198364],[27.920266,43.198437],[27.920287,43.19846],[27.920328,43.198506],[27.920346,43.198527],[27.920565,43.19878],[27.92073,43.198968],[27.920817,43.199072],[27.920938,43.199222],[27.92129,43.199656],[27.921332,43.199756],[27.921365,43.199841],[27.92138,43.19993],[27.92138,43.200006],[27.921353,43.200134],[27.921125,43.200728],[27.921119,43.200738],[27.920843,43.201261],[27.920765,43.201582],[27.920758,43.20177],[27.920774,43.201908],[27.920867,43.202175],[27.921116,43.20256],[27.921314,43.202843],[27.921343,43.202885],[27.921426,43.203],[27.921505,43.203143],[27.921559,43.20323],[27.921795,43.203619],[27.922043,43.203856],[27.922698,43.204381],[27.922891,43.204528],[27.923579,43.205069],[27.92409,43.205453],[27.924579,43.20583],[27.924639,43.205876],[27.925307,43.20643],[27.925313,43.206467],[27.925314,43.206502]]},"properties":{"name":"бул. Приморски"}},{"type":"Feature","geometry":{"type":"LineString","coordinates":[[27.957135,43.218342],[27.957213,43.2184],[27.957246,43.21844],[27.957259,43.218473],[27.957269,43.218517],[27.957259,43.21855],[27.957234,43.218581],[27.957211,43.218605],[27.957163,43.218626],[27.957115,43.218636],[27.957049,43.218637],[27.956949,43.218627],[27.95687,43.218622],[27.956641,43.218596],[27.95649,43.218573],[27.956422,43.218548],[27.956368,43.218496],[27.95634,43.218434],[27.956261,43.218243]]},"properties":{"name":"Обръщач Почивка"}},{"type":"Feature","geometry":{"type":"LineString","coordinates":[[27.933016,43.137935],[27.932943,43.137439],[27.932798,43.136921],[27.932559,43.13634],[27.931885,43.13498],[27.931802,43.134824],[27.931228,43.133584],[27.930778,43.132581],[27.930497,43.132024],[27.930442,43.131908],[27.930396,43.13181],[27.930365,43.131736],[27.930142,43.131284],[27.929847,43.130601],[27.929551,43.129971],[27.929258,43.129349],[27.928972,43.128737],[27.928757,43.128278],[27.928651,43.128064],[27.928461,43.127725],[27.928275,43.127427],[27.928051,43.12722],[27.927934,43.127132],[27.927816,43.127044],[27.927667,43.126973],[27.927487,43.12689],[27.927214,43.126774],[27.927015,43.126715],[27.926835,43.126679],[27.92668,43.126654],[27.92652,43.126647],[27.926143,43.126638],[27.925817,43.126665],[27.925607,43.126687],[27.925311,43.126735],[27.92506,43.126819],[27.924805,43.126929],[27.92441,43.12717],[27.923837,43.127692],[27.923248,43.12819],[27.922686,43.128701],[27.922386,43.128953],[27.922271,43.129053],[27.922133,43.129157],[27.922093,43.129183],[27.922062,43.129203]]},"properties":{"name":"1-ва"}},{"type":"Feature","geometry":{"type":"LineString","coordinates":[[27.914673,43.198058],[27.914615,43.198113],[27.914568,43.198171],[27.91455,43.198218],[27.914544,43.198266],[27.914558,43.198333],[27.914563,43.198421]]},"properties":{"name":"Преслав"}},{"type":"Feature","geometry":{"type":"LineString","coordinates":[[27.814592,43.222021],[27.814818,43.221212],[27.814617,43.219458],[27.81462,43.21942],[27.814647,43.219394],[27.814752,43.219389],[27.815099,43.219375],[27.816067,43.219305],[27.81625,43.219289],[27.816902,43.219235],[27.817929,43.219161],[27.8199,43.219038],[27.820318,43.218994],[27.820837,43.219003],[27.821794,43.218908],[27.822208,43.218882]]},"properties":{"name":"Матей Стоянов"}},{"type":"Feature","geometry":{"type":"LineString","coordinates":[[27.8191,43.211963],[27.819329,43.21224],[27.81938,43.21232],[27.819453,43.212433],[27.819496,43.212499],[27.819773,43.212895],[27.819907,43.213133],[27.820354,43.214049],[27.820382,43.214107],[27.82047,43.21432],[27.820526,43.214523],[27.820542,43.214726],[27.820537,43.214941],[27.820514,43.215194],[27.820459,43.215619],[27.820427,43.215872],[27.820416,43.216073],[27.820438,43.216253],[27.82054,43.216707],[27.820569,43.216819],[27.820599,43.216935],[27.820671,43.217213],[27.820762,43.217549],[27.820832,43.217697],[27.820904,43.217799],[27.820945,43.217854],[27.821047,43.217975],[27.82121,43.21812],[27.821417,43.218278],[27.821736,43.218523],[27.821923,43.218664],[27.822208,43.218882],[27.822525,43.219099],[27.822813,43.219313],[27.822918,43.21939],[27.822955,43.219417],[27.823229,43.219623],[27.823254,43.219642],[27.823343,43.21972],[27.823403,43.21979],[27.823461,43.219853],[27.823604,43.220059],[27.823639,43.22021],[27.823647,43.220381],[27.823642,43.220612],[27.823626,43.221067],[27.823615,43.221508],[27.823615,43.221742],[27.823616,43.222152],[27.823616,43.222265]]},"properties":{"name":"Д-р Атанас Лилов"}},{"type":"Feature","geometry":{"type":"LineString","coordinates":[[27.81112,43.200978],[27.8118,43.200799],[27.811938,43.200762],[27.812128,43.20071],[27.81271,43.200522],[27.81311,43.200409],[27.813429,43.200318],[27.814089,43.200162],[27.814703,43.200052],[27.815363,43.199974],[27.816071,43.199919],[27.816849,43.199911],[27.817902,43.19997],[27.818971,43.200056]]},"properties":{"name":"2008"}},{"type":"Feature","geometry":{"type":"LineString","coordinates":[[27.818971,43.200056],[27.819017,43.19983],[27.81905,43.199647],[27.819103,43.19937],[27.819147,43.199145],[27.819171,43.199015],[27.819181,43.198946]]},"properties":{"name":"Иван Някшев"}},{"type":"Feature","geometry":{"type":"LineString","coordinates":[[27.823616,43.222265],[27.823616,43.222379],[27.823616,43.22282],[27.823614,43.223318],[27.823611,43.223785],[27.82361,43.224039],[27.823593,43.224806],[27.823593,43.224924],[27.823595,43.22592],[27.823626,43.227267],[27.823637,43.227692],[27.823644,43.229036]]},"properties":{"name":"Акация"}},{"type":"Feature","geometry":{"type":"LineString","coordinates":[[27.890851,43.235908],[27.890933,43.235911]]},"properties":{"name":"Поп Димитър"}},{"type":"Feature","geometry":{"type":"LineString","coordinates":[[27.857951,43.244993],[27.857843,43.245059],[27.85763,43.245188],[27.857263,43.245348],[27.85714,43.245409],[27.856956,43.245491],[27.856794,43.24554],[27.85667,43.245573],[27.856234,43.245626],[27.855839,43.245658]]},"properties":{"name":"бул. Света Елена"}},{"type":"Feature","geometry":{"type":"LineString","coordinates":[[27.857856,43.244919],[27.857744,43.244973],[27.85742,43.24513],[27.857226,43.245226],[27.857098,43.245277],[27.856972,43.245323],[27.856771,43.245396],[27.856069,43.245592],[27.855839,43.245658],[27.855543,43.245691],[27.854823,43.245774],[27.854749,43.245782],[27.854441,43.245817],[27.853428,43.245929],[27.853302,43.245936],[27.852411,43.245976],[27.851852,43.245991],[27.851729,43.245997],[27.85143,43.246012],[27.850716,43.246056],[27.85021,43.246072],[27.849592,43.246096],[27.848954,43.246121],[27.848679,43.246133],[27.848442,43.246141],[27.847989,43.24615],[27.847949,43.246151],[27.847812,43.246156],[27.847527,43.246192],[27.8474,43.246212],[27.84732,43.246219],[27.84666,43.246281],[27.846117,43.246326],[27.845499,43.246308],[27.845398,43.246304],[27.845216,43.246305],[27.844948,43.246283],[27.844533,43.246201],[27.844021,43.246136],[27.843667,43.24612],[27.843438,43.246131],[27.843278,43.246156],[27.843178,43.246172],[27.842862,43.246208],[27.842557,43.246265],[27.84223,43.246364],[27.841779,43.246541],[27.8411,43.246781]]},"properties":{"name":"бул. Света Елена"}},{"type":"Feature","geometry":{"type":"LineString","coordinates":[[27.890558,43.234596],[27.890655,43.234576]]},"properties":{"name":"Блян"}},{"type":"Feature","geometry":{"type":"LineString","coordinates":[[27.890319,43.232865],[27.890302,43.232765],[27.890285,43.232687],[27.890272,43.232629],[27.890185,43.232489]]},"properties":{"name":"Вяра"}},{"type":"Feature","geometry":{"type":"LineString","coordinates":[[27.888843,43.226656],[27.888912,43.226749],[27.88903,43.226927],[27.889109,43.227087],[27.88915,43.227215],[27.889183,43.227311],[27.889185,43.227447]]},"properties":{"name":"Вяра"}},{"type":"Feature","geometry":{"type":"LineString","coordinates":[[27.890213,43.232773],[27.890205,43.232706],[27.890198,43.232638],[27.890185,43.232489],[27.890155,43.232309],[27.890138,43.232175],[27.890037,43.23162],[27.889985,43.231388],[27.889971,43.231322],[27.889879,43.230895],[27.889875,43.230871],[27.889859,43.230781],[27.88975,43.230247],[27.88958,43.229415],[27.88955,43.229256],[27.88952,43.229126],[27.889465,43.228857],[27.889388,43.228419],[27.88927,43.227853],[27.88926,43.227809],[27.889249,43.227752],[27.889212,43.22758],[27.889185,43.227447],[27.889082,43.227307],[27.889023,43.227206],[27.888907,43.226973],[27.888873,43.226915],[27.888807,43.226809],[27.888795,43.22679],[27.888735,43.226705]]},"properties":{"name":"Вяра"}},{"type":"Feature","geometry":{"type":"LineString","coordinates":[[27.86997,43.222677],[27.869677,43.222775],[27.869429,43.222858],[27.869141,43.222971],[27.868953,43.22305],[27.868846,43.223094],[27.868574,43.22324],[27.868311,43.223375],[27.868052,43.223529],[27.867513,43.223843],[27.867316,43.223964],[27.867248,43.224006],[27.866957,43.224189],[27.866876,43.224237],[27.866363,43.224553],[27.866034,43.224754],[27.865607,43.225014],[27.865075,43.225336],[27.863882,43.226037],[27.862932,43.226566],[27.861847,43.22715],[27.861262,43.227449],[27.860766,43.227699],[27.860199,43.227977],[27.858231,43.228894],[27.857878,43.229057]]},"properties":{"name":"Автомагистрала Хемус"}},{"type":"Feature","geometry":{"type":"LineString","coordinates":[[27.839033,43.237653],[27.840305,43.237055],[27.841165,43.236675],[27.842949,43.235865],[27.850822,43.232294],[27.851383,43.232031],[27.852975,43.2313],[27.853344,43.231123]]},"properties":{"name":"Автомагистрала Хемус"}},{"type":"Feature","geometry":{"type":"LineString","coordinates":[[27.870005,43.222803],[27.86969,43.222896],[27.869312,43.223039],[27.868881,43.22322],[27.868643,43.223335],[27.868393,43.223471],[27.868128,43.223623],[27.867672,43.223902],[27.867475,43.224025],[27.867065,43.224277],[27.866472,43.224652],[27.866329,43.224737],[27.865729,43.225092],[27.865407,43.22529],[27.865181,43.225428],[27.863984,43.226115],[27.863155,43.226595],[27.861447,43.227502],[27.860925,43.227761],[27.860813,43.227818],[27.86028,43.228083],[27.85929,43.228567],[27.858604,43.228889],[27.858215,43.229057],[27.856299,43.229923],[27.850647,43.232471],[27.844033,43.23549],[27.841224,43.236794],[27.840903,43.236942],[27.839678,43.237493]]},"properties":{"name":"Автомагистрала Хемус"}},{"type":"Feature","geometry":{"type":"LineString","coordinates":[[27.913566,43.245117],[27.913984,43.245162],[27.914093,43.245168],[27.914307,43.245194],[27.914534,43.245241],[27.914675,43.245276],[27.914804,43.245319],[27.914922,43.24538],[27.915051,43.245462],[27.91507,43.24548],[27.915092,43.245509],[27.915142,43.245575],[27.915232,43.245721],[27.915269,43.245873],[27.915285,43.246016],[27.915259,43.246145]]},"properties":{"name":"Хан Омуртаг"}},{"type":"Feature","geometry":{"type":"LineString","coordinates":[[27.915259,43.246145],[27.91514,43.246239],[27.91503,43.246275],[27.914745,43.246309],[27.914427,43.24636],[27.914085,43.246441],[27.912878,43.246772],[27.911707,43.24711],[27.910084,43.247536],[27.909339,43.247765],[27.909074,43.248039],[27.908766,43.248358],[27.908608,43.248418],[27.908452,43.248472],[27.908221,43.248533],[27.907305,43.248679],[27.906457,43.248794],[27.905951,43.248878],[27.905824,43.248921],[27.905736,43.24901],[27.905426,43.249681],[27.905237,43.250115]]},"properties":{"name":"Цар Симеон I"}},{"type":"Feature","geometry":{"type":"LineString","coordinates":[[27.904947,43.250542],[27.904653,43.250464],[27.904537,43.250434],[27.904416,43.250399],[27.90402,43.250289],[27.902319,43.249818],[27.900448,43.2493],[27.900179,43.249261],[27.900117,43.249267],[27.899615,43.249317],[27.899454,43.249333],[27.899258,43.249353],[27.898587,43.249428],[27.89772,43.249525],[27.896184,43.249701],[27.895381,43.249798],[27.895118,43.249833],[27.894725,43.249875],[27.894525,43.2499],[27.893753,43.249981],[27.893594,43.250008],[27.893445,43.25004],[27.893212,43.250111],[27.892894,43.250235],[27.892701,43.250292],[27.892548,43.250326],[27.8924,43.250331],[27.892261,43.250312],[27.89213,43.250275],[27.891696,43.250168]]},"properties":{"name":"VAR2033"}},{"type":"Feature","geometry":{"type":"LineString","coordinates":[[27.891696,43.250168],[27.891739,43.250106],[27.891942,43.249861],[27.891969,43.249826],[27.892265,43.249448],[27.892362,43.249304],[27.89245,43.249127],[27.892541,43.248881],[27.892607,43.248589],[27.892674,43.248188],[27.892738,43.247823],[27.892796,43.247576],[27.892872,43.247389],[27.89296,43.247224],[27.893352,43.246604],[27.894223,43.245367],[27.89506,43.244273],[27.895521,43.24375],[27.895948,43.243336],[27.896216,43.243095],[27.896624,43.242742],[27.896991,43.242541],[27.897181,43.24246],[27.897275,43.242433],[27.897439,43.242387],[27.897531,43.242366],[27.897576,43.242355],[27.898197,43.242209],[27.898522,43.242122],[27.898708,43.242051],[27.898853,43.241985],[27.899014,43.241882],[27.899135,43.241783],[27.899229,43.241652],[27.899265,43.241601],[27.899364,43.241375],[27.899391,43.241065],[27.899339,43.239707],[27.899344,43.239536],[27.899397,43.23939],[27.899475,43.239247],[27.899634,43.239037],[27.899829,43.238878],[27.900066,43.238762],[27.900358,43.238673],[27.900534,43.238642],[27.900816,43.2386],[27.90108,43.23861],[27.901393,43.238671],[27.901652,43.238771],[27.902423,43.239115],[27.902712,43.239195],[27.90279,43.23921],[27.902872,43.239218],[27.902958,43.239226],[27.903181,43.239226],[27.903452,43.239188],[27.903695,43.239125],[27.903754,43.239103],[27.903936,43.239035],[27.904177,43.238921],[27.904301,43.23881],[27.904401,43.238705],[27.904498,43.23857]]},"properties":{"name":"VAR2028"}},{"type":"Feature","geometry":{"type":"LineString","coordinates":[[27.899742,43.207629],[27.900584,43.207899],[27.901394,43.208182],[27.901462,43.208206],[27.901668,43.208277],[27.902177,43.208449],[27.90279,43.208651],[27.902819,43.208661],[27.903126,43.208762],[27.903294,43.208817],[27.903298,43.208819],[27.903704,43.208955],[27.90416,43.209107],[27.904205,43.209124],[27.904221,43.20913],[27.904316,43.209161],[27.904385,43.209184]]},"properties":{"name":"Дрин"}},{"type":"Feature","geometry":{"type":"LineString","coordinates":[[28.017706,43.277415],[28.017503,43.277327],[28.017353,43.27723],[28.016873,43.276823],[28.016761,43.276737],[28.01664,43.276645],[28.016506,43.276542],[28.016197,43.276354],[28.016179,43.276341],[28.01613,43.276308],[28.016036,43.276267],[28.01578,43.276188],[28.015542,43.276009],[28.015312,43.275747],[28.014937,43.275324],[28.014751,43.275115],[28.014494,43.274923],[28.014046,43.274644],[28.013789,43.27449],[28.013555,43.274331],[28.01337,43.274138],[28.013223,43.273974],[28.013064,43.273841],[28.012858,43.273734],[28.012458,43.273568],[28.012091,43.273382],[28.011629,43.273117],[28.011439,43.272988],[28.011286,43.272841],[28.011203,43.272673],[28.011157,43.27248],[28.011063,43.272273],[28.010978,43.272134],[28.010889,43.271994],[28.010715,43.27184],[28.010422,43.271683],[28.010302,43.271607],[28.010202,43.271484],[28.010208,43.271343],[28.010237,43.271152],[28.010312,43.270834],[28.010361,43.270519],[28.010353,43.270238],[28.01032,43.270005],[28.010288,43.269779],[28.01028,43.269492],[28.010355,43.269199],[28.0105,43.268426],[28.010562,43.268166],[28.010648,43.267975],[28.010784,43.267734],[28.010859,43.26758],[28.010892,43.267432],[28.010865,43.267318],[28.010793,43.267199],[28.010664,43.267068],[28.010294,43.266789],[28.009639,43.266314],[28.009531,43.266236],[28.00911,43.265892],[28.008812,43.265585],[28.008615,43.265387],[28.008384,43.26524],[28.008099,43.265091],[28.00742,43.264747],[28.007153,43.264561],[28.005591,43.263308],[28.004966,43.262882],[28.004338,43.262468],[28.003743,43.262073],[28.003528,43.261946],[28.003233,43.261829],[28.002751,43.26169],[28.002308,43.261534],[28.001964,43.261407],[28.00161,43.261276],[28.000583,43.260856],[27.999974,43.260626],[27.999693,43.260501],[27.999433,43.260337],[27.999202,43.260157],[27.998993,43.259981],[27.998867,43.259811],[27.998773,43.25962],[27.998676,43.259409],[27.998521,43.259188],[27.998287,43.258925],[27.998158,43.258735],[27.998086,43.258553],[27.998046,43.258372],[27.997976,43.257895],[27.997968,43.257647],[27.998,43.257426],[27.99807,43.257184],[27.998357,43.256495],[27.998475,43.256224],[27.998507,43.256151],[27.998558,43.255996],[27.998574,43.255864],[27.998558,43.25575],[27.998504,43.255633],[27.99844,43.255537],[27.998338,43.255455],[27.998191,43.255369],[27.997936,43.255263],[27.99778,43.255164],[27.997673,43.255051],[27.997603,43.254909],[27.997576,43.254776],[27.99759,43.254639],[27.997633,43.254513],[27.997738,43.254363],[27.997914,43.254199],[27.998365,43.253869],[27.999076,43.253353],[27.999316,43.25316],[27.999387,43.253103],[27.999663,43.252836],[27.999964,43.252511],[28.00009,43.252349],[28.000165,43.252179],[28.000189,43.251994],[28.000127,43.251587],[28.000092,43.251371],[28.000092,43.251187],[28.000122,43.251031],[28.000184,43.250914],[28.000464,43.250563],[28.000954,43.249974],[28.000998,43.249931],[28.001041,43.249881],[28.001083,43.249768],[28.001084,43.249706],[28.001055,43.249631],[28.00101,43.249575],[28.000956,43.249544],[28.000767,43.249519],[28.00064,43.249526],[28.00037,43.249597],[28.00002,43.249705],[27.999703,43.249805],[27.999388,43.249876],[27.999129,43.249891],[27.998793,43.249948],[27.998576,43.249983],[27.998423,43.250036],[27.99829,43.250108],[27.998161,43.250178],[27.997724,43.250419],[27.997308,43.250643],[27.99688,43.250875],[27.996493,43.251079],[27.996243,43.251212],[27.9961,43.251351],[27.996007,43.251427],[27.995854,43.251585],[27.995644,43.251735],[27.995459,43.251829],[27.995208,43.251926],[27.994809,43.252009],[27.994264,43.252091],[27.99371,43.252173],[27.993474,43.252188],[27.99318,43.252197],[27.992941,43.252193],[27.992638,43.252154],[27.992301,43.25208],[27.991892,43.251964],[27.991724,43.251918],[27.991456,43.251838],[27.990922,43.251678],[27.99032,43.251498],[27.98985,43.251321],[27.989453,43.251154],[27.989181,43.25103],[27.988929,43.250876],[27.988388,43.250449],[27.987747,43.249905]]},"properties":{"name":"Абай"}},{"type":"Feature","geometry":{"type":"LineString","coordinates":[[27.987747,43.249905],[27.987601,43.24978],[27.987374,43.249589],[27.987319,43.249548],[27.98716,43.249428],[27.98698,43.249333],[27.986922,43.249307],[27.986634,43.249181],[27.985825,43.248947],[27.985727,43.248912],[27.985143,43.248702],[27.984774,43.24853],[27.984654,43.248475],[27.984618,43.248457],[27.984384,43.248344],[27.984188,43.248223],[27.983856,43.248017],[27.983719,43.247946],[27.983545,43.247856],[27.983303,43.247715],[27.982486,43.24693],[27.982252,43.246653],[27.98204,43.246384],[27.981768,43.246067],[27.981586,43.245846],[27.981364,43.245609],[27.981191,43.24543],[27.980969,43.245224],[27.980667,43.244949],[27.98056,43.244862],[27.980416,43.244757],[27.980386,43.244735],[27.980291,43.244666],[27.980246,43.244618],[27.980229,43.2446],[27.979702,43.244045],[27.979146,43.243494],[27.978368,43.242858],[27.978149,43.242663],[27.977815,43.242346],[27.977627,43.242154],[27.977582,43.242108],[27.977515,43.242048],[27.977338,43.241881],[27.9772,43.241751],[27.976327,43.240938],[27.976065,43.240694],[27.975811,43.240484],[27.975636,43.240379],[27.975383,43.240271],[27.975138,43.240175],[27.974887,43.240099],[27.974696,43.240041],[27.974414,43.239982],[27.974222,43.239929],[27.974004,43.239879],[27.973785,43.239815],[27.973604,43.239745],[27.973444,43.239678],[27.973242,43.239561],[27.973176,43.239523],[27.973096,43.239477],[27.972735,43.239287],[27.972624,43.239228],[27.972222,43.239021],[27.971889,43.238855],[27.971546,43.238701],[27.971402,43.238639],[27.970777,43.238373],[27.970427,43.238243],[27.970112,43.238125],[27.97006,43.238106],[27.969617,43.23793],[27.969224,43.237755],[27.968902,43.237556],[27.968643,43.237327],[27.968453,43.237049],[27.968392,43.236947],[27.968344,43.236755],[27.968329,43.236529],[27.96828,43.235626],[27.968267,43.235474],[27.968265,43.235447],[27.968261,43.235285],[27.968254,43.235203],[27.968208,43.234723],[27.968187,43.23442],[27.968178,43.234261],[27.968168,43.234089],[27.96813,43.233725],[27.968111,43.233532],[27.968093,43.233363],[27.967995,43.232523],[27.967964,43.23229],[27.96789,43.231732],[27.967879,43.231652],[27.967821,43.231141],[27.96778,43.23078],[27.967757,43.230572],[27.967725,43.230274],[27.967707,43.230139],[27.96766,43.230022],[27.967601,43.229918],[27.967515,43.229824],[27.967333,43.229679],[27.967121,43.22958],[27.966937,43.229514],[27.966764,43.22947],[27.966678,43.22944],[27.966578,43.229432],[27.966483,43.229432],[27.966438,43.229437],[27.966336,43.22945]]},"properties":{"name":"Цар Борис III"}},{"type":"Feature","geometry":{"type":"LineString","coordinates":[[27.966764,43.22947],[27.966684,43.22948],[27.966618,43.229491],[27.966497,43.229501],[27.966462,43.229505],[27.966366,43.22952]]},"properties":{"name":"Цар Борис III"}},{"type":"Feature","geometry":{"type":"LineString","coordinates":[[27.959898,43.225554],[27.959885,43.225467]]},"properties":{"name":"Арх. Жечко Чолаков"}},{"type":"Feature","geometry":{"type":"LineString","coordinates":[[27.95945,43.252331],[27.958691,43.249685],[27.958655,43.249563],[27.958635,43.249463],[27.958582,43.249211],[27.958447,43.248787],[27.958139,43.247821],[27.95718,43.244615],[27.957078,43.24408],[27.957056,43.24376],[27.957078,43.243563],[27.957089,43.243472],[27.957113,43.243317],[27.957119,43.243282],[27.957129,43.243216],[27.957151,43.243074],[27.957289,43.242662],[27.95745,43.242357],[27.9581,43.241283],[27.958466,43.24066],[27.958663,43.240315],[27.959034,43.239623],[27.95923,43.239285],[27.959305,43.239156],[27.959337,43.239093],[27.959427,43.238918],[27.959545,43.238687],[27.959583,43.238613],[27.959596,43.238575]]},"properties":{"name":"902"}},{"type":"Feature","geometry":{"type":"LineString","coordinates":[[27.961255,43.226213],[27.961207,43.226284]]},"properties":{"name":"Арх. Георги Костов"}},{"type":"Feature","geometry":{"type":"LineString","coordinates":[[27.966039,43.228749],[27.965971,43.228757],[27.965863,43.22878]]},"properties":{"name":"Николай Хайтов"}},{"type":"Feature","geometry":{"type":"LineString","coordinates":[[27.980291,43.244666],[27.980351,43.244624],[27.980377,43.244607],[27.981307,43.243967],[27.982349,43.243218],[27.982606,43.243033],[27.983191,43.242616],[27.984363,43.241747],[27.984768,43.241436],[27.985016,43.241246],[27.985359,43.240918],[27.985393,43.240887],[27.985523,43.240769]]},"properties":{"name":"Св.Св. Константин и Елена"}},{"type":"Feature","geometry":{"type":"LineString","coordinates":[[27.985523,43.240769],[27.985551,43.240743],[27.985652,43.240664],[27.98567,43.24065],[27.985987,43.240413],[27.986349,43.24021],[27.986943,43.239976],[27.987011,43.239949],[27.987349,43.23981],[27.987655,43.239654],[27.987675,43.239641],[27.987768,43.239581],[27.988048,43.239404],[27.988615,43.23904],[27.989208,43.238679],[27.989374,43.238577],[27.989744,43.238362],[27.989866,43.238262],[27.990002,43.238151],[27.990024,43.23813],[27.990061,43.238095],[27.99015,43.237998],[27.990183,43.237964],[27.990372,43.237713],[27.990493,43.237498],[27.990676,43.237069],[27.990788,43.236779],[27.990946,43.236449],[27.99115,43.236146],[27.991391,43.235888],[27.991567,43.235734],[27.991626,43.235688],[27.99168,43.235646],[27.991895,43.235498],[27.992148,43.235318],[27.993022,43.23472],[27.993398,43.234473],[27.993585,43.23438],[27.993729,43.234316],[27.99397,43.234235],[27.994143,43.234187],[27.994297,43.234152],[27.994417,43.23413],[27.994566,43.234113],[27.994763,43.234098],[27.994894,43.234088],[27.995018,43.234077],[27.995138,43.234063],[27.99538,43.234039],[27.995766,43.234003],[27.996007,43.233955],[27.996423,43.233842],[27.996769,43.233744],[27.997067,43.233645],[27.997413,43.233504],[27.99878,43.232988],[27.99933,43.232805],[27.999566,43.232755],[27.999786,43.232742],[27.99984,43.232739],[28.000147,43.232748],[28.000435,43.23278],[28.000722,43.232854],[28.001218,43.233046],[28.001484,43.233141],[28.001817,43.233217],[28.001964,43.233217],[28.002209,43.233203],[28.002444,43.233167],[28.002801,43.233055],[28.003519,43.232766]]},"properties":{"name":"Васил Стоилов"}},{"type":"Feature","geometry":{"type":"LineString","coordinates":[[28.003519,43.232766],[28.004408,43.232416]]},"properties":{"name":"30-та"}},{"type":"Feature","geometry":{"type":"LineString","coordinates":[[28.004408,43.232416],[28.004521,43.232369],[28.005002,43.232167],[28.005419,43.23198],[28.005979,43.231755],[28.00606,43.231723],[28.006099,43.231709],[28.00619,43.231676],[28.006317,43.231627],[28.006448,43.231578],[28.006526,43.231527],[28.006584,43.231482],[28.006636,43.231426],[28.0067,43.231348]]},"properties":{"name":"VAR1083"}},{"type":"Feature","geometry":{"type":"LineString","coordinates":[[27.882105,43.18473],[27.88219,43.184597],[27.882213,43.184538],[27.882232,43.184468],[27.882245,43.184367],[27.882266,43.18416]]},"properties":{"name":"Перекоп"}},{"type":"Feature","geometry":{"type":"LineString","coordinates":[[27.875242,43.187897],[27.874814,43.187922],[27.874204,43.187956],[27.873299,43.188017],[27.871978,43.188141],[27.871724,43.18815],[27.871523,43.188144],[27.871295,43.188127],[27.87104,43.18808],[27.870553,43.187966]]},"properties":{"name":"9004"}},{"type":"Feature","geometry":{"type":"LineString","coordinates":[[27.879391,43.18484],[27.879021,43.184769],[27.878784,43.184743],[27.878571,43.184749],[27.87834,43.184779],[27.878146,43.18482],[27.877908,43.184874],[27.877581,43.185021],[27.877263,43.185221],[27.877041,43.185409],[27.876941,43.18555],[27.876861,43.185711],[27.876831,43.185884],[27.876805,43.186296],[27.876721,43.186494],[27.876597,43.186628],[27.876435,43.186769],[27.876219,43.186876],[27.876014,43.186948],[27.875451,43.187128],[27.875045,43.187226],[27.874593,43.187347],[27.873924,43.187528],[27.873742,43.187574],[27.87314,43.187728],[27.872247,43.187955],[27.872139,43.187972],[27.871984,43.188005],[27.871724,43.188037],[27.871596,43.188043],[27.871405,43.188047],[27.871223,43.188039],[27.870725,43.187986],[27.870553,43.187966],[27.870007,43.187831],[27.869618,43.187737],[27.86904,43.187582],[27.868377,43.187404],[27.868163,43.187322],[27.867853,43.187204],[27.866877,43.186735],[27.864905,43.185787],[27.864565,43.185557],[27.863468,43.184817],[27.863158,43.184697],[27.86295,43.184643],[27.853874,43.184364],[27.853478,43.184383],[27.853203,43.184431],[27.852952,43.184506],[27.851789,43.184982],[27.851464,43.185069],[27.851201,43.185101],[27.850923,43.18509],[27.850751,43.185064],[27.850566,43.185028],[27.850226,43.184945],[27.848605,43.184451],[27.848501,43.18442],[27.848287,43.184358],[27.848231,43.184342],[27.848115,43.184311],[27.847924,43.184258],[27.847705,43.184215],[27.847583,43.184207],[27.847444,43.18421],[27.846522,43.184277],[27.846198,43.184304],[27.845634,43.184351],[27.845253,43.184363],[27.845085,43.184355],[27.844877,43.18432],[27.844657,43.184285],[27.84341,43.184042],[27.843084,43.183975],[27.842761,43.183938],[27.842523,43.18394],[27.842323,43.18397],[27.842161,43.184008],[27.841546,43.184161],[27.8401,43.184521],[27.839852,43.184573],[27.83973,43.184596],[27.839323,43.184657],[27.838884,43.184711],[27.838086,43.184809],[27.837446,43.184877],[27.836672,43.18496],[27.836573,43.18497],[27.836181,43.184978],[27.834025,43.184782],[27.828488,43.184278],[27.828084,43.184219],[27.823474,43.183033],[27.821548,43.182537],[27.821386,43.182517],[27.82126,43.182502],[27.820977,43.1825],[27.820606,43.182534],[27.819514,43.182635],[27.819332,43.182637],[27.81915,43.182595],[27.818858,43.182484],[27.817783,43.181642],[27.817485,43.18148],[27.817121,43.18134],[27.81698,43.181304],[27.814342,43.180615],[27.813968,43.180517],[27.813622,43.180449],[27.813239,43.180405],[27.812399,43.180408],[27.812289,43.180409],[27.810958,43.180414],[27.810621,43.180437],[27.810273,43.180507],[27.809898,43.180625],[27.808128,43.181375],[27.807417,43.181676],[27.807002,43.181852],[27.806691,43.181939],[27.806412,43.181983],[27.806297,43.181991],[27.806115,43.182003],[27.806061,43.182007],[27.805905,43.182018],[27.805611,43.182032],[27.804843,43.182073],[27.804322,43.182096],[27.803043,43.182259],[27.802212,43.182386],[27.799765,43.182958],[27.799448,43.183027],[27.799181,43.183066],[27.798911,43.183082],[27.798628,43.183067],[27.798346,43.183028],[27.798048,43.182946],[27.796267,43.182389],[27.796241,43.18238],[27.795614,43.182235],[27.79544,43.182206],[27.795046,43.182141],[27.794744,43.182092],[27.794277,43.181958],[27.794219,43.181941],[27.793931,43.181822],[27.793655,43.181657],[27.793374,43.181441],[27.792118,43.180307],[27.791996,43.180168],[27.7919,43.180031],[27.791798,43.179855],[27.791734,43.179695],[27.791611,43.179212],[27.790578,43.17517],[27.79055,43.175061],[27.790525,43.174961],[27.790443,43.174813],[27.790334,43.174681],[27.790206,43.174583],[27.790059,43.174516],[27.789122,43.174198],[27.788894,43.174105],[27.788696,43.173982],[27.788544,43.173831],[27.788439,43.173676],[27.788381,43.173512],[27.788373,43.17339],[27.788376,43.173286],[27.788461,43.172426],[27.78848,43.172119],[27.788475,43.172069],[27.78847,43.172017],[27.788452,43.171891],[27.788426,43.171795],[27.788377,43.171699],[27.788177,43.171391],[27.788055,43.171182],[27.78803,43.171078],[27.788032,43.170976],[27.788233,43.17009],[27.788232,43.169906],[27.788209,43.169762],[27.788134,43.169546],[27.788076,43.169407],[27.787838,43.16891],[27.787722,43.168749],[27.78739,43.168449],[27.787243,43.168344],[27.786838,43.168127],[27.786658,43.168043],[27.786461,43.167981],[27.786194,43.167915],[27.785924,43.167876],[27.782721,43.167708],[27.782703,43.167706],[27.782357,43.167668],[27.781299,43.167534],[27.779167,43.167145],[27.778925,43.167126],[27.778748,43.167132],[27.778532,43.167181],[27.77832,43.167264],[27.778085,43.167412],[27.777919,43.167564],[27.776838,43.168617],[27.776648,43.168797],[27.776506,43.168896],[27.776348,43.168971],[27.776118,43.169026]]},"properties":{"name":"9004"}},{"type":"Feature","geometry":{"type":"LineString","coordinates":[[27.834037,43.152727],[27.834752,43.15294],[27.837919,43.153887],[27.837973,43.153903],[27.838522,43.154075],[27.8399,43.154507],[27.840724,43.154772],[27.840778,43.15479],[27.840861,43.154816],[27.84158,43.155029],[27.841997,43.155272],[27.842236,43.155446],[27.842495,43.15578],[27.843208,43.15692]]},"properties":{"name":"Касиопея"}},{"type":"Feature","geometry":{"type":"LineString","coordinates":[[27.864038,43.212656],[27.863996,43.212698],[27.863946,43.212727],[27.863885,43.21275],[27.863817,43.212762],[27.86377,43.212772],[27.863761,43.212823],[27.863749,43.212872],[27.863753,43.212912],[27.86373,43.212979],[27.863649,43.21305],[27.863453,43.213179],[27.863249,43.213318],[27.863182,43.213382],[27.863147,43.213456],[27.863142,43.213527],[27.863169,43.213611],[27.863263,43.213701],[27.863389,43.213765],[27.863644,43.213873],[27.863991,43.21398],[27.864254,43.214061],[27.864973,43.214301],[27.865299,43.214409],[27.86594,43.214623],[27.866177,43.214703],[27.866572,43.214833],[27.866856,43.214927],[27.867141,43.215021],[27.867464,43.215174],[27.867615,43.215248],[27.867742,43.215317],[27.868156,43.215589],[27.868232,43.215634],[27.868298,43.215675],[27.868562,43.215825],[27.868726,43.215954],[27.869157,43.216224],[27.869528,43.216448],[27.869879,43.216628],[27.870032,43.216689],[27.870112,43.216719],[27.870205,43.216751],[27.870377,43.216804],[27.870483,43.216834],[27.870584,43.216861],[27.870924,43.216945],[27.871357,43.217021],[27.872815,43.217342],[27.873557,43.217523],[27.873863,43.217586],[27.873992,43.21763],[27.874061,43.217669],[27.874112,43.217707],[27.874191,43.217784],[27.874224,43.217963],[27.874224,43.218087],[27.874238,43.21832],[27.874243,43.218396],[27.874286,43.219121],[27.874294,43.219174],[27.87433,43.219418]]},"properties":{"name":"Уста Кольо Фичето"}},{"type":"Feature","geometry":{"type":"LineString","coordinates":[[27.885941,43.210612],[27.88565,43.210646],[27.885632,43.210648],[27.885232,43.210693],[27.884927,43.210723],[27.884522,43.210776],[27.884125,43.210888],[27.883793,43.211006],[27.883411,43.211144],[27.882694,43.211421],[27.882331,43.211545],[27.882239,43.211576],[27.88213,43.211613],[27.881282,43.212192],[27.880217,43.212824],[27.880145,43.212817]]},"properties":{"name":"Райко Даскалов"}},{"type":"Feature","geometry":{"type":"LineString","coordinates":[[27.886706,43.210383],[27.88681,43.210476],[27.886861,43.210509],[27.886916,43.210533],[27.887031,43.210574]]},"properties":{"name":"Тодор Влайков"}},{"type":"Feature","geometry":{"type":"LineString","coordinates":[[27.88792,43.209631],[27.88785,43.209656],[27.887784,43.209705],[27.887735,43.209766],[27.887703,43.209824],[27.887695,43.209971],[27.887716,43.210114],[27.887732,43.21024],[27.88773,43.210299],[27.887716,43.210377],[27.887666,43.210443],[27.887596,43.210502],[27.887536,43.210533],[27.887468,43.21056],[27.887358,43.210582],[27.88725,43.210594],[27.88713,43.210586],[27.887031,43.210574],[27.88695,43.210595],[27.886893,43.210616],[27.886849,43.210638],[27.88677,43.210684]]},"properties":{"name":"Тодор Влайков"}},{"type":"Feature","geometry":{"type":"LineString","coordinates":[[27.901051,43.206229],[27.900873,43.206297],[27.900822,43.206317],[27.900716,43.206357],[27.900219,43.206528],[27.90011,43.206566],[27.899236,43.206776],[27.898813,43.206832],[27.897574,43.206976],[27.897313,43.207005],[27.897131,43.207029],[27.896572,43.207102],[27.896513,43.207111],[27.895879,43.20721],[27.895745,43.207233],[27.895721,43.207237],[27.895677,43.207245],[27.895591,43.207261],[27.895502,43.207279],[27.895454,43.207288],[27.895244,43.20733],[27.894248,43.207526],[27.893346,43.20769],[27.893192,43.207719],[27.892857,43.207782],[27.892664,43.207821],[27.892235,43.207906],[27.891817,43.207979],[27.89163,43.20801],[27.890711,43.208224]]},"properties":{"name":"Тодор Влайков"}},{"type":"Feature","geometry":{"type":"LineString","coordinates":[[27.890711,43.208224],[27.890379,43.208321],[27.889949,43.208555],[27.889336,43.208936],[27.888795,43.209285],[27.888497,43.209484],[27.888411,43.209528],[27.888323,43.209556],[27.888208,43.209577],[27.88792,43.209631]]},"properties":{"name":"Панайот Хитов"}},{"type":"Feature","geometry":{"type":"LineString","coordinates":[[27.851143,43.252743],[27.850999,43.252835],[27.850944,43.25287],[27.850701,43.253012],[27.850261,43.253232],[27.849929,43.253399],[27.849586,43.253557],[27.848805,43.253847],[27.848268,43.253962],[27.847843,43.254021],[27.846834,43.254069],[27.846551,43.254057],[27.846193,43.254042],[27.845645,43.253948],[27.845229,43.253859],[27.84501,43.25381],[27.844785,43.253745],[27.844574,43.25367],[27.844422,43.253618],[27.844248,43.253561],[27.843951,43.253447],[27.843681,43.253329],[27.843493,43.253231],[27.843314,43.253133],[27.843079,43.252989],[27.842713,43.252737],[27.842555,43.252622],[27.84215,43.252249],[27.841906,43.252009],[27.841692,43.251753],[27.841477,43.251412],[27.841448,43.251366],[27.841102,43.250312],[27.841059,43.250144],[27.841015,43.249972],[27.840953,43.249726],[27.840945,43.249696],[27.840895,43.249433],[27.840871,43.249294],[27.840841,43.249122],[27.84082,43.249001],[27.840805,43.248923],[27.840786,43.248772],[27.840756,43.248512],[27.840724,43.248278],[27.840679,43.247872],[27.840674,43.247831],[27.840669,43.247658],[27.840709,43.246926],[27.840711,43.246786],[27.840718,43.246634],[27.840732,43.246208],[27.84075,43.245874],[27.840762,43.245645],[27.840779,43.24549],[27.84079,43.245414],[27.840809,43.245302],[27.840851,43.24516],[27.840885,43.245036],[27.840919,43.244918],[27.8412,43.24407],[27.841367,43.243638],[27.841377,43.243615],[27.841509,43.243355],[27.841603,43.243199],[27.841673,43.243087],[27.841739,43.242991],[27.841769,43.242945],[27.841873,43.242802],[27.842036,43.242583],[27.84211,43.242497],[27.842198,43.242392],[27.842363,43.242199],[27.842489,43.24209],[27.842574,43.242016],[27.842918,43.241701],[27.843146,43.241522],[27.843397,43.241362],[27.843518,43.241278],[27.844197,43.2409],[27.844448,43.240771],[27.844699,43.240662],[27.844854,43.240601],[27.844979,43.240549],[27.845174,43.240474],[27.845276,43.240432],[27.84532,43.240416],[27.845873,43.240223],[27.846545,43.239967],[27.846637,43.239937],[27.846842,43.239864],[27.847182,43.239756],[27.847556,43.239644],[27.847944,43.239552],[27.848212,43.239497],[27.848575,43.239459],[27.849154,43.239425],[27.849576,43.239411],[27.850127,43.239382]]},"properties":{"name":"Янко Мустаков"}},{"type":"Feature","geometry":{"type":"LineString","coordinates":[[27.876654,43.234421],[27.87661,43.234345],[27.8766,43.234284],[27.876583,43.234184],[27.876546,43.234021],[27.876508,43.233857],[27.876414,43.23345],[27.876318,43.233034],[27.87622,43.232597],[27.87617,43.23239],[27.876117,43.232163],[27.876102,43.232096],[27.876047,43.231856],[27.876052,43.231713],[27.876058,43.231578],[27.876094,43.231333],[27.876127,43.23111],[27.876159,43.230829],[27.876181,43.230533],[27.876096,43.230166],[27.876076,43.230052],[27.876071,43.229975],[27.87603,43.229811],[27.875836,43.228932],[27.875701,43.228368],[27.875686,43.228299]]},"properties":{"name":"Иван Панайотов Церов"}},{"type":"Feature","geometry":{"type":"LineString","coordinates":[[28.017436,43.244842],[28.017654,43.244969],[28.017847,43.245116],[28.018017,43.245308],[28.018172,43.245574],[28.018192,43.245607],[28.0183,43.245742],[28.018435,43.245888],[28.018533,43.245959],[28.018626,43.246012],[28.018803,43.24607],[28.019207,43.246162],[28.019267,43.246173],[28.019603,43.246234],[28.01997,43.246287],[28.020233,43.246312],[28.020471,43.246307],[28.020755,43.24626],[28.021282,43.24616],[28.021569,43.246135],[28.021895,43.246135],[28.023106,43.246152],[28.023786,43.246172],[28.024142,43.246198],[28.024462,43.246239],[28.024811,43.246309],[28.02513,43.246387],[28.025355,43.246471],[28.025552,43.246566],[28.02575,43.246699],[28.025965,43.246883],[28.026914,43.247743],[28.027322,43.24809],[28.027555,43.248335],[28.027613,43.248407],[28.027697,43.248514],[28.027797,43.248729],[28.027848,43.248942],[28.027862,43.249181],[28.027856,43.249414],[28.027829,43.249648],[28.027732,43.250032],[28.027561,43.250395],[28.027552,43.250428],[28.027437,43.250721],[28.027388,43.250878],[28.027382,43.250964],[28.027401,43.251116],[28.027461,43.251263],[28.027566,43.251442],[28.027651,43.251581],[28.027802,43.251851],[28.027928,43.252232],[28.028006,43.252485],[28.028052,43.252635],[28.028178,43.252966],[28.028597,43.25403],[28.028732,43.254616],[28.028774,43.254796],[28.028844,43.255097],[28.028918,43.255457],[28.028995,43.255618],[28.029105,43.255788],[28.029233,43.255918],[28.029299,43.255972],[28.029376,43.256033],[28.029626,43.256256],[28.029917,43.256545],[28.030063,43.256733],[28.030151,43.256871],[28.030224,43.256997],[28.030278,43.257126],[28.030334,43.257314],[28.030354,43.257416],[28.030357,43.257528],[28.030345,43.257839],[28.030311,43.258241],[28.030312,43.258407],[28.030349,43.25854],[28.030394,43.258642],[28.030487,43.258796],[28.030577,43.258956],[28.030785,43.259338],[28.031277,43.260056],[28.031472,43.260262],[28.0316,43.260382],[28.031866,43.260619],[28.032124,43.260832],[28.032276,43.260969],[28.032399,43.261074],[28.032522,43.261178],[28.032549,43.261202],[28.032595,43.261249],[28.032645,43.261301]]},"properties":{"name":"Боян Бъчваров"}},{"type":"Feature","geometry":{"type":"LineString","coordinates":[[28.032645,43.261301],[28.032596,43.261337],[28.032553,43.261369],[28.032477,43.261402],[28.032399,43.261404],[28.032215,43.261345],[28.031947,43.26126],[28.031786,43.261235],[28.031528,43.26125],[28.031315,43.261315],[28.031106,43.26144],[28.030893,43.261667],[28.030694,43.261919],[28.030663,43.261957],[28.030612,43.262005],[28.030464,43.262145],[28.029782,43.262604],[28.029602,43.262725],[28.029517,43.262794],[28.029435,43.262849],[28.029286,43.262921],[28.029165,43.262962],[28.02913,43.262973],[28.028921,43.263011],[28.02854,43.263064],[28.028331,43.263073],[28.028204,43.263079]]},"properties":{"name":"Проф. Петър Ников"}},{"type":"Feature","geometry":{"type":"LineString","coordinates":[[28.028204,43.263079],[28.028238,43.262865],[28.028279,43.262598],[28.028233,43.262153],[28.028147,43.261884],[28.028099,43.261794],[28.027964,43.261587],[28.027926,43.261538],[28.027829,43.261418],[28.027511,43.2611],[28.027182,43.260736],[28.026865,43.260446],[28.026779,43.26039],[28.026632,43.260319],[28.026426,43.260226],[28.026376,43.260203],[28.026204,43.260126],[28.025702,43.259956],[28.025213,43.259797],[28.024007,43.259353],[28.023831,43.259293],[28.022382,43.258764],[28.021836,43.25858],[28.020801,43.258216],[28.02069,43.258177],[28.0203,43.258085],[28.020059,43.258029],[28.019988,43.258015],[28.019726,43.257965]]},"properties":{"name":"Петър Попов"}},{"type":"Feature","geometry":{"type":"LineString","coordinates":[[28.019726,43.257965],[28.019658,43.257954],[28.019522,43.257933],[28.018011,43.257689],[28.01719,43.257543],[28.01664,43.257446],[28.015815,43.257322],[28.015521,43.257264],[28.015429,43.257245],[28.015181,43.257169],[28.014986,43.257044],[28.014899,43.256877],[28.014914,43.256691],[28.01498,43.256563]]},"properties":{"name":"Петър Пoпов"}},{"type":"Feature","geometry":{"type":"LineString","coordinates":[[27.875686,43.228299],[27.87567,43.228226]]},"properties":{"name":"Иван Церов"}},{"type":"Feature","geometry":{"type":"LineString","coordinates":[[27.820837,43.219003],[27.8208,43.218069],[27.820757,43.218003]]},"properties":{"name":"Чинар"}},{"type":"Feature","geometry":{"type":"LineString","coordinates":[[27.820757,43.218003],[27.820826,43.217908],[27.820904,43.217799]]},"properties":{"name":"Добри Иванов"}},{"type":"Feature","geometry":{"type":"LineString","coordinates":[[27.871439,43.238562],[27.871317,43.238578],[27.871267,43.238584]]},"properties":{"name":"Петър Алипиев"}},{"type":"Feature","geometry":{"type":"LineString","coordinates":[[27.863546,43.233344],[27.863766,43.233262],[27.863848,43.233225],[27.863902,43.23318],[27.863935,43.233133],[27.863959,43.23307],[27.863963,43.233002],[27.863944,43.232853]]},"properties":{"name":"29"}},{"type":"Feature","geometry":{"type":"LineString","coordinates":[[27.833092,43.239784],[27.833041,43.239888],[27.832998,43.240019],[27.832974,43.240169],[27.832984,43.240337],[27.833018,43.240518],[27.833075,43.240664]]},"properties":{"name":"29"}},{"type":"Feature","geometry":{"type":"LineString","coordinates":[[27.834271,43.239098],[27.834456,43.239083],[27.834699,43.239085],[27.834898,43.239107],[27.83511,43.23915],[27.835321,43.239205],[27.835666,43.239411],[27.835949,43.239667],[27.836084,43.239832],[27.836174,43.23998],[27.836244,43.240142],[27.836262,43.240278],[27.836267,43.240417],[27.83624,43.240545],[27.836164,43.240724],[27.836058,43.240883],[27.83583,43.241089],[27.835408,43.241346]]},"properties":{"name":"29"}},{"type":"Feature","geometry":{"type":"LineString","coordinates":[[27.830075,43.245555],[27.830404,43.245185],[27.830641,43.244927],[27.831173,43.244413],[27.831693,43.243929],[27.83176,43.243864]]},"properties":{"name":"29"}},{"type":"Feature","geometry":{"type":"LineString","coordinates":[[27.83176,43.243864],[27.832114,43.243497],[27.832319,43.243308],[27.832844,43.242843],[27.833181,43.242564],[27.833387,43.242339],[27.833502,43.242174],[27.833546,43.242032],[27.833548,43.241852],[27.833527,43.241692],[27.83347,43.241539],[27.833392,43.241368],[27.833187,43.240959],[27.833075,43.240664],[27.833337,43.240953],[27.833511,43.241126],[27.833688,43.241261],[27.833858,43.241368],[27.834027,43.241438],[27.834214,43.241496],[27.834433,43.241528],[27.834638,43.241528],[27.834827,43.241511],[27.835105,43.241454],[27.835408,43.241346],[27.835144,43.241507],[27.834622,43.241854],[27.834249,43.242069],[27.833821,43.242338],[27.833374,43.242645],[27.833065,43.242865],[27.832214,43.243528],[27.83176,43.243864]]},"properties":{"name":"29"}},{"type":"Feature","geometry":{"type":"LineString","coordinates":[[27.819098,43.212257],[27.819329,43.21224]]},"properties":{"name":"Коми"}},{"type":"Feature","geometry":{"type":"LineString","coordinates":[[27.819098,43.212257],[27.819071,43.212083]]},"properties":{"name":"Александър Димитров"}},{"type":"Feature","geometry":{"type":"LineString","coordinates":[[27.888036,43.219459],[27.887935,43.219353]]},"properties":{"name":"Димитър Полянов"}},{"type":"Feature","geometry":{"type":"LineString","coordinates":[[27.850446,43.251684],[27.850495,43.251739]]},"properties":{"name":"Константин и Фружин"}},{"type":"Feature","geometry":{"type":"LineString","coordinates":[[27.813229,43.263164],[27.814385,43.262227],[27.814433,43.26218],[27.815358,43.261277],[27.815428,43.261208],[27.815539,43.261099],[27.815657,43.260985],[27.815677,43.260964],[27.816199,43.260432],[27.816433,43.260194],[27.816446,43.260182],[27.817296,43.259333],[27.817454,43.259176],[27.817596,43.259033],[27.817604,43.259025],[27.81786,43.258729],[27.81793,43.258653],[27.817973,43.258605],[27.818064,43.258488],[27.818131,43.258339],[27.818216,43.258113],[27.818467,43.257339],[27.818562,43.257073],[27.818588,43.257008],[27.818785,43.256424],[27.819343,43.255711],[27.819521,43.25543],[27.819686,43.255097],[27.820052,43.254212],[27.820084,43.254133],[27.820138,43.254001],[27.820336,43.253479],[27.820496,43.253163],[27.8209,43.252479],[27.820919,43.252449],[27.82136,43.251733],[27.821404,43.251656],[27.821494,43.251498],[27.821593,43.251344],[27.821684,43.251195],[27.822212,43.250328],[27.822419,43.249983],[27.822633,43.249586],[27.822717,43.249486],[27.822829,43.249354],[27.822972,43.249214],[27.823135,43.249074],[27.823996,43.248531],[27.824304,43.248329],[27.824604,43.248128],[27.824857,43.24796],[27.825111,43.247792],[27.826572,43.246838],[27.827061,43.246519],[27.827736,43.246066],[27.827852,43.24599],[27.828284,43.24571],[27.828403,43.245641],[27.828549,43.24557],[27.828662,43.245522],[27.828767,43.245489],[27.828882,43.245462],[27.82899,43.245443],[27.8291,43.24543],[27.829195,43.245422],[27.829294,43.24542],[27.829402,43.245422],[27.82948,43.245427],[27.829554,43.245432],[27.829782,43.245432]]},"properties":{"name":"Георги Петлешев"}}]}